name,cpu,cpu_cores,cpu_threads,cpu_benchmark,ram,ram_gb,storage,storage_gb,nvme,bandwidth,location,country,country_code,price_monthly,currency,price_usd,url
Intel C2350 (Avoton) 1.70GHz 2 cores,Intel C2350 (Avoton) 1.70GHz 2 cores,2,2,898,4 GB DDR3,4,1 x 1 TB (HDD SATA),1000,False,Unmetered @ 250 Mbps,"Amsterdam, NL",Netherlands,NL,13,EUR,16.0,https://valebyte.com/en/servers/intel-c2350-avoton-1-70ghz-2-4gb-1000gb-amsterdam-nl-28bfb5/?utm_source=github&utm_medium=dataset&utm_campaign=dedicated-server-prices
Intel C2350 (Avoton) 1.70GHz 2 cores,Intel C2350 (Avoton) 1.70GHz 2 cores,2,2,898,4 GB DDR3,4,1 x 1 TB (HDD SATA),1000,False,Unmetered @ 250 Mbps,"Paris, FR",France,FR,13,EUR,16.0,https://valebyte.com/en/servers/intel-c2350-avoton-1-70ghz-2-4gb-1000gb-paris-fr-957734/?utm_source=github&utm_medium=dataset&utm_campaign=dedicated-server-prices
Intel C2350 (Avoton) 1.70GHz 2 cores,Intel C2350 (Avoton) 1.70GHz 2 cores,2,2,898,4 GB DDR3,4,1 x 120 GB (SATA SSD),120,False,Unmetered @ 250 Mbps,"Amsterdam, NL",Netherlands,NL,13,EUR,16.0,https://valebyte.com/en/servers/intel-c2350-avoton-1-70ghz-2-4gb-120gb-amsterdam-nl-675888/?utm_source=github&utm_medium=dataset&utm_campaign=dedicated-server-prices
Intel Core i3-530 2.933GHz 2 cores,Intel Core i3-530 2.933GHz 2 cores,2,4,,4 GB DDR3,4,2x 1 TB (HDD SATA),2000,False,Unmetered @ 1 Gbps,"Paris, FR",France,FR,16,EUR,20.0,https://valebyte.com/en/servers/intel-core-i3-530-2933ghz-2-cores-paris-fr/?utm_source=github&utm_medium=dataset&utm_campaign=dedicated-server-prices
Intel Xeon E3-1220 3.1GHz 4 cores,Intel Xeon E3-1220 3.1GHz 4 cores,4,4,,8 GB DDR3,8,2x 1 TB (HDD SATA),2000,False,Unmetered @ 1 Gbps,"Paris, FR",France,FR,18,EUR,23.0,https://valebyte.com/en/servers/intel-xeon-e3-1220-31ghz-4-cores-paris-fr/?utm_source=github&utm_medium=dataset&utm_campaign=dedicated-server-prices
Intel C2350 (Avoton) 1.70GHz 2 cores,Intel C2350 (Avoton) 1.70GHz 2 cores,2,2,898,4 GB DDR3,4,1 x 250 GB (SATA SSD),250,False,Unmetered @ 250 Mbps,"Paris, FR",France,FR,21,EUR,26.0,https://valebyte.com/en/servers/intel-c2350-avoton-1-70ghz-2-4gb-250gb-paris-fr-c2dc24/?utm_source=github&utm_medium=dataset&utm_campaign=dedicated-server-prices
Intel Xeon E3-1220 3.1GHz 4 cores,Intel Xeon E3-1220 3.1GHz 4 cores,4,4,,16 GB DDR3,16,2x 2 TB (HDD SATA),4000,False,Unmetered @ 1 Gbps,"Paris, FR",France,FR,22,EUR,27.0,https://valebyte.com/en/servers/intel-xeon-e3-1220-31ghz-4-cores-paris-fr-1/?utm_source=github&utm_medium=dataset&utm_campaign=dedicated-server-prices
Intel Xeon E3-1220 v2 3.1GHz 4 cores,Intel Xeon E3-1220 v2 3.1GHz 4 cores,4,4,,16 GB DDR3,16,2x 1 TB (HDD SATA),2000,False,Unmetered @ 1 Gbps,"Paris, FR",France,FR,22,EUR,27.0,https://valebyte.com/en/servers/intel-xeon-e3-1220-v2-31ghz-4-cores-paris-fr/?utm_source=github&utm_medium=dataset&utm_campaign=dedicated-server-prices
Atom D525,Atom D525,2,4,,4GB,4,500 GB (HDD),500,False,100Mbps Bandwidth @ 1 Gbps,"Los Angeles, US",United States,US,28,USD,28.0,https://valebyte.com/en/servers/atom-d525-los-angeles-us/?utm_source=github&utm_medium=dataset&utm_campaign=dedicated-server-prices
Intel Xeon L3426 1.86GHz 4 cores,Intel Xeon L3426 1.86GHz 4 cores,4,8,,16 GB DDR3,16,2x 2 TB (HDD SATA),4000,False,Unmetered @ 1 Gbps,"Paris, FR",France,FR,24,EUR,30.0,https://valebyte.com/en/servers/intel-xeon-l3426-186ghz-4-cores-paris-fr/?utm_source=github&utm_medium=dataset&utm_campaign=dedicated-server-prices
Intel C2750 (Avoton) 2.40GHz 8 cores,Intel C2750 (Avoton) 2.40GHz 8 cores,8,8,2401,8 GB DDR3,8,1 x 120 GB (SATA SSD),120,False,Unmetered @ 100 Mbps,"Paris, FR",France,FR,25,EUR,31.0,https://valebyte.com/en/servers/intel-c2750-avoton-2-40ghz-8-8gb-120gb-paris-fr-7eccc2/?utm_source=github&utm_medium=dataset&utm_campaign=dedicated-server-prices
Intel C2750 (Avoton) 2.40GHz 8 cores,Intel C2750 (Avoton) 2.40GHz 8 cores,8,8,2401,8 GB DDR3,8,1 x 1 TB (HDD SATA),1000,False,Unmetered @ 100 Mbps,"Paris, FR",France,FR,25,EUR,31.0,https://valebyte.com/en/servers/intel-c2750-avoton-2-40ghz-8-8gb-1000gb-paris-fr-7606d5/?utm_source=github&utm_medium=dataset&utm_campaign=dedicated-server-prices
Intel Xeon E3-1245 v2 3.4GHz 4 cores,Intel Xeon E3-1245 v2 3.4GHz 4 cores,4,8,,32 GB DDR3,32,2x 480 GB (SSD SATA),960,False,Unmetered @ 1 Gbps,"Lille, FR",France,FR,27,EUR,34.0,https://valebyte.com/en/servers/intel-xeon-e3-1245-v2-34ghz-4-cores-lille-fr/?utm_source=github&utm_medium=dataset&utm_campaign=dedicated-server-prices
TH1520 1.85GHz 4 cores,TH1520 1.85GHz 4 cores,4,4,,16 GB DDR4,16,1 x 128 GB (MMC),128,False,Unmetered @ 100 Mbps,"Paris, FR",France,FR,28,EUR,35.0,https://valebyte.com/en/servers/th1520-1-85ghz-4-16gb-128gb-paris-fr-f4041b/?utm_source=github&utm_medium=dataset&utm_campaign=dedicated-server-prices
Intel C2750 (Avoton) 2.40GHz 8 cores,Intel C2750 (Avoton) 2.40GHz 8 cores,8,8,2401,16 GB DDR3,16,1 x 250 GB (SATA SSD),250,False,Unmetered @ 250 Mbps,"Amsterdam, NL",Netherlands,NL,28,EUR,35.0,https://valebyte.com/en/servers/intel-c2750-avoton-2-40ghz-8-16gb-250gb-amsterdam-nl-afd130/?utm_source=github&utm_medium=dataset&utm_campaign=dedicated-server-prices
Intel C2750 (Avoton) 2.40GHz 8 cores,Intel C2750 (Avoton) 2.40GHz 8 cores,8,8,2401,16 GB DDR3,16,1 x 1 TB (HDD SATA),1000,False,Unmetered @ 250 Mbps,"Amsterdam, NL",Netherlands,NL,28,EUR,35.0,https://valebyte.com/en/servers/intel-c2750-avoton-2-40ghz-8-16gb-1000gb-amsterdam-nl-e3381a/?utm_source=github&utm_medium=dataset&utm_campaign=dedicated-server-prices
Intel Xeon E3-1245 v2 3.4GHz 4 cores,Intel Xeon E3-1245 v2 3.4GHz 4 cores,4,8,,32 GB DDR3,32,3x 2 TB (HDD SATA),6000,False,Unmetered @ 1 Gbps,"Lille, FR",France,FR,29,EUR,36.0,https://valebyte.com/en/servers/intel-xeon-e3-1245-v2-34ghz-4-cores-lille-fr-1/?utm_source=github&utm_medium=dataset&utm_campaign=dedicated-server-prices
Intel Xeon E3-1245 v2 3.4GHz 4 cores,Intel Xeon E3-1245 v2 3.4GHz 4 cores,4,8,,32 GB DDR3,32,2x 480 GB (SSD SATA),960,False,Unmetered @ 1 Gbps,"Montreal, CA",Canada,CA,29,EUR,36.0,https://valebyte.com/en/servers/intel-xeon-e3-1245-v2-34ghz-4-cores-montreal-ca/?utm_source=github&utm_medium=dataset&utm_campaign=dedicated-server-prices
Intel Xeon E3-1230 v3 3.3GHz 4 cores,Intel Xeon E3-1230 v3 3.3GHz 4 cores,4,8,,32 GB DDR3,32,2x 2 TB (HDD SATA),4000,False,Unmetered @ 1 Gbps,"Paris, FR",France,FR,29,EUR,36.0,https://valebyte.com/en/servers/intel-xeon-e3-1230-v3-33ghz-4-cores-paris-fr-1/?utm_source=github&utm_medium=dataset&utm_campaign=dedicated-server-prices
Intel Xeon-E3 1230 v6 3.5GHz 4 cores,Intel Xeon-E3 1230 v6 3.5GHz 4 cores,4,8,,32 GB DDR4 ECC,32,2x 2 TB (SATA SoftRAID),4000,False,Unmetered @ 500 Mbps,"Sydney, AU",Australia,AU,30,EUR,37.0,https://valebyte.com/en/servers/intel-xeon-e3-1230-v6-35ghz-4-cores-sydney-au-1/?utm_source=github&utm_medium=dataset&utm_campaign=dedicated-server-prices
Intel Xeon E3-1245 v2 3.4GHz 4 cores,Intel Xeon E3-1245 v2 3.4GHz 4 cores,4,8,,32 GB DDR3,32,3x 2 TB (HDD SATA),6000,False,Unmetered @ 1 Gbps,"Montreal, CA",Canada,CA,30,EUR,37.0,https://valebyte.com/en/servers/intel-xeon-e3-1245-v2-34ghz-4-cores-montreal-ca-1/?utm_source=github&utm_medium=dataset&utm_campaign=dedicated-server-prices
Intel Xeon-E3 1230 v6 3.5GHz 4 cores,Intel Xeon-E3 1230 v6 3.5GHz 4 cores,4,8,,16 GB DDR4 ECC,16,2x 450 GB (NVME SoftRAID),900,True,Unmetered @ 500 Mbps,"London, GB",London,,30,EUR,37.0,https://valebyte.com/en/servers/intel-xeon-e3-1230-v6-35ghz-4-cores-london-gb/?utm_source=github&utm_medium=dataset&utm_campaign=dedicated-server-prices
Intel Xeon E3-1245 v5 3.5GHz 4 cores,Intel Xeon E3-1245 v5 3.5GHz 4 cores,4,8,,32 GB DDR3,32,3x 256 GB (SSD SATA),768,False,Unmetered @ 1 Gbps,"Paris, FR",France,FR,32,EUR,40.0,https://valebyte.com/en/servers/intel-xeon-e3-1245-v5-35ghz-4-cores-paris-fr/?utm_source=github&utm_medium=dataset&utm_campaign=dedicated-server-prices
Intel Xeon D-1531 2.2GHz 6 cores,Intel Xeon D-1531 2.2GHz 6 cores,6,12,,32 GB DDR4,32,2x 256 GB (SSD SATA),512,False,Unmetered @ 1 Gbps,"Paris, FR",France,FR,32,EUR,40.0,https://valebyte.com/en/servers/intel-xeon-d-1531-22ghz-6-cores-paris-fr/?utm_source=github&utm_medium=dataset&utm_campaign=dedicated-server-prices
Intel Xeon D-1531 2.2GHz 6 cores,Intel Xeon D-1531 2.2GHz 6 cores,6,12,,32 GB DDR4,32,2x 500 GB (SSD SATA),1000,False,Unmetered @ 1 Gbps,"Paris, FR",France,FR,32,EUR,40.0,https://valebyte.com/en/servers/intel-xeon-d-1531-22ghz-6-cores-paris-fr-1/?utm_source=github&utm_medium=dataset&utm_campaign=dedicated-server-prices
Intel Xeon E3-1220 3.1GHz 4 cores,Intel Xeon E3-1220 3.1GHz 4 cores,4,4,,32 GB DDR3,32,2x 4 TB (HDD SATA),8000,False,Unmetered @ 1 Gbps,"Paris, FR",France,FR,32,EUR,40.0,https://valebyte.com/en/servers/intel-xeon-e3-1220-31ghz-4-cores-paris-fr-2/?utm_source=github&utm_medium=dataset&utm_campaign=dedicated-server-prices
Intel Xeon D-1531 2.2GHz 6 cores,Intel Xeon D-1531 2.2GHz 6 cores,6,12,,32 GB DDR4,32,2x 500 GB (SSD SATA),1000,False,Unmetered @ 1 Gbps,"Amsterdam, NL",Netherlands,NL,32,EUR,40.0,https://valebyte.com/en/servers/intel-xeon-d-1531-22ghz-6-cores-amsterdam-nl/?utm_source=github&utm_medium=dataset&utm_campaign=dedicated-server-prices
Intel Xeon E3-1240 v6 3.7GHz 4 cores,Intel Xeon E3-1240 v6 3.7GHz 4 cores,4,8,,32 GB DDR3,32,3x 256 GB (SSD SATA),768,False,Unmetered @ 1 Gbps,"Paris, FR",France,FR,32,EUR,40.0,https://valebyte.com/en/servers/intel-xeon-e3-1240-v6-37ghz-4-cores-paris-fr/?utm_source=github&utm_medium=dataset&utm_campaign=dedicated-server-prices
E3-1230 v2,E3-1230 v2,,8,,16GB,16,1 TB (HDD),1000,False,Unmetered @ 1 Gbps,"Los Angeles, US",United States,US,41,USD,41.0,https://valebyte.com/en/servers/e3-1230-v2-los-angeles-us/?utm_source=github&utm_medium=dataset&utm_campaign=dedicated-server-prices
Intel Xeon E3-1240 3.3GHz 4 cores,Intel Xeon E3-1240 3.3GHz 4 cores,4,8,,24 GB DDR3,24,2x 450 GB (HDD SAS),900,False,Unmetered @ 1 Gbps,"Paris, FR",France,FR,34,EUR,42.0,https://valebyte.com/en/servers/intel-xeon-e3-1240-33ghz-4-cores-paris-fr/?utm_source=github&utm_medium=dataset&utm_campaign=dedicated-server-prices
Intel Xeon-E3 1245 v5 3.5GHz 4 cores,Intel Xeon-E3 1245 v5 3.5GHz 4 cores,4,8,,64 GB DDR4 ECC,64,2x 2 TB (SATA SoftRAID),4000,False,Unmetered @ 500 Mbps,"Sydney, AU",Australia,AU,34,EUR,42.0,https://valebyte.com/en/servers/intel-xeon-e3-1245-v5-35ghz-4-cores-sydney-au-1/?utm_source=github&utm_medium=dataset&utm_campaign=dedicated-server-prices
Intel Xeon-E3 1245 v5 3.5GHz 4 cores,Intel Xeon-E3 1245 v5 3.5GHz 4 cores,4,8,,32 GB DDR4 ECC,32,2x 480 GB (SSD SoftRAID),960,False,Unmetered @ 500 Mbps,"Singapore, SG",Singapore,SG,34,EUR,42.0,https://valebyte.com/en/servers/intel-xeon-e3-1245-v5-35ghz-4-cores-singapore-sg-1/?utm_source=github&utm_medium=dataset&utm_campaign=dedicated-server-prices
E3-1230 v5,E3-1230 v5,,8,,16GB,16,1 TB (HDD),1000,False,Unmetered @ 1 Gbps,"Los Angeles, US",United States,US,42,USD,42.0,https://valebyte.com/en/servers/e3-1230-v5-los-angeles-us/?utm_source=github&utm_medium=dataset&utm_campaign=dedicated-server-prices
Intel Xeon E3 1220v2 3.10GHz 4 cores,Intel Xeon E3 1220v2 3.10GHz 4 cores,4,4,4686,16 GB DDR3,16,2 x 1 TB (HDD SATA),2000,False,Unmetered @ 200 Mbps,"Paris, FR",France,FR,35,EUR,43.0,https://valebyte.com/en/servers/intel-xeon-e3-1220v2-3-10ghz-4-16gb-2000gb-paris-fr-c7ba84/?utm_source=github&utm_medium=dataset&utm_campaign=dedicated-server-prices
E3-1230 v6,E3-1230 v6,,8,,16GB,16,1 TB (HDD),1000,False,Unmetered @ 1 Gbps,"Barcelona, ES",Spain,ES,45,USD,45.0,https://valebyte.com/en/servers/e3-1230-v6-barcelona-es/?utm_source=github&utm_medium=dataset&utm_campaign=dedicated-server-prices
E3-1230 v6,E3-1230 v6,,8,,16GB,16,1 TB (HDD),1000,False,Unmetered @ 1 Gbps,"Chicago, US",United States,US,45,USD,45.0,https://valebyte.com/en/servers/e3-1230-v6-chicago-us/?utm_source=github&utm_medium=dataset&utm_campaign=dedicated-server-prices
Intel Xeon E3-1270 v6 3.8GHz 4 cores,Intel Xeon E3-1270 v6 3.8GHz 4 cores,4,8,,32 GB DDR4,32,2x 2 TB (HDD SATA),4000,False,Unmetered @ 1 Gbps,"Montreal, CA",Canada,CA,37,EUR,46.0,https://valebyte.com/en/servers/intel-xeon-e3-1270-v6-38ghz-4-cores-montreal-ca/?utm_source=github&utm_medium=dataset&utm_campaign=dedicated-server-prices
Intel Xeon E3-1245 v5 3.5GHz 4 cores,Intel Xeon E3-1245 v5 3.5GHz 4 cores,4,8,,32 GB DDR4,32,2x 2 TB (HDD SATA),4000,False,Unmetered @ 1 Gbps,"Warsaw, PL",Poland,PL,37,EUR,46.0,https://valebyte.com/en/servers/intel-xeon-e3-1245-v5-35ghz-4-cores-warsaw-pl/?utm_source=github&utm_medium=dataset&utm_campaign=dedicated-server-prices
Intel Xeon E3-1230 v3 3.3GHz 4 cores,Intel Xeon E3-1230 v3 3.3GHz 4 cores,4,8,,16 GB DDR3,16,2x 1 TB (HDD SATA),2000,False,10 TB @ 1 Gbps,"Toronto, CA",Canada,CA,38,EUR,47.0,https://valebyte.com/en/servers/intel-xeon-e3-1230-v3-33ghz-4-cores-toronto-ca/?utm_source=github&utm_medium=dataset&utm_campaign=dedicated-server-prices
Intel Xeon E3-1220 3.1GHz 4 cores,Intel Xeon E3-1220 3.1GHz 4 cores,4,4,,32 GB DDR3,32,2x 2 TB (HDD SATA),4000,False,Unmetered @ 1 Gbps,"Paris, FR",France,FR,38,EUR,47.0,https://valebyte.com/en/servers/intel-xeon-e3-1220-31ghz-4-cores-paris-fr-3/?utm_source=github&utm_medium=dataset&utm_campaign=dedicated-server-prices
Intel Xeon E3-1245 v5 3.5GHz 4 cores,Intel Xeon E3-1245 v5 3.5GHz 4 cores,4,8,,32 GB DDR4,32,2x 2 TB (HDD SATA),4000,False,5 TB @ 1 Gbps,"Singapore, SG",Singapore,SG,38,EUR,47.0,https://valebyte.com/en/servers/intel-xeon-e3-1245-v5-35ghz-4-cores-singapore-sg/?utm_source=github&utm_medium=dataset&utm_campaign=dedicated-server-prices
Intel Xeon E3-1245 v5 3.5GHz 4 cores,Intel Xeon E3-1245 v5 3.5GHz 4 cores,4,8,,32 GB DDR4,32,2x 2 TB (HDD SATA),4000,False,5 TB @ 1 Gbps,"Sydney, AU",Australia,AU,38,EUR,47.0,https://valebyte.com/en/servers/intel-xeon-e3-1245-v5-35ghz-4-cores-sydney-au/?utm_source=github&utm_medium=dataset&utm_campaign=dedicated-server-prices
Intel Xeon E3-1270 v6 3.8GHz 4 cores,Intel Xeon E3-1270 v6 3.8GHz 4 cores,4,8,,32 GB DDR4,32,2x 2 TB (HDD SATA),4000,False,5 TB @ 1 Gbps,"Singapore, SG",Singapore,SG,38,EUR,47.0,https://valebyte.com/en/servers/intel-xeon-e3-1270-v6-38ghz-4-cores-singapore-sg/?utm_source=github&utm_medium=dataset&utm_campaign=dedicated-server-prices
Intel Xeon E3-1270 v6 3.8GHz 4 cores,Intel Xeon E3-1270 v6 3.8GHz 4 cores,4,8,,32 GB DDR4,32,2x 2 TB (HDD SATA),4000,False,5 TB @ 1 Gbps,"Sydney, AU",Australia,AU,39,EUR,48.0,https://valebyte.com/en/servers/intel-xeon-e3-1270-v6-38ghz-4-cores-sydney-au/?utm_source=github&utm_medium=dataset&utm_campaign=dedicated-server-prices
Intel Xeon E3-1245 v5 3.5GHz 4 cores,Intel Xeon E3-1245 v5 3.5GHz 4 cores,4,8,,32 GB DDR4,32,2x 2 TB (HDD SATA),4000,False,Unmetered @ 1 Gbps,"Montreal, CA",Canada,CA,39,EUR,48.0,https://valebyte.com/en/servers/intel-xeon-e3-1245-v5-35ghz-4-cores-montreal-ca/?utm_source=github&utm_medium=dataset&utm_campaign=dedicated-server-prices
i7-7700 K,i7-7700 K,4,8,,32GB,32,1 TB (HDD),1000,False,Unmetered @ 1 Gbps,"Dallas, US",United States,US,51,USD,51.0,https://valebyte.com/en/servers/i7-7700-k-dallas-us/?utm_source=github&utm_medium=dataset&utm_campaign=dedicated-server-prices
Intel Xeon E3-1240 v3 3.4GHz 4 cores,Intel Xeon E3-1240 v3 3.4GHz 4 cores,4,8,,32 GB DDR3,32,2x 3 TB (HDD SATA),6000,False,Unmetered @ 1 Gbps,"Paris, FR",France,FR,41,EUR,51.0,https://valebyte.com/en/servers/intel-xeon-e3-1240-v3-34ghz-4-cores-paris-fr/?utm_source=github&utm_medium=dataset&utm_campaign=dedicated-server-prices
Intel Xeon E3-1230 v2 3.3GHz 4 cores,Intel Xeon E3-1230 v2 3.3GHz 4 cores,4,8,,32 GB DDR3,32,2x 1 TB (SSD SATA),2000,False,Unmetered @ 1 Gbps,"Paris, FR",France,FR,41,EUR,51.0,https://valebyte.com/en/servers/intel-xeon-e3-1230-v2-33ghz-4-cores-paris-fr-1/?utm_source=github&utm_medium=dataset&utm_campaign=dedicated-server-prices
Intel Xeon E-2274G,Intel Xeon E-2274G,4,8,,32 GB DDR4 ECC,32,3x 1.92 TB (NVME SoftRAID),5760,True,Unmetered @ 500 Mbps,"Beauharnois, CA",Canada,CA,43,EUR,53.0,https://valebyte.com/en/servers/intel-xeon-e-2274g-beauharnois-ca/?utm_source=github&utm_medium=dataset&utm_campaign=dedicated-server-prices
Intel Xeon E3-1220 3.1GHz 4 cores,Intel Xeon E3-1220 3.1GHz 4 cores,4,4,,8 GB DDR3,8,3x 4 TB (HDD SATA),12000,False,Unmetered @ 1 Gbps,"Paris, FR",France,FR,43,EUR,53.0,https://valebyte.com/en/servers/intel-xeon-e3-1220-31ghz-4-cores-paris-fr-4/?utm_source=github&utm_medium=dataset&utm_campaign=dedicated-server-prices
AMD Ryzen 7 1700X 3.4GHz 8 cores,AMD Ryzen 7 1700X 3.4GHz 8 cores,8,16,,32 GB DDR4,32,2x 1 TB (HDD SATA),2000,False,Unmetered @ 1 Gbps,"Dusseldorf, DE",Germany,DE,43,EUR,53.0,https://valebyte.com/en/servers/amd-ryzen-7-1700x-34ghz-8-cores-dusseldorf-de/?utm_source=github&utm_medium=dataset&utm_campaign=dedicated-server-prices
Intel Xeon E3-1230 v2 3.3GHz 4 cores,Intel Xeon E3-1230 v2 3.3GHz 4 cores,4,8,,32 GB DDR3,32,2x 1 TB (SSD SATA),2000,False,Unmetered @ 1 Gbps,"Warsaw, PL",Poland,PL,43,EUR,53.0,https://valebyte.com/en/servers/intel-xeon-e3-1230-v2-33ghz-4-cores-warsaw-pl/?utm_source=github&utm_medium=dataset&utm_campaign=dedicated-server-prices
Intel Xeon E3-1230 v2 3.3GHz 4 cores,Intel Xeon E3-1230 v2 3.3GHz 4 cores,4,8,,32 GB DDR3,32,2x 1 TB (SSD SATA),2000,False,Unmetered @ 1 Gbps,"Amsterdam, NL",Netherlands,NL,43,EUR,53.0,https://valebyte.com/en/servers/intel-xeon-e3-1230-v2-33ghz-4-cores-amsterdam-nl/?utm_source=github&utm_medium=dataset&utm_campaign=dedicated-server-prices
Intel Xeon E3-1230 v6 3.5GHz 4 cores,Intel Xeon E3-1230 v6 3.5GHz 4 cores,4,8,,16 GB DDR4,16,1 TB (HDD SATA),1000,False,Unmetered @ 1 Gbps,"Barcelona, ES",Spain,ES,43,EUR,53.0,https://valebyte.com/en/servers/intel-xeon-e3-1230-v6-35ghz-4-cores-barcelona-es/?utm_source=github&utm_medium=dataset&utm_campaign=dedicated-server-prices
Intel Xeon D-1531 2.20GHz 6 cores,Intel Xeon D-1531 2.20GHz 6 cores,6,12,7967,32 GB DDR4,32,2 x 250 GB (SATA SSD),500,False,Unmetered @ 300 Mbps,"Paris, FR",France,FR,44,EUR,54.0,https://valebyte.com/en/servers/intel-xeon-d-1531-2-20ghz-6-32gb-500gb-paris-fr-536499/?utm_source=github&utm_medium=dataset&utm_campaign=dedicated-server-prices
Intel Xeon E3 1220 or equivalent 3.10GHz 4 cores,Intel Xeon E3 1220 or equivalent 3.10GHz 4 cores,4,4,3895,32 GB DDR3,32,2 x 1.02 TB (SSD),2040,False,Unmetered @ 500 Mbps,"Paris, FR",France,FR,44,EUR,54.0,https://valebyte.com/en/servers/intel-xeon-e3-1220-or-equivalent-3-10ghz-4-32gb-2048gb-paris-fr-29fbce/?utm_source=github&utm_medium=dataset&utm_campaign=dedicated-server-prices
Intel Xeon E3 1220 or equivalent 3.10GHz 4 cores,Intel Xeon E3 1220 or equivalent 3.10GHz 4 cores,4,4,3895,32 GB DDR3,32,2 x 1.02 TB (SSD),2040,False,Unmetered @ 500 Mbps,"Warsaw, PL",Poland,PL,44,EUR,54.0,https://valebyte.com/en/servers/intel-xeon-e3-1220-or-equivalent-3-10ghz-4-32gb-2048gb-warsaw-pl-188284/?utm_source=github&utm_medium=dataset&utm_campaign=dedicated-server-prices
Intel Xeon E3 1220 or equivalent 3.10GHz 4 cores,Intel Xeon E3 1220 or equivalent 3.10GHz 4 cores,4,4,3895,32 GB DDR3,32,2 x 1.02 TB (SSD),2040,False,Unmetered @ 500 Mbps,"Amsterdam, NL",Netherlands,NL,44,EUR,54.0,https://valebyte.com/en/servers/intel-xeon-e3-1220-or-equivalent-3-10ghz-4-32gb-2048gb-amsterdam-nl-d656b9/?utm_source=github&utm_medium=dataset&utm_campaign=dedicated-server-prices
Intel Xeon E3-1240 v6 3.7GHz 4 cores,Intel Xeon E3-1240 v6 3.7GHz 4 cores,4,8,,32 GB DDR3,32,2x 256 GB (SSD SATA),512,False,Unmetered @ 1 Gbps,"Paris, FR",France,FR,44,EUR,54.0,https://valebyte.com/en/servers/intel-xeon-e3-1240-v6-37ghz-4-cores-paris-fr-1/?utm_source=github&utm_medium=dataset&utm_campaign=dedicated-server-prices
E3-1270 v5,E3-1270 v5,,8,,16GB,16,1 TB (HDD),1000,False,Unmetered @ 1 Gbps,"Dallas, US",United States,US,55,USD,55.0,https://valebyte.com/en/servers/e3-1270-v5-dallas-us/?utm_source=github&utm_medium=dataset&utm_campaign=dedicated-server-prices
E3-1270 v5,E3-1270 v5,,8,,16GB,16,1 TB (HDD),1000,False,Unmetered @ 1 Gbps,"Ashburn, US",United States,US,55,USD,55.0,https://valebyte.com/en/servers/e3-1270-v5-ashburn-us/?utm_source=github&utm_medium=dataset&utm_campaign=dedicated-server-prices
Intel Xeon E3-1240 v5 3.5GHz 4 cores,Intel Xeon E3-1240 v5 3.5GHz 4 cores,4,8,,32 GB DDR4,32,2x 240 GB (SSD SATA),480,False,Unmetered @ 1 Gbps,"Dusseldorf, DE",Germany,DE,46,EUR,57.0,https://valebyte.com/en/servers/intel-xeon-e3-1240-v5-35ghz-4-cores-dusseldorf-de/?utm_source=github&utm_medium=dataset&utm_campaign=dedicated-server-prices
Intel Core i7 7700K 4.2GHz 4 cores,Intel Core i7 7700K 4.2GHz 4 cores,4,8,,64 GB DDR4,64,2x 450 GB + 4 TB (NVME Hybrid SoftRAID),4900,True,Unmetered @ 500 Mbps,"Sydney, AU",Australia,AU,46,EUR,57.0,https://valebyte.com/en/servers/intel-core-i7-7700k-42ghz-4-cores-sydney-au/?utm_source=github&utm_medium=dataset&utm_campaign=dedicated-server-prices
Intel Xeon E5-1410 v2 2.8GHz 4 cores,Intel Xeon E5-1410 v2 2.8GHz 4 cores,4,8,,64 GB DDR3,64,2x 2 TB (HDD SATA),4000,False,Unmetered @ 1 Gbps,"Paris, FR",France,FR,46,EUR,57.0,https://valebyte.com/en/servers/intel-xeon-e5-1410-v2-28ghz-4-cores-paris-fr/?utm_source=github&utm_medium=dataset&utm_campaign=dedicated-server-prices
Intel Xeon E3-1270 v3 3.5GHz 4 cores,Intel Xeon E3-1270 v3 3.5GHz 4 cores,4,8,,32 GB DDR3,32,2x 1 TB (HDD SATA),2000,False,Unmetered @ 1 Gbps,"Dusseldorf, DE",Germany,DE,46,EUR,57.0,https://valebyte.com/en/servers/intel-xeon-e3-1270-v3-35ghz-4-cores-dusseldorf-de/?utm_source=github&utm_medium=dataset&utm_campaign=dedicated-server-prices
E3-1270 v6,E3-1270 v6,,8,,16GB,16,250 GB (SSD),250,False,Unmetered @ 1 Gbps,"Barcelona, ES",Spain,ES,58,USD,58.0,https://valebyte.com/en/servers/e3-1270-v6-barcelona-es/?utm_source=github&utm_medium=dataset&utm_campaign=dedicated-server-prices
Intel Xeon E3 1220 3.10GHz 4 cores,Intel Xeon E3 1220 3.10GHz 4 cores,4,4,3738,32 GB DDR3,32,2 x 4 TB (HDD SATA),8000,False,Unmetered @ 150 Mbps,"Paris, FR",France,FR,47,EUR,58.0,https://valebyte.com/en/servers/intel-xeon-e3-1220-3-10ghz-4-32gb-8000gb-paris-fr-9ae4a1/?utm_source=github&utm_medium=dataset&utm_campaign=dedicated-server-prices
E3-1241 v3,E3-1241 v3,4,8,,16GB,16,1 TB (HDD),1000,False,Unmetered @ 1 Gbps,"Atlanta, US",United States,US,58,USD,58.0,https://valebyte.com/en/servers/e3-1241-v3-atlanta-us/?utm_source=github&utm_medium=dataset&utm_campaign=dedicated-server-prices
E3-1230 v6,E3-1230 v6,,8,,32GB,32,1 TB (HDD),1000,False,Unmetered @ 1 Gbps,"Amsterdam, NL",Netherlands,NL,58,USD,58.0,https://valebyte.com/en/servers/e3-1230-v6-amsterdam-nl/?utm_source=github&utm_medium=dataset&utm_campaign=dedicated-server-prices
Intel Xeon-E 2136 3.3GHz 6 cores,Intel Xeon-E 2136 3.3GHz 6 cores,6,12,,64 GB DDR4 ECC,64,2x 512 GB (NVME SoftRAID),1024,True,Unmetered @ 500 Mbps,"Sydney, AU",Australia,AU,48,EUR,59.0,https://valebyte.com/en/servers/intel-xeon-e-2136-33ghz-6-cores-sydney-au-1/?utm_source=github&utm_medium=dataset&utm_campaign=dedicated-server-prices
Intel Xeon-E 2136 3.3GHz 6 cores,Intel Xeon-E 2136 3.3GHz 6 cores,6,12,,32 GB DDR4 ECC,32,2x 512 GB (NVME SoftRAID),1024,True,Unmetered @ 1 Gbps,"Gravelines, FR",France,FR,48,EUR,59.0,https://valebyte.com/en/servers/intel-xeon-e-2136-33ghz-6-cores-gravelines-fr/?utm_source=github&utm_medium=dataset&utm_campaign=dedicated-server-prices
Intel Xeon-E 2136 3.3GHz 6 cores,Intel Xeon-E 2136 3.3GHz 6 cores,6,12,,32 GB DDR4 ECC,32,2x 512 GB (NVME SoftRAID),1024,True,Unmetered @ 1 Gbps,"Frankfurt, DE",Germany,DE,48,EUR,59.0,https://valebyte.com/en/servers/intel-xeon-e-2136-33ghz-6-cores-frankfurt-de-1/?utm_source=github&utm_medium=dataset&utm_campaign=dedicated-server-prices
Intel Xeon-E 2136 3.3GHz 6 cores,Intel Xeon-E 2136 3.3GHz 6 cores,6,12,,32 GB DDR4 ECC,32,2x 512 GB (NVME SoftRAID),1024,True,Unmetered @ 1 Gbps,"Roubaix, FR",France,FR,48,EUR,59.0,https://valebyte.com/en/servers/intel-xeon-e-2136-33ghz-6-cores-roubaix-fr/?utm_source=github&utm_medium=dataset&utm_campaign=dedicated-server-prices
Intel Xeon-E 2136 3.3GHz 6 cores,Intel Xeon-E 2136 3.3GHz 6 cores,6,12,,32 GB DDR4 ECC,32,2x 4 TB (SATA SoftRAID),8000,False,Unmetered @ 500 Mbps,"Singapore, SG",Singapore,SG,48,EUR,59.0,https://valebyte.com/en/servers/intel-xeon-e-2136-33ghz-6-cores-singapore-sg-1/?utm_source=github&utm_medium=dataset&utm_campaign=dedicated-server-prices
Intel Xeon-E 2136 3.3GHz 6 cores,Intel Xeon-E 2136 3.3GHz 6 cores,6,12,,32 GB DDR4 ECC,32,2x 512 GB (NVME SoftRAID),1024,True,Unmetered @ 1 Gbps,"Strasbourg, FR",France,FR,48,EUR,59.0,https://valebyte.com/en/servers/intel-xeon-e-2136-33ghz-6-cores-strasbourg-fr/?utm_source=github&utm_medium=dataset&utm_campaign=dedicated-server-prices
Intel Xeon-E 2136 3.3GHz 6 cores,Intel Xeon-E 2136 3.3GHz 6 cores,6,12,,32 GB DDR4 ECC,32,2x 512 GB (NVME SoftRAID),1024,True,Unmetered @ 1 Gbps,"Beauharnois, CA",Canada,CA,48,EUR,59.0,https://valebyte.com/en/servers/intel-xeon-e-2136-33ghz-6-cores-beauharnois-ca/?utm_source=github&utm_medium=dataset&utm_campaign=dedicated-server-prices
Intel Xeon-E 2136 3.3GHz 6 cores,Intel Xeon-E 2136 3.3GHz 6 cores,6,12,,32 GB DDR4 ECC,32,2x 512 GB (NVME SoftRAID),1024,True,Unmetered @ 1 Gbps,"London, GB",London,,48,EUR,59.0,https://valebyte.com/en/servers/intel-xeon-e-2136-33ghz-6-cores-london-gb/?utm_source=github&utm_medium=dataset&utm_campaign=dedicated-server-prices
Intel Xeon E3-1240 v5 3.5GHz 4 cores,Intel Xeon E3-1240 v5 3.5GHz 4 cores,4,8,,32 GB DDR4,32,4x 480 GB (SSD SATA),1920,False,30 TB @ 1 Gbps,"London, UK",UK,UK,50,EUR,62.0,https://valebyte.com/en/servers/intel-xeon-e3-1240-v5-35ghz-4-cores-london-uk-2/?utm_source=github&utm_medium=dataset&utm_campaign=dedicated-server-prices
Intel Xeon E3-1240 v5 3.5GHz 4 cores,Intel Xeon E3-1240 v5 3.5GHz 4 cores,4,8,,32 GB DDR4,32,4x 2 TB (HDD SATA),8000,False,30 TB @ 1 Gbps,"London, UK",UK,UK,50,EUR,62.0,https://valebyte.com/en/servers/intel-xeon-e3-1240-v5-35ghz-4-cores-london-uk-3/?utm_source=github&utm_medium=dataset&utm_campaign=dedicated-server-prices
Intel Xeon E5-2430 2.2GHz 6 cores,Intel Xeon E5-2430 2.2GHz 6 cores,6,12,,32 GB DDR3,32,4x 2 TB (HDD SATA),8000,False,Unmetered @ 1 Gbps,"London, UK",UK,UK,50,EUR,62.0,https://valebyte.com/en/servers/intel-xeon-e5-2430-22ghz-6-cores-london-uk/?utm_source=github&utm_medium=dataset&utm_campaign=dedicated-server-prices
Intel Special 32 GB,Intel Special,,,,32 GB,32,,,False,1 Gbps Unmetered Bandwidth,"Miami, US",United States,US,64,USD,64.0,https://valebyte.com/en/servers/intel-special-32-gb-miami-us/?utm_source=github&utm_medium=dataset&utm_campaign=dedicated-server-prices
AMD Ryzen 5 3600 3.6GHz 6 cores,AMD Ryzen 5 3600 3.6GHz 6 cores,6,12,,32 GB DDR4,32,2x 1 TB (SSD NVMe),2000,True,Unmetered @ 1 Gbps,"Paris, FR",France,FR,52,EUR,64.0,https://valebyte.com/en/servers/amd-ryzen-5-3600-36ghz-6-cores-paris-fr-1/?utm_source=github&utm_medium=dataset&utm_campaign=dedicated-server-prices
Intel Core i7-2600 3.4GHz 4 cores,Intel Core i7-2600 3.4GHz 4 cores,4,8,,16 GB DDR3,16,500 GB (SSD SATA),500,False,Unmetered @ 1 Gbps,"Oslo, NO",Norway,NO,52,EUR,64.0,https://valebyte.com/en/servers/intel-core-i7-2600-34ghz-4-cores-oslo-no/?utm_source=github&utm_medium=dataset&utm_campaign=dedicated-server-prices
Intel Special 32 GB,Intel Special,,,,32 GB,32,,,False,1 Gbps Unmetered Bandwidth,"New York, US",United States,US,64,USD,64.0,https://valebyte.com/en/servers/intel-special-32-gb-new-york-us/?utm_source=github&utm_medium=dataset&utm_campaign=dedicated-server-prices
Intel Xeon D-1531 2.20GHz 6 cores,Intel Xeon D-1531 2.20GHz 6 cores,6,12,7967,32 GB DDR4,32,2 x 500 GB (SATA SSD),1000,False,Unmetered @ 300 Mbps,"Amsterdam, NL",Netherlands,NL,55,EUR,68.0,https://valebyte.com/en/servers/intel-xeon-d-1531-2-20ghz-6-32gb-1000gb-amsterdam-nl-1d7146/?utm_source=github&utm_medium=dataset&utm_campaign=dedicated-server-prices
Intel Xeon D-1531 2.20GHz 6 cores,Intel Xeon D-1531 2.20GHz 6 cores,6,12,7967,32 GB DDR4,32,2 x 500 GB (SATA SSD),1000,False,Unmetered @ 300 Mbps,"Paris, FR",France,FR,55,EUR,68.0,https://valebyte.com/en/servers/intel-xeon-d-1531-2-20ghz-6-32gb-1000gb-paris-fr-f377cc/?utm_source=github&utm_medium=dataset&utm_campaign=dedicated-server-prices
Intel Xeon E3 1245v5 3.50GHz 4 cores,Intel Xeon E3 1245v5 3.50GHz 4 cores,4,8,8038,32 GB DDR4,32,3 x 250 GB (SATA SSD),750,False,Unmetered @ 300 Mbps,"Paris, FR",France,FR,55,EUR,68.0,https://valebyte.com/en/servers/intel-xeon-e3-1245v5-3-50ghz-4-32gb-750gb-paris-fr-174c97/?utm_source=github&utm_medium=dataset&utm_campaign=dedicated-server-prices
Intel Xeon E-2136 3.3GHz 6 cores,Intel Xeon E-2136 3.3GHz 6 cores,6,12,,32 GB DDR4,32,2x 512 GB (SSD NVMe),1024,True,Unmetered @ 1 Gbps,"Montreal, CA",Canada,CA,55,EUR,68.0,https://valebyte.com/en/servers/intel-xeon-e-2136-33ghz-6-cores-montreal-ca/?utm_source=github&utm_medium=dataset&utm_campaign=dedicated-server-prices
Intel Xeon E-2136 3.3GHz 6 cores,Intel Xeon E-2136 3.3GHz 6 cores,6,12,,32 GB DDR4,32,2x 512 GB (SSD NVMe),1024,True,10 TB @ 1 Gbps,"Singapore, SG",Singapore,SG,55,EUR,68.0,https://valebyte.com/en/servers/intel-xeon-e-2136-33ghz-6-cores-singapore-sg/?utm_source=github&utm_medium=dataset&utm_campaign=dedicated-server-prices
Intel Xeon E-2136 3.3GHz 6 cores,Intel Xeon E-2136 3.3GHz 6 cores,6,12,,32 GB DDR4,32,2x 512 GB (SSD NVMe),1024,True,10 TB @ 1 Gbps,"Sydney, AU",Australia,AU,55,EUR,68.0,https://valebyte.com/en/servers/intel-xeon-e-2136-33ghz-6-cores-sydney-au/?utm_source=github&utm_medium=dataset&utm_campaign=dedicated-server-prices
Intel Xeon E3-1245 v5 3.5GHz 4 cores,Intel Xeon E3-1245 v5 3.5GHz 4 cores,4,8,,64 GB DDR4,64,2x 2 TB (HDD SATA),4000,False,5 TB @ 1 Gbps,"Sydney, AU",Australia,AU,55,EUR,68.0,https://valebyte.com/en/servers/intel-xeon-e3-1245-v5-35ghz-4-cores-sydney-au-2/?utm_source=github&utm_medium=dataset&utm_campaign=dedicated-server-prices
Intel Xeon E5-2620 v3 2.4GHz 6 cores,Intel Xeon E5-2620 v3 2.4GHz 6 cores,6,12,,32 GB DDR4,32,2x 2 TB (HDD SATA),4000,False,Unmetered @ 1 Gbps,"Dusseldorf, DE",Germany,DE,56,EUR,69.0,https://valebyte.com/en/servers/intel-xeon-e5-2620-v3-24ghz-6-cores-dusseldorf-de/?utm_source=github&utm_medium=dataset&utm_campaign=dedicated-server-prices
E3-1240v3,E3-1240v3,4,8,,16GB ECC DDRIII ,16,1x 250 GB (SSD),250,False,30TB @ 1Gbps,"Siauliai, LT",Lithuania,LT,69,USD,69.0,https://valebyte.com/en/servers/e3-1240v3-siauliai-lt/?utm_source=github&utm_medium=dataset&utm_campaign=dedicated-server-prices
i7-7700 K,i7-7700 K,,8,,32GB,32,1 TB (HDD),1000,False,Unmetered @ 1 Gbps,"Chicago, US",United States,US,71,USD,71.0,https://valebyte.com/en/servers/i7-7700-k-chicago-us/?utm_source=github&utm_medium=dataset&utm_campaign=dedicated-server-prices
E3-1270 v6,E3-1270 v6,,8,,32GB,32,1 TB (HDD),1000,False,Unmetered @ 1 Gbps,"Ashburn, US",United States,US,71,USD,71.0,https://valebyte.com/en/servers/e3-1270-v6-ashburn-us/?utm_source=github&utm_medium=dataset&utm_campaign=dedicated-server-prices
E3-1270 v6,E3-1270 v6,,8,,32GB,32,1 TB (HDD),1000,False,Unmetered @ 1 Gbps,"Chicago, US",United States,US,71,USD,71.0,https://valebyte.com/en/servers/e3-1270-v6-chicago-us/?utm_source=github&utm_medium=dataset&utm_campaign=dedicated-server-prices
E3-1270 v6,E3-1270 v6,,8,,32GB,32,1 TB (HDD),1000,False,Unmetered @ 1 Gbps,"London, GB",London,,71,USD,71.0,https://valebyte.com/en/servers/e3-1270-v6-london-gb/?utm_source=github&utm_medium=dataset&utm_campaign=dedicated-server-prices
E3-1270 v6,E3-1270 v6,,8,,32GB,32,1 TB (HDD),1000,False,Unmetered @ 1 Gbps,"Amsterdam, NL",Netherlands,NL,71,USD,71.0,https://valebyte.com/en/servers/e3-1270-v6-amsterdam-nl/?utm_source=github&utm_medium=dataset&utm_campaign=dedicated-server-prices
AMD Ryzen PRO 3600 3.60GHz 6 cores,AMD Ryzen PRO 3600 3.60GHz 6 cores,6,12,17202,16 GB DDR4,16,2 x 1 TB (HDD),2000,False,Unmetered @ 500 Mbps,"Paris, FR",France,FR,58,EUR,72.0,https://valebyte.com/en/servers/amd-ryzen-pro-3600-3-60ghz-6-16gb-2000gb-paris-fr-89c330/?utm_source=github&utm_medium=dataset&utm_campaign=dedicated-server-prices
AMD Ryzen PRO 3600 3.60GHz 6 cores,AMD Ryzen PRO 3600 3.60GHz 6 cores,6,12,17202,16 GB DDR4,16,2 x 1 TB (HDD),2000,False,Unmetered @ 500 Mbps,"Amsterdam, NL",Netherlands,NL,58,EUR,72.0,https://valebyte.com/en/servers/amd-ryzen-pro-3600-3-60ghz-6-16gb-2000gb-amsterdam-nl-607a99/?utm_source=github&utm_medium=dataset&utm_campaign=dedicated-server-prices
Intel Core i7-6700,Intel Core i7-6700,,,,32 GB DDR4,32,2x 8.0 TB (HDD),8000,False,Unmetered @ 1 Gbps,"Falkenstein, Germany",Germany,DE,58,EUR,72.0,https://valebyte.com/en/servers/intel-core-i7-6700-falkenstein-germany-1/?utm_source=github&utm_medium=dataset&utm_campaign=dedicated-server-prices
Intel Pentium Gold G6500 4.1GHz 2 cores,Intel Pentium Gold G6500 4.1GHz 2 cores,2,2,,16 GB DDR4,16,500 GB (SSD SATA),500,False,Unmetered @ 1 Gbps,"Riga, LV",Latvia,LV,59,EUR,73.0,https://valebyte.com/en/servers/intel-pentium-gold-g6500-41ghz-2-cores-riga-lv/?utm_source=github&utm_medium=dataset&utm_campaign=dedicated-server-prices
Intel Xeon-D 2141I 2.2GHz 8 cores,Intel Xeon-D 2141I 2.2GHz 8 cores,8,16,,128 GB DDR4 ECC,128,2x 512 GB (NVME SoftRAID),1024,True,Unmetered @ 1 Gbps,"London, GB",London,,60,EUR,74.0,https://valebyte.com/en/servers/intel-xeon-d-2141i-22ghz-8-cores-london-gb/?utm_source=github&utm_medium=dataset&utm_campaign=dedicated-server-prices
Intel Xeon-D 2141I 2.2GHz 8 cores,Intel Xeon-D 2141I 2.2GHz 8 cores,8,16,,128 GB DDR4 ECC,128,2x 512 GB (NVME SoftRAID),1024,True,Unmetered @ 1 Gbps,"Strasbourg, FR",France,FR,60,EUR,74.0,https://valebyte.com/en/servers/intel-xeon-d-2141i-22ghz-8-cores-strasbourg-fr/?utm_source=github&utm_medium=dataset&utm_campaign=dedicated-server-prices
Intel Xeon-D 2141I 2.2GHz 8 cores,Intel Xeon-D 2141I 2.2GHz 8 cores,8,16,,128 GB DDR4 ECC,128,2x 512 GB (NVME SoftRAID),1024,True,Unmetered @ 1 Gbps,"Warsaw, PL",Poland,PL,60,EUR,74.0,https://valebyte.com/en/servers/intel-xeon-d-2141i-22ghz-8-cores-warsaw-pl-1/?utm_source=github&utm_medium=dataset&utm_campaign=dedicated-server-prices
Intel Xeon-D 2141I 2.2GHz 8 cores,Intel Xeon-D 2141I 2.2GHz 8 cores,8,16,,128 GB DDR4 ECC,128,2x 512 GB (NVME SoftRAID),1024,True,Unmetered @ 1 Gbps,"Gravelines, FR",France,FR,60,EUR,74.0,https://valebyte.com/en/servers/intel-xeon-d-2141i-22ghz-8-cores-gravelines-fr/?utm_source=github&utm_medium=dataset&utm_campaign=dedicated-server-prices
Intel Xeon-D 2141I 2.2GHz 8 cores,Intel Xeon-D 2141I 2.2GHz 8 cores,8,16,,128 GB DDR4 ECC,128,2x 512 GB (NVME SoftRAID),1024,True,Unmetered @ 1 Gbps,"Beauharnois, CA",Canada,CA,60,EUR,74.0,https://valebyte.com/en/servers/intel-xeon-d-2141i-22ghz-8-cores-beauharnois-ca/?utm_source=github&utm_medium=dataset&utm_campaign=dedicated-server-prices
Intel Xeon-D 2141I 2.2GHz 8 cores,Intel Xeon-D 2141I 2.2GHz 8 cores,8,16,,128 GB DDR4 ECC,128,2x 512 GB (NVME SoftRAID),1024,True,Unmetered @ 1 Gbps,"Roubaix, FR",France,FR,60,EUR,74.0,https://valebyte.com/en/servers/intel-xeon-d-2141i-22ghz-8-cores-roubaix-fr/?utm_source=github&utm_medium=dataset&utm_campaign=dedicated-server-prices
Intel Xeon-D 2141I 2.2GHz 8 cores,Intel Xeon-D 2141I 2.2GHz 8 cores,8,16,,128 GB DDR4 ECC,128,2x 512 GB (NVME SoftRAID),1024,True,Unmetered @ 1 Gbps,"Frankfurt, DE",Germany,DE,60,EUR,74.0,https://valebyte.com/en/servers/intel-xeon-d-2141i-22ghz-8-cores-frankfurt-de-1/?utm_source=github&utm_medium=dataset&utm_campaign=dedicated-server-prices
Intel Xeon D-1531 2.2GHz 6 cores,Intel Xeon D-1531 2.2GHz 6 cores,6,12,,32 GB DDR4,32,2x 500 GB (SSD SATA),1000,False,Unmetered @ 1 Gbps,"Amsterdam, NL",Netherlands,NL,62,EUR,77.0,https://valebyte.com/en/servers/intel-xeon-d-1531-22ghz-6-cores-amsterdam-nl-1/?utm_source=github&utm_medium=dataset&utm_campaign=dedicated-server-prices
Intel Xeon D-1531 2.2GHz 6 cores,Intel Xeon D-1531 2.2GHz 6 cores,6,12,,32 GB DDR4,32,2x 500 GB (SSD SATA),1000,False,Unmetered @ 1 Gbps,"Paris, FR",France,FR,62,EUR,77.0,https://valebyte.com/en/servers/intel-xeon-d-1531-22ghz-6-cores-paris-fr-2/?utm_source=github&utm_medium=dataset&utm_campaign=dedicated-server-prices
Intel Core i7-5820K 3.3GHz 6 cores,Intel Core i7-5820K 3.3GHz 6 cores,6,12,,64 GB DDR4,64,2x 240 GB (SSD SATA),480,False,Unmetered @ 1 Gbps,"Dusseldorf, DE",Germany,DE,62,EUR,77.0,https://valebyte.com/en/servers/intel-core-i7-5820k-33ghz-6-cores-dusseldorf-de/?utm_source=github&utm_medium=dataset&utm_campaign=dedicated-server-prices
Intel Xeon E3 1240v6 3.70GHz 4 cores,Intel Xeon E3 1240v6 3.70GHz 4 cores,4,8,8809,32 GB DDR4,32,3 x 250 GB (SATA SSD),750,False,Unmetered @ 300 Mbps,"Paris, FR",France,FR,63,EUR,78.0,https://valebyte.com/en/servers/intel-xeon-e3-1240v6-3-70ghz-4-32gb-750gb-paris-fr-0a94a9/?utm_source=github&utm_medium=dataset&utm_campaign=dedicated-server-prices
AMD Ryzen 5 PRO 3600 3.60GHz 6 cores,AMD Ryzen 5 PRO 3600 3.60GHz 6 cores,6,12,18037,32 GB DDR4,32,2 x 1 TB (NVMe SSD),2000,True,Unmetered @ 500 Mbps,"Paris, FR",France,FR,63,EUR,78.0,https://valebyte.com/en/servers/amd-ryzen-5-pro-3600-3-60ghz-6-32gb-2000gb-paris-fr-a36f37/?utm_source=github&utm_medium=dataset&utm_campaign=dedicated-server-prices
AMD Ryzen PRO 3600 3.60GHz 6 cores,AMD Ryzen PRO 3600 3.60GHz 6 cores,6,12,17202,32 GB DDR4,32,2 x 1.02 TB (NVMe),2040,True,Unmetered @ 500 Mbps,"Warsaw, PL",Poland,PL,63,EUR,78.0,https://valebyte.com/en/servers/amd-ryzen-pro-3600-3-60ghz-6-32gb-2048gb-warsaw-pl-f70435/?utm_source=github&utm_medium=dataset&utm_campaign=dedicated-server-prices
Intel Xeon E3-1240 v6 3.7GHz 4 cores,Intel Xeon E3-1240 v6 3.7GHz 4 cores,4,8,,64 GB DDR4,64,2x 500 GB (SSD SATA),1000,False,Unmetered @ 1 Gbps,"Amsterdam, NL",Netherlands,NL,63,EUR,78.0,https://valebyte.com/en/servers/intel-xeon-e3-1240-v6-37ghz-4-cores-amsterdam-nl/?utm_source=github&utm_medium=dataset&utm_campaign=dedicated-server-prices
AMD Ryzen PRO 3600 3.60GHz 6 cores,AMD Ryzen PRO 3600 3.60GHz 6 cores,6,12,17202,32 GB DDR4,32,2 x 1.02 TB (NVMe),2040,True,Unmetered @ 500 Mbps,"Amsterdam, NL",Netherlands,NL,63,EUR,78.0,https://valebyte.com/en/servers/amd-ryzen-pro-3600-3-60ghz-6-32gb-2048gb-amsterdam-nl-2fde99/?utm_source=github&utm_medium=dataset&utm_campaign=dedicated-server-prices
Intel Xeon E3 1240v6 3.70GHz 4 cores,Intel Xeon E3 1240v6 3.70GHz 4 cores,4,8,8809,32 GB DDR4,32,2 x 250 GB (SATA SSD),500,False,Unmetered @ 300 Mbps,"Paris, FR",France,FR,63,EUR,78.0,https://valebyte.com/en/servers/intel-xeon-e3-1240v6-3-70ghz-4-32gb-500gb-paris-fr-ef432a/?utm_source=github&utm_medium=dataset&utm_campaign=dedicated-server-prices
AMD Ryzen PRO 3600 3.60GHz 6 cores,AMD Ryzen PRO 3600 3.60GHz 6 cores,6,12,17202,32 GB DDR4,32,2 x 1.02 TB (NVMe),2040,True,Unmetered @ 500 Mbps,"Paris, FR",France,FR,63,EUR,78.0,https://valebyte.com/en/servers/amd-ryzen-pro-3600-3-60ghz-6-32gb-2048gb-paris-fr-554f91/?utm_source=github&utm_medium=dataset&utm_campaign=dedicated-server-prices
AMD Ryzen 5 PRO 3600 3.60GHz 6 cores,AMD Ryzen 5 PRO 3600 3.60GHz 6 cores,6,12,18037,32 GB DDR4,32,2 x 1 TB (NVMe SSD),2000,True,Unmetered @ 500 Mbps,"Amsterdam, NL",Netherlands,NL,63,EUR,78.0,https://valebyte.com/en/servers/amd-ryzen-5-pro-3600-3-60ghz-6-32gb-2000gb-amsterdam-nl-8f3fdb/?utm_source=github&utm_medium=dataset&utm_campaign=dedicated-server-prices
Intel Xeon E3-1240 v6 3.7GHz 4 cores,Intel Xeon E3-1240 v6 3.7GHz 4 cores,4,8,,64 GB DDR4,64,2x 500 GB (SSD SATA),1000,False,Unmetered @ 1 Gbps,"Paris, FR",France,FR,63,EUR,78.0,https://valebyte.com/en/servers/intel-xeon-e3-1240-v6-37ghz-4-cores-paris-fr-2/?utm_source=github&utm_medium=dataset&utm_campaign=dedicated-server-prices
Intel Xeon-E 2288G 3.7GHz 8 cores,Intel Xeon-E 2288G 3.7GHz 8 cores,8,16,,64 GB DDR4 ECC,64,2x 6 TB + 2x 960 GB (SATA Hybrid SoftRAID),13920,False,Unmetered @ 1 Gbps,"Strasbourg, FR",France,FR,67,EUR,83.0,https://valebyte.com/en/servers/intel-xeon-e-2288g-37ghz-8-cores-strasbourg-fr/?utm_source=github&utm_medium=dataset&utm_campaign=dedicated-server-prices
Intel Xeon-E 2288G 3.7GHz 8 cores,Intel Xeon-E 2288G 3.7GHz 8 cores,8,16,,64 GB DDR4 ECC,64,2x 6 TB + 2x 960 GB (SATA Hybrid SoftRAID),13920,False,Unmetered @ 1 Gbps,"Warsaw, PL",Poland,PL,67,EUR,83.0,https://valebyte.com/en/servers/intel-xeon-e-2288g-37ghz-8-cores-warsaw-pl-1/?utm_source=github&utm_medium=dataset&utm_campaign=dedicated-server-prices
Intel Xeon-E 2288G 3.7GHz 8 cores,Intel Xeon-E 2288G 3.7GHz 8 cores,8,16,,64 GB DDR4 ECC,64,2x 6 TB + 2x 960 GB (SATA Hybrid SoftRAID),13920,False,Unmetered @ 1 Gbps,"Beauharnois, CA",Canada,CA,67,EUR,83.0,https://valebyte.com/en/servers/intel-xeon-e-2288g-37ghz-8-cores-beauharnois-ca/?utm_source=github&utm_medium=dataset&utm_campaign=dedicated-server-prices
Intel Xeon-E 2288G 3.7GHz 8 cores,Intel Xeon-E 2288G 3.7GHz 8 cores,8,16,,64 GB DDR4 ECC,64,2x 6 TB + 2x 960 GB (SATA Hybrid SoftRAID),13920,False,Unmetered @ 1 Gbps,"Gravelines, FR",France,FR,67,EUR,83.0,https://valebyte.com/en/servers/intel-xeon-e-2288g-37ghz-8-cores-gravelines-fr/?utm_source=github&utm_medium=dataset&utm_campaign=dedicated-server-prices
Intel Xeon-E 2288G 3.7GHz 8 cores,Intel Xeon-E 2288G 3.7GHz 8 cores,8,16,,64 GB DDR4 ECC,64,2x 6 TB + 2x 960 GB (SATA Hybrid SoftRAID),13920,False,Unmetered @ 1 Gbps,"Frankfurt, DE",Germany,DE,67,EUR,83.0,https://valebyte.com/en/servers/intel-xeon-e-2288g-37ghz-8-cores-frankfurt-de-1/?utm_source=github&utm_medium=dataset&utm_campaign=dedicated-server-prices
Intel Xeon-E 2288G 3.7GHz 8 cores,Intel Xeon-E 2288G 3.7GHz 8 cores,8,16,,64 GB DDR4 ECC,64,2x 6 TB + 2x 960 GB (SATA Hybrid SoftRAID),13920,False,Unmetered @ 1 Gbps,"London, GB",London,,67,EUR,83.0,https://valebyte.com/en/servers/intel-xeon-e-2288g-37ghz-8-cores-london-gb/?utm_source=github&utm_medium=dataset&utm_campaign=dedicated-server-prices
Intel Xeon-E 2288G 3.7GHz 8 cores,Intel Xeon-E 2288G 3.7GHz 8 cores,8,16,,64 GB DDR4 ECC,64,2x 6 TB + 2x 960 GB (SATA Hybrid SoftRAID),13920,False,Unmetered @ 1 Gbps,"Roubaix, FR",France,FR,67,EUR,83.0,https://valebyte.com/en/servers/intel-xeon-e-2288g-37ghz-8-cores-roubaix-fr/?utm_source=github&utm_medium=dataset&utm_campaign=dedicated-server-prices
E3-1240v5,E3-1240v5,4,8,,32GB ECC DDR4 ,32,2x 250 GB (SSD),500,False,30TB @ 3Gbps,"Siauliai, LT",Lithuania,LT,83,USD,83.0,https://valebyte.com/en/servers/e3-1240v5-siauliai-lt/?utm_source=github&utm_medium=dataset&utm_campaign=dedicated-server-prices
Intel Xeon E3-1270 v6 3.8GHz 4 cores,Intel Xeon E3-1270 v6 3.8GHz 4 cores,4,8,,32 GB DDR4,32,1 TB (HDD SATA),1000,False,Unmetered @ 1 Gbps,"Barcelona, ES",Spain,ES,68,EUR,84.0,https://valebyte.com/en/servers/intel-xeon-e3-1270-v6-38ghz-4-cores-barcelona-es/?utm_source=github&utm_medium=dataset&utm_campaign=dedicated-server-prices
Intel Xeon E5-2430 2.2GHz 6 cores,Intel Xeon E5-2430 2.2GHz 6 cores,6,12,,64 GB DDR3,64,4x 250 GB (SSD SATA),1000,False,Unmetered @ 1 Gbps,"London, UK",UK,UK,68,EUR,84.0,https://valebyte.com/en/servers/intel-xeon-e5-2430-22ghz-6-cores-london-uk-1/?utm_source=github&utm_medium=dataset&utm_campaign=dedicated-server-prices
Intel Xeon E5 1410 v2 2.80GHz 4 cores,Intel Xeon E5 1410 v2 2.80GHz 4 cores,4,8,5715,96 GB DDR3,96,2 x 6 TB (HDD),12000,False,Unmetered @ 1 Gbps,"Paris, FR",France,FR,69,EUR,85.0,https://valebyte.com/en/servers/intel-xeon-e5-1410-v2-2-80ghz-4-96gb-12002gb-paris-fr-45bdd4/?utm_source=github&utm_medium=dataset&utm_campaign=dedicated-server-prices
Intel Xeon E5 1410 v2 2.80GHz 4 cores,Intel Xeon E5 1410 v2 2.80GHz 4 cores,4,8,5715,96 GB DDR3,96,2 x 6 TB (HDD),12000,False,Unmetered @ 1 Gbps,"Warsaw, PL",Poland,PL,69,EUR,85.0,https://valebyte.com/en/servers/intel-xeon-e5-1410-v2-2-80ghz-4-96gb-12002gb-warsaw-pl-9e9d45/?utm_source=github&utm_medium=dataset&utm_campaign=dedicated-server-prices
Intel Xeon E5 1410 v2 2.80GHz 4 cores,Intel Xeon E5 1410 v2 2.80GHz 4 cores,4,8,5715,96 GB DDR3,96,2 x 6 TB (HDD),12000,False,Unmetered @ 1 Gbps,"Amsterdam, NL",Netherlands,NL,69,EUR,85.0,https://valebyte.com/en/servers/intel-xeon-e5-1410-v2-2-80ghz-4-96gb-12002gb-amsterdam-nl-cc74b4/?utm_source=github&utm_medium=dataset&utm_campaign=dedicated-server-prices
Intel Xeon D-1531 2.20GHz 6 cores,Intel Xeon D-1531 2.20GHz 6 cores,6,12,7967,32 GB DDR4,32,2 x 500 GB (SATA SSD),1000,False,Unmetered @ 500 Mbps,"Amsterdam, NL",Netherlands,NL,71,EUR,88.0,https://valebyte.com/en/servers/intel-xeon-d-1531-2-20ghz-6-32gb-1000gb-amsterdam-nl-58faf4/?utm_source=github&utm_medium=dataset&utm_campaign=dedicated-server-prices
Intel Xeon D-1531 2.20GHz 6 cores,Intel Xeon D-1531 2.20GHz 6 cores,6,12,7967,32 GB DDR4,32,2 x 500 GB (SATA SSD),1000,False,Unmetered @ 500 Mbps,"Paris, FR",France,FR,71,EUR,88.0,https://valebyte.com/en/servers/intel-xeon-d-1531-2-20ghz-6-32gb-1000gb-paris-fr-bfb1d4/?utm_source=github&utm_medium=dataset&utm_campaign=dedicated-server-prices
Intel Xeon E3-1240 v6 3.7GHz 4 cores,Intel Xeon E3-1240 v6 3.7GHz 4 cores,4,8,,32 GB DDR3,32,3x 500 GB (SSD SATA),1500,False,Unmetered @ 1 Gbps,"Paris, FR",France,FR,71,EUR,88.0,https://valebyte.com/en/servers/intel-xeon-e3-1240-v6-37ghz-4-cores-paris-fr-3/?utm_source=github&utm_medium=dataset&utm_campaign=dedicated-server-prices
Intel Xeon E3-1240 v6 3.7GHz 4 cores,Intel Xeon E3-1240 v6 3.7GHz 4 cores,4,8,,64 GB DDR4,64,3x 1 TB (SSD SATA),3000,False,Unmetered @ 1 Gbps,"Paris, FR",France,FR,72,EUR,89.0,https://valebyte.com/en/servers/intel-xeon-e3-1240-v6-37ghz-4-cores-paris-fr-4/?utm_source=github&utm_medium=dataset&utm_campaign=dedicated-server-prices
Intel Xeon E-2288G 3.7GHz 8 cores,Intel Xeon E-2288G 3.7GHz 8 cores,8,16,,32 GB DDR4,32,2x 960 GB (SSD NVMe),1920,True,Unmetered @ 1 Gbps,"Warsaw, PL",Poland,PL,72,EUR,89.0,https://valebyte.com/en/servers/intel-xeon-e-2288g-37ghz-8-cores-warsaw-pl/?utm_source=github&utm_medium=dataset&utm_campaign=dedicated-server-prices
Intel Xeon E3-1275 v6 3.8GHz 4 cores,Intel Xeon E3-1275 v6 3.8GHz 4 cores,4,8,,32 GB DDR4,32,2x 1 TB (HDD SATA),2000,False,Unmetered @ 1 Gbps,"Dusseldorf, DE",Germany,DE,72,EUR,89.0,https://valebyte.com/en/servers/intel-xeon-e3-1275-v6-38ghz-4-cores-dusseldorf-de/?utm_source=github&utm_medium=dataset&utm_campaign=dedicated-server-prices
AMD Ryzen 5 3600 3.6GHz 6 cores,AMD Ryzen 5 3600 3.6GHz 6 cores,6,12,,64 GB DDR4,64,500 GB (SSD NVMe),500,True,Unmetered @ 1 Gbps,"Oslo, NO",Norway,NO,72,EUR,89.0,https://valebyte.com/en/servers/amd-ryzen-5-3600-36ghz-6-cores-oslo-no-1/?utm_source=github&utm_medium=dataset&utm_campaign=dedicated-server-prices
Intel Core i7-7700K 4.2GHz 4 cores,Intel Core i7-7700K 4.2GHz 4 cores,4,8,,64 GB DDR4,64,2x 450 GB (SSD NVMe) & 4 TB (HDD SATA),4900,True,10 TB @ 1 Gbps,"Sydney, AU",Australia,AU,73,EUR,90.0,https://valebyte.com/en/servers/intel-core-i7-7700k-42ghz-4-cores-sydney-au-1/?utm_source=github&utm_medium=dataset&utm_campaign=dedicated-server-prices
E5-1650 v3,E5-1650 v3,,12,,16GB,16,1 TB (HDD),1000,False,Unmetered @ 1 Gbps,"Los Angeles, US",United States,US,90,USD,90.0,https://valebyte.com/en/servers/e5-1650-v3-los-angeles-us/?utm_source=github&utm_medium=dataset&utm_campaign=dedicated-server-prices
Intel Xeon E3 1220 or equivalent,"Intel Xeon E3 1220 or equivalent, 4C/4T @ 3.1GHz",4,4,,32 GB DDR3,32,2x953GB (SSD),1906,False,Unmetered @ 500 Mbps,"Amsterdam, NL",Netherlands,NL,74,EUR,91.0,https://valebyte.com/en/servers/intel-xeon-e3-1220-or-equivalent-amsterdam-nl/?utm_source=github&utm_medium=dataset&utm_campaign=dedicated-server-prices
Intel Xeon E3 1220 or equivalent,"Intel Xeon E3 1220 or equivalent, 4C/4T @ 3.1GHz",4,4,,32 GB DDR3,32,2x953GB (SSD),1906,False,Unmetered @ 500 Mbps,"Paris, FR",France,FR,74,EUR,91.0,https://valebyte.com/en/servers/scaleway-em-a116x-ssd-paris-fr/?utm_source=github&utm_medium=dataset&utm_campaign=dedicated-server-prices
Intel Xeon E3 1220 or equivalent,"Intel Xeon E3 1220 or equivalent, 4C/4T @ 3.1GHz",4,4,,32 GB DDR3,32,2x953GB (SSD),1906,False,Unmetered @ 500 Mbps,"Paris, FR",France,FR,74,EUR,91.0,https://valebyte.com/en/servers/intel-xeon-e3-1220-or-equivalent-paris-fr/?utm_source=github&utm_medium=dataset&utm_campaign=dedicated-server-prices
Intel Xeon E3 1220 or equivalent,"Intel Xeon E3 1220 or equivalent, 4C/4T @ 3.1GHz",4,4,,32 GB DDR3,32,2x953GB (SSD),1906,False,Unmetered @ 500 Mbps,"Amsterdam, NL",Netherlands,NL,74,EUR,91.0,https://valebyte.com/en/servers/scaleway-em-a116x-ssd-amsterdam-nl/?utm_source=github&utm_medium=dataset&utm_campaign=dedicated-server-prices
Intel Xeon E3 1220 or equivalent,"Intel Xeon E3 1220 or equivalent, 4C/4T @ 3.1GHz",4,4,,32 GB DDR3,32,2x953GB (SSD),1906,False,Unmetered @ 500 Mbps,"Warsaw, PL",Poland,PL,74,EUR,91.0,https://valebyte.com/en/servers/scaleway-em-a116x-ssd-warsaw-pl/?utm_source=github&utm_medium=dataset&utm_campaign=dedicated-server-prices
Intel Xeon E3 1220 or equivalent,"Intel Xeon E3 1220 or equivalent, 4C/4T @ 3.1GHz",4,4,,32 GB DDR3,32,2x953GB (SSD),1906,False,Unmetered @ 500 Mbps,"Warsaw, PL",Poland,PL,74,EUR,91.0,https://valebyte.com/en/servers/intel-xeon-e3-1220-or-equivalent-warsaw-pl/?utm_source=github&utm_medium=dataset&utm_campaign=dedicated-server-prices
Intel Xeon E5-1410 v2 2.8GHz 4 cores,Intel Xeon E5-1410 v2 2.8GHz 4 cores,4,8,,96 GB DDR3,96,2x 6 TB (HDD SATA),12000,False,Unmetered @ 1 Gbps,"Paris, FR",France,FR,76,EUR,94.0,https://valebyte.com/en/servers/intel-xeon-e5-1410-v2-28ghz-4-cores-paris-fr-1/?utm_source=github&utm_medium=dataset&utm_campaign=dedicated-server-prices
Intel Core i7-7700,Intel Core i7-7700,,,,32 GB DDR4,32,2x 512 GB (SSD SATA),1024,False,Unmetered @ 1 Gbps,"Falkenstein, Germany",Germany,DE,76,EUR,94.0,https://valebyte.com/en/servers/intel-core-i7-7700-falkenstein-germany/?utm_source=github&utm_medium=dataset&utm_campaign=dedicated-server-prices
Intel Xeon E5-1410 v2 2.8GHz 4 cores,Intel Xeon E5-1410 v2 2.8GHz 4 cores,4,8,,96 GB DDR3,96,2x 6 TB (HDD SATA),12000,False,Unmetered @ 1 Gbps,"Amsterdam, NL",Netherlands,NL,76,EUR,94.0,https://valebyte.com/en/servers/intel-xeon-e5-1410-v2-28ghz-4-cores-amsterdam-nl/?utm_source=github&utm_medium=dataset&utm_campaign=dedicated-server-prices
Intel Xeon E5-1410 v2 2.8GHz 4 cores,Intel Xeon E5-1410 v2 2.8GHz 4 cores,4,8,,96 GB DDR3,96,2x 6 TB (HDD SATA),12000,False,Unmetered @ 1 Gbps,"Warsaw, PL",Poland,PL,76,EUR,94.0,https://valebyte.com/en/servers/intel-xeon-e5-1410-v2-28ghz-4-cores-warsaw-pl/?utm_source=github&utm_medium=dataset&utm_campaign=dedicated-server-prices
Intel Xeon E-2136 3.3GHz 6 cores,Intel Xeon E-2136 3.3GHz 6 cores,6,12,,32 GB DDR4,32,2x 2 TB (HDD SATA),4000,False,Unmetered @ 1 Gbps,"Dusseldorf, DE",Germany,DE,76,EUR,94.0,https://valebyte.com/en/servers/intel-xeon-e-2136-33ghz-6-cores-dusseldorf-de/?utm_source=github&utm_medium=dataset&utm_campaign=dedicated-server-prices
Intel Xeon E-2336 2.9GHz 6 cores,Intel Xeon E-2336 2.9GHz 6 cores,6,12,,64 GB DDR4,64,2x 480 GB (SSD SATA) & 2x 10 TB (HDD SATA),20960,False,100 TB @ 1 Gbps,"Amsterdam, NL",Netherlands,NL,76,EUR,94.0,https://valebyte.com/en/servers/intel-xeon-e-2336-29ghz-6-cores-amsterdam-nl-1/?utm_source=github&utm_medium=dataset&utm_campaign=dedicated-server-prices
Intel Core i7-7700,Intel Core i7-7700,,,,64 GB DDR4,64,2x 256 GB (SSD SATA),512,False,Unmetered @ 1 Gbps,"Falkenstein, Germany",Germany,DE,76,EUR,94.0,https://valebyte.com/en/servers/intel-core-i7-7700-falkenstein-germany-1/?utm_source=github&utm_medium=dataset&utm_campaign=dedicated-server-prices
Intel Core i7-6700,Intel Core i7-6700,,,,64 GB DDR4,64,2x 512 GB (NVMe),1024,True,Unmetered @ 1 Gbps,"Falkenstein, Germany",Germany,DE,76,EUR,94.0,https://valebyte.com/en/servers/intel-core-i7-6700-falkenstein-germany/?utm_source=github&utm_medium=dataset&utm_campaign=dedicated-server-prices
Intel Xeon E3-1275v5,Intel Xeon E3-1275v5,,,,64 GB DDR4 ECC,64,2x 480 GB (SSD SATA),960,False,Unmetered @ 1 Gbps,"Falkenstein, Germany",Germany,DE,77,EUR,95.0,https://valebyte.com/en/servers/intel-xeon-e3-1275v5-falkenstein-germany/?utm_source=github&utm_medium=dataset&utm_campaign=dedicated-server-prices
Intel Core i7-7700,Intel Core i7-7700,,,,32 GB DDR4,32,2x 512 GB (SSD SATA),1024,False,Unmetered @ 1 Gbps,"Helsinki, Finland",Finland,FI,77,EUR,95.0,https://valebyte.com/en/servers/intel-core-i7-7700-helsinki-finland-1/?utm_source=github&utm_medium=dataset&utm_campaign=dedicated-server-prices
Intel Xeon E3-1275V6,Intel Xeon E3-1275V6,,,,64 GB DDR4 ECC,64,2x 4.0 TB (HDD),12000,False,Unmetered @ 1 Gbps,"Falkenstein, Germany",Germany,DE,77,EUR,95.0,https://valebyte.com/en/servers/intel-xeon-e3-1275v6-falkenstein-germany/?utm_source=github&utm_medium=dataset&utm_campaign=dedicated-server-prices
Intel Xeon E3 1240v6 3.70GHz 4 cores,Intel Xeon E3 1240v6 3.70GHz 4 cores,4,8,8809,64 GB DDR4,64,2 x 500 GB (SATA SSD),1000,False,Unmetered @ 500 Mbps,"Amsterdam, NL",Netherlands,NL,77,EUR,95.0,https://valebyte.com/en/servers/intel-xeon-e3-1240v6-3-70ghz-4-64gb-1000gb-amsterdam-nl-dcf867/?utm_source=github&utm_medium=dataset&utm_campaign=dedicated-server-prices
Intel Xeon E3 1240v6 3.70GHz 4 cores,Intel Xeon E3 1240v6 3.70GHz 4 cores,4,8,8809,64 GB DDR4,64,2 x 500 GB (SATA SSD),1000,False,Unmetered @ 500 Mbps,"Paris, FR",France,FR,77,EUR,95.0,https://valebyte.com/en/servers/intel-xeon-e3-1240v6-3-70ghz-4-64gb-1000gb-paris-fr-b5c039/?utm_source=github&utm_medium=dataset&utm_campaign=dedicated-server-prices
Intel Core i7-7700,Intel Core i7-7700,,,,64 GB DDR4,64,2x 2.0 TB (HDD),4000,False,Unmetered @ 1 Gbps,"Helsinki, Finland",Finland,FI,77,EUR,95.0,https://valebyte.com/en/servers/intel-core-i7-7700-helsinki-finland/?utm_source=github&utm_medium=dataset&utm_campaign=dedicated-server-prices
Intel Xeon E3-1240 v6 3.7GHz 4 cores,Intel Xeon E3-1240 v6 3.7GHz 4 cores,4,8,,64 GB DDR4,64,3x 1 TB (SSD SATA),3000,False,Unmetered @ 1 Gbps,"Amsterdam, NL",Netherlands,NL,78,EUR,96.0,https://valebyte.com/en/servers/intel-xeon-e3-1240-v6-37ghz-4-cores-amsterdam-nl-1/?utm_source=github&utm_medium=dataset&utm_campaign=dedicated-server-prices
Intel Xeon E3 1245v5 3.50GHz 4 cores,Intel Xeon E3 1245v5 3.50GHz 4 cores,4,8,8038,64 GB DDR4,64,3 x 500 GB (SATA SSD),1500,False,Unmetered @ 300 Mbps,"Paris, FR",France,FR,78,EUR,96.0,https://valebyte.com/en/servers/intel-xeon-e3-1245v5-3-50ghz-4-64gb-1500gb-paris-fr-a9008e/?utm_source=github&utm_medium=dataset&utm_campaign=dedicated-server-prices
Intel Xeon E5-1650 v3 3.5GHz 6 cores,Intel Xeon E5-1650 v3 3.5GHz 6 cores,6,12,,96 GB DDR4,96,3x 500 GB (SSD SATA),1500,False,Unmetered @ 1 Gbps,"Paris, FR",France,FR,78,EUR,96.0,https://valebyte.com/en/servers/intel-xeon-e5-1650-v3-35ghz-6-cores-paris-fr/?utm_source=github&utm_medium=dataset&utm_campaign=dedicated-server-prices
Intel Xeon E3-1271 v3 3.6GHz 4 cores,Intel Xeon E3-1271 v3 3.6GHz 4 cores,4,8,,16 GB DDR3,16,2x 500 GB (SSD SATA),1000,False,50 TB @ 1 Gbps,"Helsinki, FI",Finland,FI,78,EUR,96.0,https://valebyte.com/en/servers/intel-xeon-e3-1271-v3-36ghz-4-cores-helsinki-fi/?utm_source=github&utm_medium=dataset&utm_campaign=dedicated-server-prices
[Dual] Intel Xeon E5-2430 v2 2.5GHz 6 cores,[Dual] Intel Xeon E5-2430 v2 2.5GHz 6 cores,6,12,,64 GB DDR4,64,4x 4 TB (HDD SATA),16000,False,Unmetered @ 1 Gbps,"London, UK",UK,UK,78,EUR,96.0,https://valebyte.com/en/servers/dual-intel-xeon-e5-2430-v2-25ghz-6-cores-london-uk/?utm_source=github&utm_medium=dataset&utm_campaign=dedicated-server-prices
Intel Xeon E5-1650V3,Intel Xeon E5-1650V3,,,,64 GB DDR4 ECC,64,2x 2.0 TB (HDD),4000,False,Unmetered @ 1 Gbps,"Falkenstein, Germany",Germany,DE,78,EUR,96.0,https://valebyte.com/en/servers/intel-xeon-e5-1650v3-falkenstein-germany/?utm_source=github&utm_medium=dataset&utm_campaign=dedicated-server-prices
AMD Ryzen 5 3600X 3.8GHz 6 cores,AMD Ryzen 5 3600X 3.8GHz 6 cores,6,12,,64 GB DDR4 ECC,64,2x 512 GB (NVME SoftRAID),1024,True,Unmetered @ 500 Mbps,"Frankfurt, DE",Germany,DE,79,EUR,97.0,https://valebyte.com/en/servers/amd-ryzen-5-3600x-38ghz-6-cores-frankfurt-de/?utm_source=github&utm_medium=dataset&utm_campaign=dedicated-server-prices
AMD Ryzen 5 3600X 3.8GHz 6 cores,AMD Ryzen 5 3600X 3.8GHz 6 cores,6,12,,64 GB DDR4 ECC,64,2x 512 GB (NVME SoftRAID),1024,True,Unmetered @ 500 Mbps,"Beauharnois, CA",Canada,CA,79,EUR,97.0,https://valebyte.com/en/servers/amd-ryzen-5-3600x-38ghz-6-cores-beauharnois-ca/?utm_source=github&utm_medium=dataset&utm_campaign=dedicated-server-prices
AMD Ryzen 5 3600X 3.8GHz 6 cores,AMD Ryzen 5 3600X 3.8GHz 6 cores,6,12,,64 GB DDR4 ECC,64,2x 512 GB (NVME SoftRAID),1024,True,Unmetered @ 500 Mbps,"London, GB",London,,79,EUR,97.0,https://valebyte.com/en/servers/amd-ryzen-5-3600x-38ghz-6-cores-london-gb/?utm_source=github&utm_medium=dataset&utm_campaign=dedicated-server-prices
Intel Xeon E3-1230 v3 3.3GHz 4 cores,Intel Xeon E3-1230 v3 3.3GHz 4 cores,4,8,,16 GB DDR3,16,250 GB (SSD SATA),250,False,Unmetered @ 10 Mbps,"Seoul, KR",South Korea,KR,79,EUR,97.0,https://valebyte.com/en/servers/intel-xeon-e3-1230-v3-33ghz-4-cores-seoul-kr/?utm_source=github&utm_medium=dataset&utm_campaign=dedicated-server-prices
AMD Ryzen 5 3600X 3.8GHz 6 cores,AMD Ryzen 5 3600X 3.8GHz 6 cores,6,12,,64 GB DDR4 ECC,64,2x 512 GB (NVME SoftRAID),1024,True,Unmetered @ 500 Mbps,"Warsaw, PL",Poland,PL,79,EUR,97.0,https://valebyte.com/en/servers/amd-ryzen-5-3600x-38ghz-6-cores-warsaw-pl/?utm_source=github&utm_medium=dataset&utm_campaign=dedicated-server-prices
AMD Ryzen 5 3600X 3.8GHz 6 cores,AMD Ryzen 5 3600X 3.8GHz 6 cores,6,12,,64 GB DDR4 ECC,64,2x 512 GB (NVME SoftRAID),1024,True,Unmetered @ 500 Mbps,"Gravelines, FR",France,FR,79,EUR,97.0,https://valebyte.com/en/servers/amd-ryzen-5-3600x-38ghz-6-cores-gravelines-fr/?utm_source=github&utm_medium=dataset&utm_campaign=dedicated-server-prices
Intel Xeon E3-1230 v2 3.3GHz 4 cores,Intel Xeon E3-1230 v2 3.3GHz 4 cores,4,8,,16 GB DDR3,16,4 TB (HDD SATA),4000,False,Unmetered @ 1 Gbps,"Vancouver, CA",Canada,CA,79,EUR,97.0,https://valebyte.com/en/servers/intel-xeon-e3-1230-v2-33ghz-4-cores-vancouver-ca/?utm_source=github&utm_medium=dataset&utm_campaign=dedicated-server-prices
Intel Xeon E5-1650 3.2GHz 6 cores,Intel Xeon E5-1650 3.2GHz 6 cores,6,12,,64 GB DDR3,64,2x 3 TB (HDD SATA),6000,False,Unmetered @ 1 Gbps,"Paris, FR",France,FR,81,EUR,100.0,https://valebyte.com/en/servers/intel-xeon-e5-1650-32ghz-6-cores-paris-fr-1/?utm_source=github&utm_medium=dataset&utm_campaign=dedicated-server-prices
E5-1650 v3,E5-1650 v3,,12,,32GB,32,1 TB (HDD),1000,False,Unmetered @ 1 Gbps,"Ashburn, US",United States,US,103,USD,103.0,https://valebyte.com/en/servers/e5-1650-v3-ashburn-us/?utm_source=github&utm_medium=dataset&utm_campaign=dedicated-server-prices
Intel Xeon E5-1650 v3 3.5GHz 6 cores,Intel Xeon E5-1650 v3 3.5GHz 6 cores,6,12,,96 GB DDR4,96,3x 500 GB (SSD SATA),1500,False,Unmetered @ 1 Gbps,"Amsterdam, NL",Netherlands,NL,84,EUR,104.0,https://valebyte.com/en/servers/intel-xeon-e5-1650-v3-35ghz-6-cores-amsterdam-nl/?utm_source=github&utm_medium=dataset&utm_campaign=dedicated-server-prices
Intel Core i7-8700,Intel Core i7-8700,,,,64 GB DDR4,64,2x 2.0 TB (HDD),4000,False,Unmetered @ 1 Gbps,"Falkenstein, Germany",Germany,DE,84,EUR,104.0,https://valebyte.com/en/servers/intel-core-i7-8700-falkenstein-germany/?utm_source=github&utm_medium=dataset&utm_campaign=dedicated-server-prices
Intel Core i7-9700K 3.6GHz 8 cores,Intel Core i7-9700K 3.6GHz 8 cores,8,8,,64 GB DDR4,64,2x 2 TB (HDD SATA),4000,False,Unmetered @ 1 Gbps,"Dusseldorf, DE",Germany,DE,84,EUR,104.0,https://valebyte.com/en/servers/intel-core-i7-9700k-36ghz-8-cores-dusseldorf-de/?utm_source=github&utm_medium=dataset&utm_campaign=dedicated-server-prices
AMD Ryzen 7 3700X 3.6GHz 8 cores,AMD Ryzen 7 3700X 3.6GHz 8 cores,8,16,,64 GB DDR4,64,2x 2 TB (HDD SATA),4000,False,Unmetered @ 1 Gbps,"Dusseldorf, DE",Germany,DE,84,EUR,104.0,https://valebyte.com/en/servers/amd-ryzen-7-3700x-36ghz-8-cores-dusseldorf-de/?utm_source=github&utm_medium=dataset&utm_campaign=dedicated-server-prices
Intel Xeon E5-1410 v2 2.8GHz 4 cores,Intel Xeon E5-1410 v2 2.8GHz 4 cores,4,8,,64 GB DDR3,64,2x 1 TB (SSD SATA),2000,False,Unmetered @ 1 Gbps,"Paris, FR",France,FR,84,EUR,104.0,https://valebyte.com/en/servers/intel-xeon-e5-1410-v2-28ghz-4-cores-paris-fr-2/?utm_source=github&utm_medium=dataset&utm_campaign=dedicated-server-prices
Intel Core i7-3820 3.6GHz 4 cores,Intel Core i7-3820 3.6GHz 4 cores,4,8,,16 GB DDR3,16,4 TB (HDD SATA),4000,False,Unmetered @ 1 Gbps,"Vancouver, CA",Canada,CA,84,EUR,104.0,https://valebyte.com/en/servers/intel-core-i7-3820-36ghz-4-cores-vancouver-ca/?utm_source=github&utm_medium=dataset&utm_campaign=dedicated-server-prices
Intel Core i7-4770 3.4GHz 4 cores,Intel Core i7-4770 3.4GHz 4 cores,4,8,,8 GB DDR3,8,2x 240 GB (SSD SATA),480,False,20 TB @ 1 Gbps,"Chisinau, MD",Moldova,MD,85,EUR,105.0,https://valebyte.com/en/servers/intel-core-i7-4770-34ghz-4-cores-chisinau-md/?utm_source=github&utm_medium=dataset&utm_campaign=dedicated-server-prices
Intel Core i3-10100 3.6GHz 4 cores,Intel Core i3-10100 3.6GHz 4 cores,4,8,,16 GB DDR4,16,2x 512 GB (SSD SATA),1024,False,Unmetered @ 1 Gbps,"Riga, LV",Latvia,LV,85,EUR,105.0,https://valebyte.com/en/servers/intel-core-i3-10100-36ghz-4-cores-riga-lv/?utm_source=github&utm_medium=dataset&utm_campaign=dedicated-server-prices
Intel Xeon E5-2643 v4 3.4GHz 6 cores,Intel Xeon E5-2643 v4 3.4GHz 6 cores,6,12,,16 GB DDR4,16,2x 240 GB (SSD SATA),480,False,Unmetered @ 1 Gbps,"Manchester, UK",UK,UK,85,EUR,105.0,https://valebyte.com/en/servers/intel-xeon-e5-2643-v4-34ghz-6-cores-manchester-uk-1/?utm_source=github&utm_medium=dataset&utm_campaign=dedicated-server-prices
Intel Xeon E5-2643 v4 3.4GHz 6 cores,Intel Xeon E5-2643 v4 3.4GHz 6 cores,6,12,,16 GB DDR4,16,2x 240 GB (SSD SATA),480,False,Unmetered @ 1 Gbps,"Nottingham, UK",UK,UK,85,EUR,105.0,https://valebyte.com/en/servers/intel-xeon-e5-2643-v4-34ghz-6-cores-nottingham-uk-1/?utm_source=github&utm_medium=dataset&utm_campaign=dedicated-server-prices
AMD Ryzen 5 3600X 3.8GHz 6 cores,AMD Ryzen 5 3600X 3.8GHz 6 cores,6,12,,32 GB DDR4,32,2x 512 GB (SSD NVMe),1024,True,Unmetered @ 1 Gbps,"Warsaw, PL",Poland,PL,85,EUR,105.0,https://valebyte.com/en/servers/amd-ryzen-5-3600x-38ghz-6-cores-warsaw-pl-1/?utm_source=github&utm_medium=dataset&utm_campaign=dedicated-server-prices
Intel Xeon L5630 2.133GHz 4 cores,Intel Xeon L5630 2.133GHz 4 cores,4,8,,8 GB DDR3,8,1 TB (HDD SATA),1000,False,Unmetered @ 10 Mbps,"Seoul, KR",South Korea,KR,85,EUR,105.0,https://valebyte.com/en/servers/intel-xeon-l5630-2133ghz-4-cores-seoul-kr/?utm_source=github&utm_medium=dataset&utm_campaign=dedicated-server-prices
AMD Ryzen 5 3600X 3.8GHz 6 cores,AMD Ryzen 5 3600X 3.8GHz 6 cores,6,12,,32 GB DDR4,32,2x 512 GB (SSD NVMe),1024,True,Unmetered @ 1 Gbps,"London, UK",UK,UK,85,EUR,105.0,https://valebyte.com/en/servers/amd-ryzen-5-3600x-38ghz-6-cores-london-uk/?utm_source=github&utm_medium=dataset&utm_campaign=dedicated-server-prices
Intel Xeon E3-1220L 2.2GHz 2 cores,Intel Xeon E3-1220L 2.2GHz 2 cores,2,2,,8 GB DDR3,8,250 GB (SSD SATA),250,False,Unmetered @ 10 Mbps,"Seoul, KR",South Korea,KR,85,EUR,105.0,https://valebyte.com/en/servers/intel-xeon-e3-1220l-22ghz-2-cores-seoul-kr/?utm_source=github&utm_medium=dataset&utm_campaign=dedicated-server-prices
Intel Xeon E3-1270 3.4GHz 4 cores,Intel Xeon E3-1270 3.4GHz 4 cores,4,8,,8 GB DDR3,8,250 GB (SSD SATA),250,False,Unmetered @ 10 Mbps,"Seoul, KR",South Korea,KR,85,EUR,105.0,https://valebyte.com/en/servers/intel-xeon-e3-1270-34ghz-4-cores-seoul-kr/?utm_source=github&utm_medium=dataset&utm_campaign=dedicated-server-prices
Intel Core i3-9100 3.6GHz 4 cores,Intel Core i3-9100 3.6GHz 4 cores,4,8,,16 GB DDR4,16,240 GB (SSD NVMe),240,True,Unmetered @ 1 Gbps,"Lisbon, PT",Portugal,PT,85,EUR,105.0,https://valebyte.com/en/servers/intel-core-i3-9100-36ghz-4-cores-lisbon-pt/?utm_source=github&utm_medium=dataset&utm_campaign=dedicated-server-prices
AMD Ryzen 5 3600X 3.8GHz 6 cores,AMD Ryzen 5 3600X 3.8GHz 6 cores,6,12,,32 GB DDR4,32,2x 512 GB (SSD NVMe),1024,True,Unmetered @ 1 Gbps,"Frankfurt, DE",Germany,DE,86,EUR,106.0,https://valebyte.com/en/servers/amd-ryzen-5-3600x-38ghz-6-cores-frankfurt-de-1/?utm_source=github&utm_medium=dataset&utm_campaign=dedicated-server-prices
Intel Xeon E5 1650 3.20GHz 6 cores,Intel Xeon E5 1650 3.20GHz 6 cores,6,12,8086,64 GB DDR3,64,2 x 1.02 TB (SSD),2040,False,Unmetered @ 1 Gbps,"Amsterdam, NL",Netherlands,NL,86,EUR,106.0,https://valebyte.com/en/servers/intel-xeon-e5-1650-3-20ghz-6-64gb-2048gb-amsterdam-nl-cbd93e/?utm_source=github&utm_medium=dataset&utm_campaign=dedicated-server-prices
Intel Xeon E5 1410 v2 2.80GHz 4 cores,Intel Xeon E5 1410 v2 2.80GHz 4 cores,4,8,5715,64 GB DDR3,64,2 x 1.02 TB (SSD),2040,False,Unmetered @ 1 Gbps,"Amsterdam, NL",Netherlands,NL,86,EUR,106.0,https://valebyte.com/en/servers/intel-xeon-e5-1410-v2-2-80ghz-4-64gb-2048gb-amsterdam-nl-1bce44/?utm_source=github&utm_medium=dataset&utm_campaign=dedicated-server-prices
Intel Xeon E5 1650 3.20GHz 6 cores,Intel Xeon E5 1650 3.20GHz 6 cores,6,12,8086,64 GB DDR3,64,2 x 1.02 TB (SSD),2040,False,Unmetered @ 1 Gbps,"Warsaw, PL",Poland,PL,86,EUR,106.0,https://valebyte.com/en/servers/intel-xeon-e5-1650-3-20ghz-6-64gb-2048gb-warsaw-pl-69afe1/?utm_source=github&utm_medium=dataset&utm_campaign=dedicated-server-prices
Intel Xeon E5 1650 3.20GHz 6 cores,Intel Xeon E5 1650 3.20GHz 6 cores,6,12,8086,64 GB DDR3,64,2 x 1.02 TB (SSD),2040,False,Unmetered @ 1 Gbps,"Paris, FR",France,FR,86,EUR,106.0,https://valebyte.com/en/servers/intel-xeon-e5-1650-3-20ghz-6-64gb-2048gb-paris-fr-7a3b8b/?utm_source=github&utm_medium=dataset&utm_campaign=dedicated-server-prices
Intel Xeon E5 1410 v2 2.80GHz 4 cores,Intel Xeon E5 1410 v2 2.80GHz 4 cores,4,8,5715,64 GB DDR3,64,2 x 1.02 TB (SSD),2040,False,Unmetered @ 1 Gbps,"Paris, FR",France,FR,86,EUR,106.0,https://valebyte.com/en/servers/intel-xeon-e5-1410-v2-2-80ghz-4-64gb-2048gb-paris-fr-b257f3/?utm_source=github&utm_medium=dataset&utm_campaign=dedicated-server-prices
Intel Xeon E5 1410 v2 2.80GHz 4 cores,Intel Xeon E5 1410 v2 2.80GHz 4 cores,4,8,5715,64 GB DDR3,64,2 x 1.02 TB (SSD),2040,False,Unmetered @ 1 Gbps,"Warsaw, PL",Poland,PL,86,EUR,106.0,https://valebyte.com/en/servers/intel-xeon-e5-1410-v2-2-80ghz-4-64gb-2048gb-warsaw-pl-55349d/?utm_source=github&utm_medium=dataset&utm_campaign=dedicated-server-prices
AMD Ryzen 5 Pro 3600 3.6GHz 6 cores,AMD Ryzen 5 Pro 3600 3.6GHz 6 cores,6,12,,32 GB DDR4 ECC,32,4x 6 TB (SATA SoftRAID),24000,False,Unmetered @ 1 Gbps,"Gravelines, FR",France,FR,87,EUR,107.0,https://valebyte.com/en/servers/amd-ryzen-5-pro-3600-36ghz-6-cores-gravelines-fr/?utm_source=github&utm_medium=dataset&utm_campaign=dedicated-server-prices
AMD Ryzen 5 Pro 3600 3.6GHz 6 cores,AMD Ryzen 5 Pro 3600 3.6GHz 6 cores,6,12,,32 GB DDR4 ECC,32,4x 6 TB (SATA SoftRAID),24000,False,Unmetered @ 1 Gbps,"Frankfurt, DE",Germany,DE,87,EUR,107.0,https://valebyte.com/en/servers/amd-ryzen-5-pro-3600-36ghz-6-cores-frankfurt-de-2/?utm_source=github&utm_medium=dataset&utm_campaign=dedicated-server-prices
Intel i7-6700k 4.0GHz 4 cores,Intel i7-6700k 4.0GHz 4 cores,4,8,,32 GB DDR4,32,480 GB (SSD SoftRAID),480,False,Unmetered @ 500 Mbps,"Singapore, SG",Singapore,SG,87,EUR,107.0,https://valebyte.com/en/servers/intel-i7-6700k-40ghz-4-cores-singapore-sg/?utm_source=github&utm_medium=dataset&utm_campaign=dedicated-server-prices
AMD Ryzen 5 3600,AMD Ryzen 5 3600,,,,64 GB DDR4,64,2x 6.0 TB (HDD),12000,False,Unmetered @ 1 Gbps,"Falkenstein, Germany",Germany,DE,88,EUR,108.0,https://valebyte.com/en/servers/amd-ryzen-5-3600-falkenstein-germany/?utm_source=github&utm_medium=dataset&utm_campaign=dedicated-server-prices
Intel Xeon E-2174G 3.8GHz 4 cores,Intel Xeon E-2174G 3.8GHz 4 cores,4,8,,64 GB DDR4,64,2x 2 TB (HDD SATA),4000,False,Unmetered @ 1 Gbps,"London, UK",UK,UK,89,EUR,110.0,https://valebyte.com/en/servers/intel-xeon-e-2174g-38ghz-4-cores-london-uk/?utm_source=github&utm_medium=dataset&utm_campaign=dedicated-server-prices
Intel Xeon E-2186G 3.8GHz 6 cores,Intel Xeon E-2186G 3.8GHz 6 cores,6,12,,32 GB DDR4,32,2x 2 TB (HDD SATA),4000,False,Unmetered @ 1 Gbps,"Dusseldorf, DE",Germany,DE,89,EUR,110.0,https://valebyte.com/en/servers/intel-xeon-e-2186g-38ghz-6-cores-dusseldorf-de/?utm_source=github&utm_medium=dataset&utm_campaign=dedicated-server-prices
Intel Xeon E-2246G 3.6GHz 6 cores,Intel Xeon E-2246G 3.6GHz 6 cores,6,12,,32 GB DDR4,32,2x 480 GB (SSD NVMe),960,True,Unmetered @ 1 Gbps,"Paris, FR",France,FR,89,EUR,110.0,https://valebyte.com/en/servers/intel-xeon-e-2246g-36ghz-6-cores-paris-fr/?utm_source=github&utm_medium=dataset&utm_campaign=dedicated-server-prices
E5-1650 v4,E5-1650 v4,,12,,32GB,32,1 TB (HDD),1000,False,Unmetered @ 1 Gbps,"Amsterdam, NL",Netherlands,NL,110,USD,110.0,https://valebyte.com/en/servers/e5-1650-v4-amsterdam-nl/?utm_source=github&utm_medium=dataset&utm_campaign=dedicated-server-prices
Intel Xeon-E 2386G 3.5GHz 6 cores,Intel Xeon-E 2386G 3.5GHz 6 cores,6,12,,32 GB DDR4 ECC,32,2x 512 GB (NVME SoftRAID),1024,True,Unmetered @ 1 Gbps,"Roubaix, FR",France,FR,90,EUR,111.0,https://valebyte.com/en/servers/intel-xeon-e-2386g-35ghz-6-cores-roubaix-fr-1/?utm_source=github&utm_medium=dataset&utm_campaign=dedicated-server-prices
Intel Xeon E5 1410v2 2.80GHz 4 cores,Intel Xeon E5 1410v2 2.80GHz 4 cores,4,8,5842,64 GB DDR3,64,2 x 1 TB (SATA SSD),2000,False,Unmetered @ 500 Mbps,"Paris, FR",France,FR,90,EUR,111.0,https://valebyte.com/en/servers/intel-xeon-e5-1410v2-2-80ghz-4-64gb-2000gb-paris-fr-56a5cf/?utm_source=github&utm_medium=dataset&utm_campaign=dedicated-server-prices
Intel Xeon-E 2386G 3.5GHz 6 cores,Intel Xeon-E 2386G 3.5GHz 6 cores,6,12,,32 GB DDR4 ECC,32,2x 512 GB (NVME SoftRAID),1024,True,Unmetered @ 1 Gbps,"Warsaw, PL",Poland,PL,90,EUR,111.0,https://valebyte.com/en/servers/intel-xeon-e-2386g-35ghz-6-cores-warsaw-pl-2/?utm_source=github&utm_medium=dataset&utm_campaign=dedicated-server-prices
Intel Xeon-E 2386G 3.5GHz 6 cores,Intel Xeon-E 2386G 3.5GHz 6 cores,6,12,,32 GB DDR4 ECC,32,2x 512 GB (NVME SoftRAID),1024,True,Unmetered @ 1 Gbps,"Frankfurt, DE",Germany,DE,90,EUR,111.0,https://valebyte.com/en/servers/intel-xeon-e-2386g-35ghz-6-cores-frankfurt-de-2/?utm_source=github&utm_medium=dataset&utm_campaign=dedicated-server-prices
Intel Xeon-E 2386G 3.5GHz 6 cores,Intel Xeon-E 2386G 3.5GHz 6 cores,6,12,,32 GB DDR4 ECC,32,2x 512 GB (NVME SoftRAID),1024,True,Unmetered @ 1 Gbps,"Strasbourg, FR",France,FR,90,EUR,111.0,https://valebyte.com/en/servers/intel-xeon-e-2386g-35ghz-6-cores-strasbourg-fr-1/?utm_source=github&utm_medium=dataset&utm_campaign=dedicated-server-prices
Intel Xeon-E 2386G 3.5GHz 6 cores,Intel Xeon-E 2386G 3.5GHz 6 cores,6,12,,32 GB DDR4 ECC,32,2x 512 GB (NVME SoftRAID),1024,True,Unmetered @ 1 Gbps,"Beauharnois, CA",Canada,CA,90,EUR,111.0,https://valebyte.com/en/servers/intel-xeon-e-2386g-35ghz-6-cores-beauharnois-ca-1/?utm_source=github&utm_medium=dataset&utm_campaign=dedicated-server-prices
Intel Xeon-E 2386G 3.5GHz 6 cores,Intel Xeon-E 2386G 3.5GHz 6 cores,6,12,,32 GB DDR4 ECC,32,2x 512 GB (NVME SoftRAID),1024,True,Unmetered @ 1 Gbps,"Gravelines, FR",France,FR,90,EUR,111.0,https://valebyte.com/en/servers/intel-xeon-e-2386g-35ghz-6-cores-gravelines-fr-1/?utm_source=github&utm_medium=dataset&utm_campaign=dedicated-server-prices
Intel Xeon-E 2386G 3.5GHz 6 cores,Intel Xeon-E 2386G 3.5GHz 6 cores,6,12,,32 GB DDR4 ECC,32,2x 512 GB (NVME SoftRAID),1024,True,Unmetered @ 1 Gbps,"London, GB",London,,90,EUR,111.0,https://valebyte.com/en/servers/intel-xeon-e-2386g-35ghz-6-cores-london-gb-1/?utm_source=github&utm_medium=dataset&utm_campaign=dedicated-server-prices
[Dual] Intel Xeon E5-2620 v3 2.4GHz 6 cores,[Dual] Intel Xeon E5-2620 v3 2.4GHz 6 cores,6,12,,64 GB DDR4,64,2x 2 TB (HDD SATA),4000,False,Unmetered @ 1 Gbps,"Dusseldorf, DE",Germany,DE,90,EUR,111.0,https://valebyte.com/en/servers/dual-intel-xeon-e5-2620-v3-24ghz-6-cores-dusseldorf-de/?utm_source=github&utm_medium=dataset&utm_campaign=dedicated-server-prices
Intel Xeon E5-2630L 2GHz 6 cores,Intel Xeon E5-2630L 2GHz 6 cores,6,12,,8 GB DDR3,8,250 GB (SSD SATA),250,False,Unmetered @ 10 Mbps,"Seoul, KR",South Korea,KR,91,EUR,112.0,https://valebyte.com/en/servers/intel-xeon-e5-2630l-2ghz-6-cores-seoul-kr/?utm_source=github&utm_medium=dataset&utm_campaign=dedicated-server-prices
Intel Xeon E-2286G 4GHz 6 cores,Intel Xeon E-2286G 4GHz 6 cores,8,16,,64 GB DDR4,64,512 GB (SSD SATA),512,False,Unmetered @ 1 Gbps,"London, UK",UK,UK,91,EUR,112.0,https://valebyte.com/en/servers/intel-xeon-e-2286g-4ghz-6-cores-london-uk/?utm_source=github&utm_medium=dataset&utm_campaign=dedicated-server-prices
Intel Xeon E5-2630 v3 2.4GHz 8 cores,Intel Xeon E5-2630 v3 2.4GHz 8 cores,8,16,,32 GB DDR4,32,2x 240 GB (SSD SATA),480,False,Unmetered @ 1 Gbps,"Nottingham, UK",UK,UK,91,EUR,112.0,https://valebyte.com/en/servers/intel-xeon-e5-2630-v3-24ghz-8-cores-nottingham-uk/?utm_source=github&utm_medium=dataset&utm_campaign=dedicated-server-prices
Intel Xeon E5-2630 v3 2.4GHz 8 cores,Intel Xeon E5-2630 v3 2.4GHz 8 cores,8,16,,32 GB DDR4,32,2x 240 GB (SSD SATA),480,False,Unmetered @ 1 Gbps,"Manchester, UK",UK,UK,91,EUR,112.0,https://valebyte.com/en/servers/intel-xeon-e5-2630-v3-24ghz-8-cores-manchester-uk/?utm_source=github&utm_medium=dataset&utm_campaign=dedicated-server-prices
[Dual] Intel Xeon E5-2620 2GHz 6 cores,[Dual] Intel Xeon E5-2620 2GHz 6 cores,6,12,,128 GB DDR3,128,3x 3 TB (HDD SATA),9000,False,Unmetered @ 1 Gbps,"Paris, FR",France,FR,91,EUR,112.0,https://valebyte.com/en/servers/dual-intel-xeon-e5-2620-2ghz-6-cores-paris-fr/?utm_source=github&utm_medium=dataset&utm_campaign=dedicated-server-prices
Intel Core i7-8700,Intel Core i7-8700,,,,64 GB DDR4,64,2x 6.0 TB (HDD),12000,False,Unmetered @ 1 Gbps,"Helsinki, Finland",Finland,FI,91,EUR,112.0,https://valebyte.com/en/servers/intel-core-i7-8700-helsinki-finland/?utm_source=github&utm_medium=dataset&utm_campaign=dedicated-server-prices
AMD Ryzen 5 3600X 3.8GHz 6 cores,AMD Ryzen 5 3600X 3.8GHz 6 cores,6,12,,32 GB DDR4,32,2x 512 GB (SSD NVMe),1024,True,Unmetered @ 1 Gbps,"Montreal, CA",Canada,CA,93,EUR,115.0,https://valebyte.com/en/servers/amd-ryzen-5-3600x-38ghz-6-cores-montreal-ca/?utm_source=github&utm_medium=dataset&utm_campaign=dedicated-server-prices
Intel Core i7-7700,Intel Core i7-7700,,,,64 GB DDR4,64,2x 512 GB (SSD SATA),1024,False,Unmetered @ 1 Gbps,"Nuremberg, Germany",Germany,DE,93,EUR,115.0,https://valebyte.com/en/servers/intel-core-i7-7700-nuremberg-germany/?utm_source=github&utm_medium=dataset&utm_campaign=dedicated-server-prices
Intel Xeon E3 1240v6 3.70GHz 4 cores,Intel Xeon E3 1240v6 3.70GHz 4 cores,4,8,8809,64 GB DDR4,64,3 x 1 TB (SATA SSD),3000,False,Unmetered @ 500 Mbps,"Paris, FR",France,FR,94,EUR,116.0,https://valebyte.com/en/servers/intel-xeon-e3-1240v6-3-70ghz-4-64gb-3000gb-paris-fr-3ecb32/?utm_source=github&utm_medium=dataset&utm_campaign=dedicated-server-prices
Intel Xeon E3 1230v3 3.30GHz 4 cores,Intel Xeon E3 1230v3 3.30GHz 4 cores,4,8,6833,32 GB DDR3,32,2 x 2 TB (HDD SATA),4000,False,Unmetered @ 100 Mbps,"Paris, FR",France,FR,94,EUR,116.0,https://valebyte.com/en/servers/intel-xeon-e3-1230v3-3-30ghz-4-32gb-4000gb-paris-fr-019fd8/?utm_source=github&utm_medium=dataset&utm_campaign=dedicated-server-prices
Intel Xeon E3 1240v6 3.70GHz 4 cores,Intel Xeon E3 1240v6 3.70GHz 4 cores,4,8,8809,64 GB DDR4,64,3 x 1 TB (SATA SSD),3000,False,Unmetered @ 500 Mbps,"Amsterdam, NL",Netherlands,NL,94,EUR,116.0,https://valebyte.com/en/servers/intel-xeon-e3-1240v6-3-70ghz-4-64gb-3000gb-amsterdam-nl-51ed8f/?utm_source=github&utm_medium=dataset&utm_campaign=dedicated-server-prices
Intel Xeon E3 1240v6 3.70GHz 4 cores,Intel Xeon E3 1240v6 3.70GHz 4 cores,4,8,8809,64 GB DDR4,64,3 x 500 GB (SATA SSD),1500,False,Unmetered @ 500 Mbps,"Paris, FR",France,FR,94,EUR,116.0,https://valebyte.com/en/servers/intel-xeon-e3-1240v6-3-70ghz-4-64gb-1500gb-paris-fr-673282/?utm_source=github&utm_medium=dataset&utm_campaign=dedicated-server-prices
[Dual] Intel Xeon E5-2620 v2 2.1GHz 6 cores,[Dual] Intel Xeon E5-2620 v2 2.1GHz 6 cores,6,12,,128 GB DDR3,128,2x 160 GB (SSD SATA),320,False,Unmetered @ 1 Gbps,"Paris, FR",France,FR,94,EUR,116.0,https://valebyte.com/en/servers/dual-intel-xeon-e5-2620-v2-21ghz-6-cores-paris-fr/?utm_source=github&utm_medium=dataset&utm_campaign=dedicated-server-prices
Intel Xeon E5-1410 v2 2.8GHz 4 cores,Intel Xeon E5-1410 v2 2.8GHz 4 cores,4,8,,64 GB DDR4,64,2x 1 TB (SSD SATA),2000,False,Unmetered @ 1 Gbps,"Warsaw, PL",Poland,PL,94,EUR,116.0,https://valebyte.com/en/servers/intel-xeon-e5-1410-v2-28ghz-4-cores-warsaw-pl-1/?utm_source=github&utm_medium=dataset&utm_campaign=dedicated-server-prices
Intel Xeon E5-1410 v2 2.8GHz 4 cores,Intel Xeon E5-1410 v2 2.8GHz 4 cores,4,8,,64 GB DDR4,64,2x 1 TB (SSD SATA),2000,False,Unmetered @ 1 Gbps,"Amsterdam, NL",Netherlands,NL,94,EUR,116.0,https://valebyte.com/en/servers/intel-xeon-e5-1410-v2-28ghz-4-cores-amsterdam-nl-1/?utm_source=github&utm_medium=dataset&utm_campaign=dedicated-server-prices
Intel Xeon E3-1230 v5 3GHz 4 cores,Intel Xeon E3-1230 v5 3GHz 4 cores,4,8,,8 GB DDR4,8,1 TB (HDD SATA),1000,False,5 TB @ 1 Gbps,"Copenhagen, DK",Denmark,DK,94,EUR,116.0,https://valebyte.com/en/servers/intel-xeon-e3-1230-v5-3ghz-4-cores-copenhagen-dk/?utm_source=github&utm_medium=dataset&utm_campaign=dedicated-server-prices
Intel Xeon E5-1410 v2 2.8GHz 4 cores,Intel Xeon E5-1410 v2 2.8GHz 4 cores,4,8,,64 GB DDR4,64,2x 1 TB (SSD SATA),2000,False,Unmetered @ 1 Gbps,"Paris, FR",France,FR,94,EUR,116.0,https://valebyte.com/en/servers/intel-xeon-e5-1410-v2-28ghz-4-cores-paris-fr-3/?utm_source=github&utm_medium=dataset&utm_campaign=dedicated-server-prices
E3-1230 v6,E3-1230 v6,,8,,16GB,16,1 TB (HDD),1000,False,5TB @ 1 Gbps,"Sao Paulo, BR",Brazil,BR,116,USD,116.0,https://valebyte.com/en/servers/e3-1230-v6-sao-paulo-br/?utm_source=github&utm_medium=dataset&utm_campaign=dedicated-server-prices
E3-1230 v6,E3-1230 v6,,8,,16GB,16,1 TB (HDD),1000,False,5TB @ 1 Gbps,"Johannesburg, ZA",South Africa,ZA,116,USD,116.0,https://valebyte.com/en/servers/e3-1230-v6-johannesburg-za/?utm_source=github&utm_medium=dataset&utm_campaign=dedicated-server-prices
Intel Xeon E5-1650 3.2GHz 6 cores,Intel Xeon E5-1650 3.2GHz 6 cores,6,12,,64 GB DDR4,64,2x 1 TB (SSD SATA),2000,False,Unmetered @ 1 Gbps,"Warsaw, PL",Poland,PL,95,EUR,117.0,https://valebyte.com/en/servers/intel-xeon-e5-1650-32ghz-6-cores-warsaw-pl/?utm_source=github&utm_medium=dataset&utm_campaign=dedicated-server-prices
Intel Xeon-E 2386G 3.5GHz 6 cores,Intel Xeon-E 2386G 3.5GHz 6 cores,6,12,,32 GB DDR4 ECC,32,2x 512 GB (NVME SoftRAID),1024,True,Unmetered @ 500 Mbps,"Mumbai, IN",India,IN,95,EUR,117.0,https://valebyte.com/en/servers/intel-xeon-e-2386g-35ghz-6-cores-mumbai-in-2/?utm_source=github&utm_medium=dataset&utm_campaign=dedicated-server-prices
Intel Xeon E3-1230 v3 3.3GHz 4 cores,Intel Xeon E3-1230 v3 3.3GHz 4 cores,4,8,,32 GB DDR3,32,480 GB (SSD SATA),480,False,Unmetered @ 1 Gbps,"Vancouver, CA",Canada,CA,96,EUR,118.0,https://valebyte.com/en/servers/intel-xeon-e3-1230-v3-33ghz-4-cores-vancouver-ca/?utm_source=github&utm_medium=dataset&utm_campaign=dedicated-server-prices
E3-1270 v5,E3-1270 v5,,8,,16GB,16,1 TB (HDD),1000,False,5TB @ 1 Gbps,"Johannesburg, ZA",South Africa,ZA,119,USD,119.0,https://valebyte.com/en/servers/e3-1270-v5-johannesburg-za/?utm_source=github&utm_medium=dataset&utm_campaign=dedicated-server-prices
Intel Xeon E5-1650 3.2GHz 6 cores,Intel Xeon E5-1650 3.2GHz 6 cores,6,12,,64 GB DDR4,64,2x 1 TB (SSD SATA),2000,False,Unmetered @ 1 Gbps,"Paris, FR",France,FR,97,EUR,120.0,https://valebyte.com/en/servers/intel-xeon-e5-1650-32ghz-6-cores-paris-fr-2/?utm_source=github&utm_medium=dataset&utm_campaign=dedicated-server-prices
[Dual] Intel Xeon E5-2630 v3 2.4GHz 8 cores,[Dual] Intel Xeon E5-2630 v3 2.4GHz 8 cores,8,16,,64 GB DDR4,64,4x 2 TB (HDD SATA),8000,False,Unmetered @ 1 Gbps,"Dusseldorf, DE",Germany,DE,97,EUR,120.0,https://valebyte.com/en/servers/dual-intel-xeon-e5-2630-v3-24ghz-8-cores-dusseldorf-de/?utm_source=github&utm_medium=dataset&utm_campaign=dedicated-server-prices
AMD Ryzen 5 PRO 3600 3.6GHz 6 cores,AMD Ryzen 5 PRO 3600 3.6GHz 6 cores,6,12,,32 GB DDR4,32,2x 512 GB (SSD NVMe) & 4x 6 TB (HDD SATA),25024,True,Unmetered @ 1 Gbps,"Frankfurt, DE",Germany,DE,98,EUR,121.0,https://valebyte.com/en/servers/amd-ryzen-5-pro-3600-36ghz-6-cores-frankfurt-de/?utm_source=github&utm_medium=dataset&utm_campaign=dedicated-server-prices
AMD Epyc 7451 2.3GHz 24 cores,AMD Epyc 7451 2.3GHz 24 cores,24,48,,128 GB DDR4 ECC,128,2x 4 TB (SATA SoftRAID),8000,False,Unmetered @ 500 Mbps,"Frankfurt, DE",Germany,DE,98,EUR,121.0,https://valebyte.com/en/servers/amd-epyc-7451-23ghz-24-cores-frankfurt-de-1/?utm_source=github&utm_medium=dataset&utm_campaign=dedicated-server-prices
Intel Xeon E-2234 3.6GHz 4 cores,Intel Xeon E-2234 3.6GHz 4 cores,4,8,,8 GB DDR4,8,1 TB (HDD SATA),1000,False,5 TB @ 1 Gbps,"Copenhagen, DK",Denmark,DK,98,EUR,121.0,https://valebyte.com/en/servers/intel-xeon-e-2234-36ghz-4-cores-copenhagen-dk/?utm_source=github&utm_medium=dataset&utm_campaign=dedicated-server-prices
AMD Epyc 7451 2.3GHz 24 cores,AMD Epyc 7451 2.3GHz 24 cores,24,48,,128 GB DDR4 ECC,128,2x 4 TB (SATA SoftRAID),8000,False,Unmetered @ 500 Mbps,"Beauharnois, CA",Canada,CA,98,EUR,121.0,https://valebyte.com/en/servers/amd-epyc-7451-23ghz-24-cores-beauharnois-ca/?utm_source=github&utm_medium=dataset&utm_campaign=dedicated-server-prices
AMD Epyc 7451 2.3GHz 24 cores,AMD Epyc 7451 2.3GHz 24 cores,24,48,,128 GB DDR4 ECC,128,2x 4 TB (SATA SoftRAID),8000,False,Unmetered @ 500 Mbps,"Roubaix, FR",France,FR,98,EUR,121.0,https://valebyte.com/en/servers/amd-epyc-7451-23ghz-24-cores-roubaix-fr/?utm_source=github&utm_medium=dataset&utm_campaign=dedicated-server-prices
AMD Epyc 7451 2.3GHz 24 cores,AMD Epyc 7451 2.3GHz 24 cores,24,48,,128 GB DDR4 ECC,128,2x 4 TB (SATA SoftRAID),8000,False,Unmetered @ 500 Mbps,"Gravelines, FR",France,FR,98,EUR,121.0,https://valebyte.com/en/servers/amd-epyc-7451-23ghz-24-cores-gravelines-fr/?utm_source=github&utm_medium=dataset&utm_campaign=dedicated-server-prices
Intel Xeon E-2246G 3.6GHz 6 cores,Intel Xeon E-2246G 3.6GHz 6 cores,6,12,,32 GB DDR4,32,2x 480 GB (SSD NVMe),960,True,Unmetered @ 1 Gbps,"Amsterdam, NL",Netherlands,NL,98,EUR,121.0,https://valebyte.com/en/servers/intel-xeon-e-2246g-36ghz-6-cores-amsterdam-nl/?utm_source=github&utm_medium=dataset&utm_campaign=dedicated-server-prices
Intel Core i9-9900K,Intel Core i9-9900K,,,,64 GB DDR4,64,2x 8.0 TB (HDD),16000,False,Unmetered @ 1 Gbps,"Falkenstein, Germany",Germany,DE,98,EUR,121.0,https://valebyte.com/en/servers/intel-core-i9-9900k-falkenstein-germany/?utm_source=github&utm_medium=dataset&utm_campaign=dedicated-server-prices
Intel Core i7-6700,Intel Core i7-6700,,,,64 GB DDR4,64,2x 512 GB (SSD SATA),1024,False,Unmetered @ 1 Gbps,"Nuremberg, Germany",Germany,DE,98,EUR,121.0,https://valebyte.com/en/servers/intel-core-i7-6700-nuremberg-germany/?utm_source=github&utm_medium=dataset&utm_campaign=dedicated-server-prices
E3-1230 v6,E3-1230 v6,,8,,16GB,16,1 TB (HDD),1000,False,10Mbps @ 1 Gbps,"Mumbai, IN",India,IN,123,USD,123.0,https://valebyte.com/en/servers/e3-1230-v6-mumbai-in/?utm_source=github&utm_medium=dataset&utm_campaign=dedicated-server-prices
Intel Xeon E3-1270 v6 3.8GHz 4 cores,Intel Xeon E3-1270 v6 3.8GHz 4 cores,4,8,,16 GB DDR4,16,2 TB (HDD SATA),2000,False,5 TB @ 1 Gbps,"Copenhagen, DK",Denmark,DK,101,EUR,124.0,https://valebyte.com/en/servers/intel-xeon-e3-1270-v6-38ghz-4-cores-copenhagen-dk/?utm_source=github&utm_medium=dataset&utm_campaign=dedicated-server-prices
Intel Xeon E5-1410 v2 2.8GHz 4 cores,Intel Xeon E5-1410 v2 2.8GHz 4 cores,4,8,,96 GB DDR3,96,3x 1 TB (SSD SATA),3000,False,Unmetered @ 1 Gbps,"Paris, FR",France,FR,101,EUR,124.0,https://valebyte.com/en/servers/intel-xeon-e5-1410-v2-28ghz-4-cores-paris-fr-4/?utm_source=github&utm_medium=dataset&utm_campaign=dedicated-server-prices
E3-1270 v6,E3-1270 v6,,8,,32GB,32,1 TB (HDD),1000,False,5TB @ 1 Gbps,"Johannesburg, ZA",South Africa,ZA,125,USD,125.0,https://valebyte.com/en/servers/e3-1270-v6-johannesburg-za/?utm_source=github&utm_medium=dataset&utm_campaign=dedicated-server-prices
E3-1230 v6,E3-1230 v6,,8,,32GB,32,250 GB (SSD),250,False,5TB @ 1 Gbps,"Sydney, AU",Australia,AU,125,USD,125.0,https://valebyte.com/en/servers/e3-1230-v6-sydney-au/?utm_source=github&utm_medium=dataset&utm_campaign=dedicated-server-prices
Intel Xeon E3-1230 v5 3GHz 4 cores,Intel Xeon E3-1230 v5 3GHz 4 cores,4,8,,8 GB DDR4,8,1 TB (HDD SATA),1000,False,5 TB @ 1 Gbps,"Manchester, UK",UK,UK,103,EUR,127.0,https://valebyte.com/en/servers/intel-xeon-e3-1230-v5-3ghz-4-cores-manchester-uk/?utm_source=github&utm_medium=dataset&utm_campaign=dedicated-server-prices
AMD Ryzen 7 3800X 3.9GHz 8 cores,AMD Ryzen 7 3800X 3.9GHz 8 cores,8,16,,64 GB DDR4 ECC,64,2x 960 GB (NVME SoftRAID),1920,True,Unmetered @ 500 Mbps,"Warsaw, PL",Poland,PL,103,EUR,127.0,https://valebyte.com/en/servers/amd-ryzen-7-3800x-39ghz-8-cores-warsaw-pl/?utm_source=github&utm_medium=dataset&utm_campaign=dedicated-server-prices
AMD Ryzen 7 3800X 3.9GHz 8 cores,AMD Ryzen 7 3800X 3.9GHz 8 cores,8,16,,64 GB DDR4 ECC,64,2x 960 GB (NVME SoftRAID),1920,True,Unmetered @ 500 Mbps,"London, GB",London,,103,EUR,127.0,https://valebyte.com/en/servers/amd-ryzen-7-3800x-39ghz-8-cores-london-gb/?utm_source=github&utm_medium=dataset&utm_campaign=dedicated-server-prices
Intel Xeon E3-1230 v5 3GHz 4 cores,Intel Xeon E3-1230 v5 3GHz 4 cores,4,8,,8 GB DDR4,8,1 TB (HDD SATA),1000,False,5 TB @ 1 Gbps,"Barcelona, ES",Spain,ES,103,EUR,127.0,https://valebyte.com/en/servers/intel-xeon-e3-1230-v5-3ghz-4-cores-barcelona-es/?utm_source=github&utm_medium=dataset&utm_campaign=dedicated-server-prices
AMD Ryzen 7 9700X 3.8GHz 8 cores,AMD Ryzen 7 9700X 3.8GHz 8 cores,8,16,,64 GB DDR5 ECC,64,2x 512 GB (NVME SoftRAID),1024,True,Unmetered @ 1 Gbps,"Beauharnois, CA",Canada,CA,103,EUR,127.0,https://valebyte.com/en/servers/amd-ryzen-7-9700x-38ghz-8-cores-beauharnois-ca/?utm_source=github&utm_medium=dataset&utm_campaign=dedicated-server-prices
Intel Xeon E3-1230 v5 3GHz 4 cores,Intel Xeon E3-1230 v5 3GHz 4 cores,4,8,,8 GB DDR4,8,1 TB (HDD SATA),1000,False,5 TB @ 1 Gbps,"Milan, IT",Italy,IT,103,EUR,127.0,https://valebyte.com/en/servers/intel-xeon-e3-1230-v5-3ghz-4-cores-milan-it/?utm_source=github&utm_medium=dataset&utm_campaign=dedicated-server-prices
Intel Xeon-E 2388G 3.2GHz 8 cores,Intel Xeon-E 2388G 3.2GHz 8 cores,8,16,,32 GB DDR4 ECC,32,2x 6 TB + 2x 512 GB (SATA Hybrid SoftRAID),13024,False,Unmetered @ 3 Gbps,"Warsaw, PL",Poland,PL,103,EUR,127.0,https://valebyte.com/en/servers/intel-xeon-e-2388g-32ghz-8-cores-warsaw-pl-2/?utm_source=github&utm_medium=dataset&utm_campaign=dedicated-server-prices
AMD Ryzen 5 5600X 3.7GHz 6 cores,AMD Ryzen 5 5600X 3.7GHz 6 cores,6,12,,64 GB DDR4 ECC,64,2x 512 GB (NVME SoftRAID),1024,True,Unmetered @ 1 Gbps,"Strasbourg, FR",France,FR,103,EUR,127.0,https://valebyte.com/en/servers/amd-ryzen-5-5600x-37ghz-6-cores-strasbourg-fr/?utm_source=github&utm_medium=dataset&utm_campaign=dedicated-server-prices
AMD Ryzen 5 5600X 3.7GHz 6 cores,AMD Ryzen 5 5600X 3.7GHz 6 cores,6,12,,64 GB DDR4 ECC,64,2x 512 GB (NVME SoftRAID),1024,True,Unmetered @ 1 Gbps,"London, GB",London,,103,EUR,127.0,https://valebyte.com/en/servers/amd-ryzen-5-5600x-37ghz-6-cores-london-gb/?utm_source=github&utm_medium=dataset&utm_campaign=dedicated-server-prices
AMD Ryzen 5 5600X 3.7GHz 6 cores,AMD Ryzen 5 5600X 3.7GHz 6 cores,6,12,,64 GB DDR4 ECC,64,2x 512 GB (NVME SoftRAID),1024,True,Unmetered @ 500 Mbps,"Sydney, AU",Australia,AU,103,EUR,127.0,https://valebyte.com/en/servers/amd-ryzen-5-5600x-37ghz-6-cores-sydney-au/?utm_source=github&utm_medium=dataset&utm_campaign=dedicated-server-prices
AMD Ryzen 7 3800X 3.9GHz 8 cores,AMD Ryzen 7 3800X 3.9GHz 8 cores,8,16,,64 GB DDR4 ECC,64,2x 960 GB (NVME SoftRAID),1920,True,Unmetered @ 500 Mbps,"Gravelines, FR",France,FR,103,EUR,127.0,https://valebyte.com/en/servers/amd-ryzen-7-3800x-39ghz-8-cores-gravelines-fr/?utm_source=github&utm_medium=dataset&utm_campaign=dedicated-server-prices
AMD Ryzen 7 3800X 3.9GHz 8 cores,AMD Ryzen 7 3800X 3.9GHz 8 cores,8,16,,64 GB DDR4 ECC,64,2x 960 GB (NVME SoftRAID),1920,True,Unmetered @ 500 Mbps,"Frankfurt, DE",Germany,DE,103,EUR,127.0,https://valebyte.com/en/servers/amd-ryzen-7-3800x-39ghz-8-cores-frankfurt-de/?utm_source=github&utm_medium=dataset&utm_campaign=dedicated-server-prices
AMD Ryzen 5 5600X 3.7GHz 6 cores,AMD Ryzen 5 5600X 3.7GHz 6 cores,6,12,,64 GB DDR4 ECC,64,2x 512 GB (NVME SoftRAID),1024,True,Unmetered @ 1 Gbps,"Gravelines, FR",France,FR,103,EUR,127.0,https://valebyte.com/en/servers/amd-ryzen-5-5600x-37ghz-6-cores-gravelines-fr/?utm_source=github&utm_medium=dataset&utm_campaign=dedicated-server-prices
Intel Xeon-E 2388G 3.2GHz 8 cores,Intel Xeon-E 2388G 3.2GHz 8 cores,8,16,,32 GB DDR4 ECC,32,2x 6 TB + 2x 512 GB (SATA Hybrid SoftRAID),13024,False,Unmetered @ 3 Gbps,"London, GB",London,,103,EUR,127.0,https://valebyte.com/en/servers/intel-xeon-e-2388g-32ghz-8-cores-london-gb-1/?utm_source=github&utm_medium=dataset&utm_campaign=dedicated-server-prices
Intel Xeon-E 2388G 3.2GHz 8 cores,Intel Xeon-E 2388G 3.2GHz 8 cores,8,16,,32 GB DDR4 ECC,32,2x 6 TB + 2x 512 GB (SATA Hybrid SoftRAID),13024,False,Unmetered @ 3 Gbps,"Beauharnois, CA",Canada,CA,103,EUR,127.0,https://valebyte.com/en/servers/intel-xeon-e-2388g-32ghz-8-cores-beauharnois-ca-1/?utm_source=github&utm_medium=dataset&utm_campaign=dedicated-server-prices
Intel Xeon E3-1230 v5 3GHz 4 cores,Intel Xeon E3-1230 v5 3GHz 4 cores,4,8,,8 GB DDR4,8,1 TB (HDD SATA),1000,False,5 TB @ 1 Gbps,"Stockholm, SE",Sweden,SE,103,EUR,127.0,https://valebyte.com/en/servers/intel-xeon-e3-1230-v5-3ghz-4-cores-stockholm-se/?utm_source=github&utm_medium=dataset&utm_campaign=dedicated-server-prices
Intel Xeon E3-1230 v5 3GHz 4 cores,Intel Xeon E3-1230 v5 3GHz 4 cores,4,8,,8 GB DDR4,8,1 TB (HDD SATA),1000,False,5 TB @ 1 Gbps,"Zurich, CH",Switzerland,CH,103,EUR,127.0,https://valebyte.com/en/servers/intel-xeon-e3-1230-v5-3ghz-4-cores-zurich-ch/?utm_source=github&utm_medium=dataset&utm_campaign=dedicated-server-prices
Intel Xeon-E 2388G 3.2GHz 8 cores,Intel Xeon-E 2388G 3.2GHz 8 cores,8,16,,32 GB DDR4 ECC,32,2x 6 TB + 2x 512 GB (SATA Hybrid SoftRAID),13024,False,Unmetered @ 3 Gbps,"Strasbourg, FR",France,FR,103,EUR,127.0,https://valebyte.com/en/servers/intel-xeon-e-2388g-32ghz-8-cores-strasbourg-fr-1/?utm_source=github&utm_medium=dataset&utm_campaign=dedicated-server-prices
Intel Xeon-E 2388G 3.2GHz 8 cores,Intel Xeon-E 2388G 3.2GHz 8 cores,8,16,,32 GB DDR4 ECC,32,2x 6 TB + 2x 512 GB (SATA Hybrid SoftRAID),13024,False,Unmetered @ 3 Gbps,"Roubaix, FR",France,FR,103,EUR,127.0,https://valebyte.com/en/servers/intel-xeon-e-2388g-32ghz-8-cores-roubaix-fr-1/?utm_source=github&utm_medium=dataset&utm_campaign=dedicated-server-prices
AMD Ryzen 5 3600 3.6GHz 6 cores,AMD Ryzen 5 3600 3.6GHz 6 cores,6,12,,64 GB DDR4,64,2x 480 GB (SSD NVMe),960,True,Unmetered @ 1 Gbps,"Tirana, AL",Albania,AL,103,EUR,127.0,https://valebyte.com/en/servers/amd-ryzen-5-3600-36ghz-6-cores-tirana-al/?utm_source=github&utm_medium=dataset&utm_campaign=dedicated-server-prices
AMD Ryzen 5 5600X 3.7GHz 6 cores,AMD Ryzen 5 5600X 3.7GHz 6 cores,6,12,,64 GB DDR4 ECC,64,2x 512 GB (NVME SoftRAID),1024,True,Unmetered @ 1 Gbps,"Warsaw, PL",Poland,PL,103,EUR,127.0,https://valebyte.com/en/servers/amd-ryzen-5-5600x-37ghz-6-cores-warsaw-pl-1/?utm_source=github&utm_medium=dataset&utm_campaign=dedicated-server-prices
Intel Xeon E3-1230 v5 3GHz 4 cores,Intel Xeon E3-1230 v5 3GHz 4 cores,4,8,,8 GB DDR4,8,1 TB (HDD SATA),1000,False,5 TB @ 1 Gbps,"Oslo, NO",Norway,NO,103,EUR,127.0,https://valebyte.com/en/servers/intel-xeon-e3-1230-v5-3ghz-4-cores-oslo-no/?utm_source=github&utm_medium=dataset&utm_campaign=dedicated-server-prices
Intel Xeon E3-1230 v5 3GHz 4 cores,Intel Xeon E3-1230 v5 3GHz 4 cores,4,8,,8 GB DDR4,8,1 TB (HDD SATA),1000,False,5 TB @ 1 Gbps,"Bratislava, SK",Slovakia,SK,103,EUR,127.0,https://valebyte.com/en/servers/intel-xeon-e3-1230-v5-3ghz-4-cores-bratislava-sk/?utm_source=github&utm_medium=dataset&utm_campaign=dedicated-server-prices
Intel Xeon E3-1230 v5 3GHz 4 cores,Intel Xeon E3-1230 v5 3GHz 4 cores,4,8,,8 GB DDR4,8,1 TB (HDD SATA),1000,False,5 TB @ 1 Gbps,"Rome, IT",Italy,IT,103,EUR,127.0,https://valebyte.com/en/servers/intel-xeon-e3-1230-v5-3ghz-4-cores-rome-it/?utm_source=github&utm_medium=dataset&utm_campaign=dedicated-server-prices
Intel Xeon-E 2388G 3.2GHz 8 cores,Intel Xeon-E 2388G 3.2GHz 8 cores,8,16,,32 GB DDR4 ECC,32,2x 6 TB + 2x 512 GB (SATA Hybrid SoftRAID),13024,False,Unmetered @ 3 Gbps,"Frankfurt, DE",Germany,DE,103,EUR,127.0,https://valebyte.com/en/servers/intel-xeon-e-2388g-32ghz-8-cores-frankfurt-de-2/?utm_source=github&utm_medium=dataset&utm_campaign=dedicated-server-prices
AMD Ryzen 5 5600X 3.7GHz 6 cores,AMD Ryzen 5 5600X 3.7GHz 6 cores,6,12,,64 GB DDR4 ECC,64,2x 512 GB (NVME SoftRAID),1024,True,Unmetered @ 1 Gbps,"Frankfurt, DE",Germany,DE,103,EUR,127.0,https://valebyte.com/en/servers/amd-ryzen-5-5600x-37ghz-6-cores-frankfurt-de-1/?utm_source=github&utm_medium=dataset&utm_campaign=dedicated-server-prices
Intel Xeon E3-1230 v5 3GHz 4 cores,Intel Xeon E3-1230 v5 3GHz 4 cores,4,8,,8 GB DDR4,8,1 TB (HDD SATA),1000,False,5 TB @ 1 Gbps,"Dublin, IE",Ireland,IE,103,EUR,127.0,https://valebyte.com/en/servers/intel-xeon-e3-1230-v5-3ghz-4-cores-dublin-ie/?utm_source=github&utm_medium=dataset&utm_campaign=dedicated-server-prices
Intel Xeon E3-1230 v5 3GHz 4 cores,Intel Xeon E3-1230 v5 3GHz 4 cores,4,8,,8 GB DDR4,8,1 TB (HDD SATA),1000,False,5 TB @ 1 Gbps,"Belgrade, RS",Serbia,RS,103,EUR,127.0,https://valebyte.com/en/servers/intel-xeon-e3-1230-v5-3ghz-4-cores-belgrade-rs/?utm_source=github&utm_medium=dataset&utm_campaign=dedicated-server-prices
AMD Ryzen 7 3800X 3.9GHz 8 cores,AMD Ryzen 7 3800X 3.9GHz 8 cores,8,16,,64 GB DDR4 ECC,64,2x 960 GB (NVME SoftRAID),1920,True,Unmetered @ 500 Mbps,"Beauharnois, CA",Canada,CA,103,EUR,127.0,https://valebyte.com/en/servers/amd-ryzen-7-3800x-39ghz-8-cores-beauharnois-ca/?utm_source=github&utm_medium=dataset&utm_campaign=dedicated-server-prices
Intel Xeon-E 2388G 3.2GHz 8 cores,Intel Xeon-E 2388G 3.2GHz 8 cores,8,16,,32 GB DDR4 ECC,32,2x 6 TB + 2x 512 GB (SATA Hybrid SoftRAID),13024,False,Unmetered @ 3 Gbps,"Gravelines, FR",France,FR,103,EUR,127.0,https://valebyte.com/en/servers/intel-xeon-e-2388g-32ghz-8-cores-gravelines-fr-1/?utm_source=github&utm_medium=dataset&utm_campaign=dedicated-server-prices
Intel Xeon E3-1230 v5 3GHz 4 cores,Intel Xeon E3-1230 v5 3GHz 4 cores,4,8,,8 GB DDR4,8,1 TB (HDD SATA),1000,False,5 TB @ 1 Gbps,"Prague, CZ",Czechia (Czech Republic),CZ,103,EUR,127.0,https://valebyte.com/en/servers/intel-xeon-e3-1230-v5-3ghz-4-cores-prague-cz/?utm_source=github&utm_medium=dataset&utm_campaign=dedicated-server-prices
Intel Xeon E3-1230 v5 3GHz 4 cores,Intel Xeon E3-1230 v5 3GHz 4 cores,4,8,,8 GB DDR4,8,1 TB (HDD SATA),1000,False,5 TB @ 1 Gbps,"Brussels, BE",Belgium,BE,103,EUR,127.0,https://valebyte.com/en/servers/intel-xeon-e3-1230-v5-3ghz-4-cores-brussels-be/?utm_source=github&utm_medium=dataset&utm_campaign=dedicated-server-prices
AMD Ryzen 5 5600X 3.7GHz 6 cores,AMD Ryzen 5 5600X 3.7GHz 6 cores,6,12,,64 GB DDR4 ECC,64,2x 512 GB (NVME SoftRAID),1024,True,Unmetered @ 1 Gbps,"Beauharnois, CA",Canada,CA,103,EUR,127.0,https://valebyte.com/en/servers/amd-ryzen-5-5600x-37ghz-6-cores-beauharnois-ca/?utm_source=github&utm_medium=dataset&utm_campaign=dedicated-server-prices
Intel Xeon E3-1230 v5 3GHz 4 cores,Intel Xeon E3-1230 v5 3GHz 4 cores,4,8,,8 GB DDR4,8,1 TB (HDD SATA),1000,False,5 TB @ 1 Gbps,"Budapest, HU",Hungary,HU,103,EUR,127.0,https://valebyte.com/en/servers/intel-xeon-e3-1230-v5-3ghz-4-cores-budapest-hu/?utm_source=github&utm_medium=dataset&utm_campaign=dedicated-server-prices
Intel Xeon E3-1240 v3 3.4GHz 4 cores,Intel Xeon E3-1240 v3 3.4GHz 4 cores,4,8,,32 GB DDR3,32,2x 2 TB (SSD SATA),4000,False,Unmetered @ 1 Gbps,"Montreal, CA",Canada,CA,103,EUR,127.0,https://valebyte.com/en/servers/intel-xeon-e3-1240-v3-34ghz-4-cores-montreal-ca/?utm_source=github&utm_medium=dataset&utm_campaign=dedicated-server-prices
AMD Ryzen 7 3800X 3.9GHz 8 cores,AMD Ryzen 7 3800X 3.9GHz 8 cores,8,16,,64 GB DDR4 ECC,64,2x 960 GB (NVME SoftRAID),1920,True,Unmetered @ 500 Mbps,"Strasbourg, FR",France,FR,103,EUR,127.0,https://valebyte.com/en/servers/amd-ryzen-7-3800x-39ghz-8-cores-strasbourg-fr/?utm_source=github&utm_medium=dataset&utm_campaign=dedicated-server-prices
AMD Ryzen 7 9700X 3.8GHz 8 cores,AMD Ryzen 7 9700X 3.8GHz 8 cores,8,16,,64 GB DDR5 ECC,64,2x 512 GB (NVME SoftRAID),1024,True,Unmetered @ 1 Gbps,"Gravelines, FR",France,FR,103,EUR,127.0,https://valebyte.com/en/servers/amd-ryzen-7-9700x-38ghz-8-cores-gravelines-fr/?utm_source=github&utm_medium=dataset&utm_campaign=dedicated-server-prices
AMD Ryzen 7 9700X 3.8GHz 8 cores,AMD Ryzen 7 9700X 3.8GHz 8 cores,8,16,,64 GB DDR5 ECC,64,2x 512 GB (NVME SoftRAID),1024,True,Unmetered @ 1 Gbps,"Roubaix, FR",France,FR,103,EUR,127.0,https://valebyte.com/en/servers/amd-ryzen-7-9700x-38ghz-8-cores-roubaix-fr/?utm_source=github&utm_medium=dataset&utm_campaign=dedicated-server-prices
Intel Xeon E3-1230 v5 3GHz 4 cores,Intel Xeon E3-1230 v5 3GHz 4 cores,4,8,,8 GB DDR4,8,1 TB (HDD SATA),1000,False,5 TB @ 1 Gbps,"Madrid, ES",Spain,ES,103,EUR,127.0,https://valebyte.com/en/servers/intel-xeon-e3-1230-v5-3ghz-4-cores-madrid-es/?utm_source=github&utm_medium=dataset&utm_campaign=dedicated-server-prices
Intel Xeon E3-1230 v5 3GHz 4 cores,Intel Xeon E3-1230 v5 3GHz 4 cores,4,8,,8 GB DDR4,8,1 TB (HDD SATA),1000,False,5 TB @ 1 Gbps,"Vienna, AT",Austria,AT,103,EUR,127.0,https://valebyte.com/en/servers/intel-xeon-e3-1230-v5-3ghz-4-cores-vienna-at/?utm_source=github&utm_medium=dataset&utm_campaign=dedicated-server-prices
Intel Xeon E3-1230 v5 3GHz 4 cores,Intel Xeon E3-1230 v5 3GHz 4 cores,4,8,,8 GB DDR4,8,1 TB (HDD SATA),1000,False,5 TB @ 1 Gbps,"Bucharest, RO",Romania,RO,103,EUR,127.0,https://valebyte.com/en/servers/intel-xeon-e3-1230-v5-3ghz-4-cores-bucharest-ro/?utm_source=github&utm_medium=dataset&utm_campaign=dedicated-server-prices
E3-1230 v6,E3-1230 v6,,8,,16GB,16,1 TB (HDD),1000,False,5TB @ 1 Gbps,"Singapore, SG",Singapore,SG,129,USD,129.0,https://valebyte.com/en/servers/e3-1230-v6-singapore-sg/?utm_source=github&utm_medium=dataset&utm_campaign=dedicated-server-prices
E3-1230 v6,E3-1230 v6,,8,,16GB,16,1 TB (HDD),1000,False,5TB @ 1 Gbps,"Taipei, TW",Taiwan,TW,129,USD,129.0,https://valebyte.com/en/servers/e3-1230-v6-taipei-tw/?utm_source=github&utm_medium=dataset&utm_campaign=dedicated-server-prices
Dual E5-2620 v4,Dual E5-2620 v4,16,32,,32GB,32,1 TB (HDD),1000,False,Unmetered @ 1 Gbps,"Los Angeles, US",United States,US,131,USD,131.0,https://valebyte.com/en/servers/dual-e5-2620-v4-los-angeles-us/?utm_source=github&utm_medium=dataset&utm_campaign=dedicated-server-prices
E-2234,E-2234,,8,,32GB,32,1 TB (HDD),1000,False,5TB @ 1 Gbps,"Moscow, RU",Russia,RU,131,USD,131.0,https://valebyte.com/en/servers/e-2234-moscow-ru/?utm_source=github&utm_medium=dataset&utm_campaign=dedicated-server-prices
E-2234,E-2234,,8,,32GB,32,250 GB (SSD),250,False,5TB @ 1 Gbps,"Tokyo, JP",Japan,JP,131,USD,131.0,https://valebyte.com/en/servers/e-2234-tokyo-jp/?utm_source=github&utm_medium=dataset&utm_campaign=dedicated-server-prices
Dual E5-2620 v4,Dual E5-2620 v4,,32,,32GB,32,1 TB (HDD),1000,False,Unmetered @ 1 Gbps,"Amsterdam, NL",Netherlands,NL,131,USD,131.0,https://valebyte.com/en/servers/dual-e5-2620-v4-amsterdam-nl/?utm_source=github&utm_medium=dataset&utm_campaign=dedicated-server-prices
E3-1270 v6,E3-1270 v6,,8,,32GB,32,250 GB (SSD),250,False,5TB @ 1 Gbps,"Sydney, AU",Australia,AU,131,USD,131.0,https://valebyte.com/en/servers/e3-1270-v6-sydney-au/?utm_source=github&utm_medium=dataset&utm_campaign=dedicated-server-prices
E-2234,E-2234,,8,,32GB,32,1 TB (HDD),1000,False,5TB @ 1 Gbps,"Johannesburg, ZA",South Africa,ZA,131,USD,131.0,https://valebyte.com/en/servers/e-2234-johannesburg-za/?utm_source=github&utm_medium=dataset&utm_campaign=dedicated-server-prices
Dual E5-2620 v4,Dual E5-2620 v4,,32,,32GB,32,1 TB (HDD),1000,False,Unmetered @ 1 Gbps,"Ashburn, US",United States,US,131,USD,131.0,https://valebyte.com/en/servers/dual-e5-2620-v4-ashburn-us/?utm_source=github&utm_medium=dataset&utm_campaign=dedicated-server-prices
AMD Ryzen 5600X 64GB,AMD Ryzen 5600X,6,12,,64GB DDR4,64,512GB NVMe,512,True,1 Gbps Unmetered,"Los Angeles, US",United States,US,131,USD,131.0,https://valebyte.com/en/servers/amd-ryzen-5600x-64gb-los-angeles-us/?utm_source=github&utm_medium=dataset&utm_campaign=dedicated-server-prices
Intel Xeon Silver 4110 2.1GHz 8 cores,Intel Xeon Silver 4110 2.1GHz 8 cores,8,16,,64 GB DDR4,64,2x 2 TB (HDD SATA),4000,False,Unmetered @ 1 Gbps,"Dusseldorf, DE",Germany,DE,107,EUR,132.0,https://valebyte.com/en/servers/intel-xeon-silver-4110-21ghz-8-cores-dusseldorf-de/?utm_source=github&utm_medium=dataset&utm_campaign=dedicated-server-prices
AMD EPYC 7351p 2.4GHz 16 cores,AMD EPYC 7351p 2.4GHz 16 cores,16,32,,64 GB DDR4,64,2x 450 GB (SSD NVMe),900,True,Unmetered @ 1 Gbps,"Dusseldorf, DE",Germany,DE,107,EUR,132.0,https://valebyte.com/en/servers/amd-epyc-7351p-24ghz-16-cores-dusseldorf-de/?utm_source=github&utm_medium=dataset&utm_campaign=dedicated-server-prices
Intel Xeon E-2234 3.6GHz 4 cores,Intel Xeon E-2234 3.6GHz 4 cores,4,8,,8 GB DDR4,8,1 TB (HDD SATA),1000,False,5 TB @ 1 Gbps,"Bratislava, SK",Slovakia,SK,108,EUR,133.0,https://valebyte.com/en/servers/intel-xeon-e-2234-36ghz-4-cores-bratislava-sk/?utm_source=github&utm_medium=dataset&utm_campaign=dedicated-server-prices
Intel Xeon E-2234 3.6GHz 4 cores,Intel Xeon E-2234 3.6GHz 4 cores,4,8,,8 GB DDR4,8,1 TB (HDD SATA),1000,False,5 TB @ 1 Gbps,"Madrid, ES",Spain,ES,108,EUR,133.0,https://valebyte.com/en/servers/intel-xeon-e-2234-36ghz-4-cores-madrid-es/?utm_source=github&utm_medium=dataset&utm_campaign=dedicated-server-prices
Intel Xeon E-2234 3.6GHz 4 cores,Intel Xeon E-2234 3.6GHz 4 cores,4,8,,8 GB DDR4,8,1 TB (HDD SATA),1000,False,5 TB @ 1 Gbps,"Oslo, NO",Norway,NO,108,EUR,133.0,https://valebyte.com/en/servers/intel-xeon-e-2234-36ghz-4-cores-oslo-no/?utm_source=github&utm_medium=dataset&utm_campaign=dedicated-server-prices
AMD Ryzen 5 3600X 3.8GHz 6 cores,AMD Ryzen 5 3600X 3.8GHz 6 cores,6,12,,32 GB DDR4,32,4 TB (HDD SATA),4000,False,Unmetered @ 1 Gbps,"Vancouver, CA",Canada,CA,108,EUR,133.0,https://valebyte.com/en/servers/amd-ryzen-5-3600x-38ghz-6-cores-vancouver-ca/?utm_source=github&utm_medium=dataset&utm_campaign=dedicated-server-prices
Intel Xeon E-2234 3.6GHz 4 cores,Intel Xeon E-2234 3.6GHz 4 cores,4,8,,8 GB DDR4,8,1 TB (HDD SATA),1000,False,5 TB @ 1 Gbps,"Manchester, UK",UK,UK,108,EUR,133.0,https://valebyte.com/en/servers/intel-xeon-e-2234-36ghz-4-cores-manchester-uk/?utm_source=github&utm_medium=dataset&utm_campaign=dedicated-server-prices
Intel Xeon E-2234 3.6GHz 4 cores,Intel Xeon E-2234 3.6GHz 4 cores,4,8,,8 GB DDR4,8,1 TB (HDD SATA),1000,False,5 TB @ 1 Gbps,"Barcelona, ES",Spain,ES,108,EUR,133.0,https://valebyte.com/en/servers/intel-xeon-e-2234-36ghz-4-cores-barcelona-es/?utm_source=github&utm_medium=dataset&utm_campaign=dedicated-server-prices
Intel Xeon E-2234 3.6GHz 4 cores,Intel Xeon E-2234 3.6GHz 4 cores,4,8,,8 GB DDR4,8,1 TB (HDD SATA),1000,False,5 TB @ 1 Gbps,"Rome, IT",Italy,IT,108,EUR,133.0,https://valebyte.com/en/servers/intel-xeon-e-2234-36ghz-4-cores-rome-it/?utm_source=github&utm_medium=dataset&utm_campaign=dedicated-server-prices
Intel Xeon E-2234 3.6GHz 4 cores,Intel Xeon E-2234 3.6GHz 4 cores,4,8,,8 GB DDR4,8,1 TB (HDD SATA),1000,False,5 TB @ 1 Gbps,"Stockholm, SE",Sweden,SE,108,EUR,133.0,https://valebyte.com/en/servers/intel-xeon-e-2234-36ghz-4-cores-stockholm-se/?utm_source=github&utm_medium=dataset&utm_campaign=dedicated-server-prices
Intel Xeon E-2286G 4GHz 6 cores,Intel Xeon E-2286G 4GHz 6 cores,8,16,,64 GB DDR4,64,2x 250 GB (SSD SATA),500,False,Unmetered @ 1 Gbps,"London, UK",UK,UK,108,EUR,133.0,https://valebyte.com/en/servers/intel-xeon-e-2286g-4ghz-6-cores-london-uk-1/?utm_source=github&utm_medium=dataset&utm_campaign=dedicated-server-prices
Intel Xeon E3-1230 v6 3.5GHz 4 cores,Intel Xeon E3-1230 v6 3.5GHz 4 cores,4,8,,16 GB DDR4,16,4 TB (HDD SATA),4000,False,Unmetered @ 1 Gbps,"Vancouver, CA",Canada,CA,108,EUR,133.0,https://valebyte.com/en/servers/intel-xeon-e3-1230-v6-35ghz-4-cores-vancouver-ca/?utm_source=github&utm_medium=dataset&utm_campaign=dedicated-server-prices
Intel Xeon E-2234 3.6GHz 4 cores,Intel Xeon E-2234 3.6GHz 4 cores,4,8,,8 GB DDR4,8,1 TB (HDD SATA),1000,False,5 TB @ 1 Gbps,"Dublin, IE",Ireland,IE,108,EUR,133.0,https://valebyte.com/en/servers/intel-xeon-e-2234-36ghz-4-cores-dublin-ie/?utm_source=github&utm_medium=dataset&utm_campaign=dedicated-server-prices
Intel Xeon E-2234 3.6GHz 4 cores,Intel Xeon E-2234 3.6GHz 4 cores,4,8,,8 GB DDR4,8,1 TB (HDD SATA),1000,False,5 TB @ 1 Gbps,"Milan, IT",Italy,IT,108,EUR,133.0,https://valebyte.com/en/servers/intel-xeon-e-2234-36ghz-4-cores-milan-it/?utm_source=github&utm_medium=dataset&utm_campaign=dedicated-server-prices
Intel Xeon E-2234 3.6GHz 4 cores,Intel Xeon E-2234 3.6GHz 4 cores,4,8,,8 GB DDR4,8,1 TB (HDD SATA),1000,False,5 TB @ 1 Gbps,"Prague, CZ",Czechia (Czech Republic),CZ,108,EUR,133.0,https://valebyte.com/en/servers/intel-xeon-e-2234-36ghz-4-cores-prague-cz/?utm_source=github&utm_medium=dataset&utm_campaign=dedicated-server-prices
Intel Xeon E-2234 3.6GHz 4 cores,Intel Xeon E-2234 3.6GHz 4 cores,4,8,,8 GB DDR4,8,1 TB (HDD SATA),1000,False,5 TB @ 1 Gbps,"Bucharest, RO",Romania,RO,108,EUR,133.0,https://valebyte.com/en/servers/intel-xeon-e-2234-36ghz-4-cores-bucharest-ro/?utm_source=github&utm_medium=dataset&utm_campaign=dedicated-server-prices
Intel Xeon E-2234 3.6GHz 4 cores,Intel Xeon E-2234 3.6GHz 4 cores,4,8,,8 GB DDR4,8,1 TB (HDD SATA),1000,False,5 TB @ 1 Gbps,"Brussels, BE",Belgium,BE,108,EUR,133.0,https://valebyte.com/en/servers/intel-xeon-e-2234-36ghz-4-cores-brussels-be/?utm_source=github&utm_medium=dataset&utm_campaign=dedicated-server-prices
Intel Xeon E-2234 3.6GHz 4 cores,Intel Xeon E-2234 3.6GHz 4 cores,4,8,,8 GB DDR4,8,1 TB (HDD SATA),1000,False,5 TB @ 1 Gbps,"Zurich, CH",Switzerland,CH,108,EUR,133.0,https://valebyte.com/en/servers/intel-xeon-e-2234-36ghz-4-cores-zurich-ch/?utm_source=github&utm_medium=dataset&utm_campaign=dedicated-server-prices
Intel Xeon E-2234 3.6GHz 4 cores,Intel Xeon E-2234 3.6GHz 4 cores,4,8,,8 GB DDR4,8,1 TB (HDD SATA),1000,False,5 TB @ 1 Gbps,"Budapest, HU",Hungary,HU,108,EUR,133.0,https://valebyte.com/en/servers/intel-xeon-e-2234-36ghz-4-cores-budapest-hu/?utm_source=github&utm_medium=dataset&utm_campaign=dedicated-server-prices
Intel Xeon E-2234 3.6GHz 4 cores,Intel Xeon E-2234 3.6GHz 4 cores,4,8,,8 GB DDR4,8,1 TB (HDD SATA),1000,False,5 TB @ 1 Gbps,"Belgrade, RS",Serbia,RS,108,EUR,133.0,https://valebyte.com/en/servers/intel-xeon-e-2234-36ghz-4-cores-belgrade-rs/?utm_source=github&utm_medium=dataset&utm_campaign=dedicated-server-prices
Intel Xeon E-2234 3.6GHz 4 cores,Intel Xeon E-2234 3.6GHz 4 cores,4,8,,8 GB DDR4,8,1 TB (HDD SATA),1000,False,5 TB @ 1 Gbps,"Vienna, AT",Austria,AT,108,EUR,133.0,https://valebyte.com/en/servers/intel-xeon-e-2234-36ghz-4-cores-vienna-at/?utm_source=github&utm_medium=dataset&utm_campaign=dedicated-server-prices
Intel Xeon X3450 2.66GHz 4 cores,Intel Xeon X3450 2.66GHz 4 cores,4,8,,16 GB DDR3,16,240 GB (SSD SATA),240,False,5 TB @ 100 Mbps,"San Jose, CR",Costa Rica,CR,109,EUR,134.0,https://valebyte.com/en/servers/intel-xeon-x3450-266ghz-4-cores-san-jose-cr/?utm_source=github&utm_medium=dataset&utm_campaign=dedicated-server-prices
Intel Xeon E5 1650v3 3.50GHz 6 cores,Intel Xeon E5 1650v3 3.50GHz 6 cores,6,12,10338,96 GB DDR4,96,3 x 500 GB (SATA SSD),1500,False,Unmetered @ 500 Mbps,"Paris, FR",France,FR,110,EUR,135.0,https://valebyte.com/en/servers/intel-xeon-e5-1650v3-3-50ghz-6-96gb-1500gb-paris-fr-080e9f/?utm_source=github&utm_medium=dataset&utm_campaign=dedicated-server-prices
Intel Xeon E5 1650v3 3.50GHz 6 cores,Intel Xeon E5 1650v3 3.50GHz 6 cores,6,12,10338,96 GB DDR4,96,3 x 500 GB (SATA SSD),1500,False,Unmetered @ 500 Mbps,"Amsterdam, NL",Netherlands,NL,110,EUR,135.0,https://valebyte.com/en/servers/intel-xeon-e5-1650v3-3-50ghz-6-96gb-1500gb-amsterdam-nl-f3e604/?utm_source=github&utm_medium=dataset&utm_campaign=dedicated-server-prices
Intel Xeon E5 1410v2 2.80GHz 4 cores,Intel Xeon E5 1410v2 2.80GHz 4 cores,4,8,5842,96 GB DDR3,96,3 x 1 TB (SATA SSD),3000,False,Unmetered @ 750 Mbps,"Paris, FR",France,FR,110,EUR,135.0,https://valebyte.com/en/servers/intel-xeon-e5-1410v2-2-80ghz-4-96gb-3000gb-paris-fr-1de9fb/?utm_source=github&utm_medium=dataset&utm_campaign=dedicated-server-prices
AMD Ryzen 7 3800X 3.9GHz 8 cores,AMD Ryzen 7 3800X 3.9GHz 8 cores,8,16,,64 GB DDR4,64,2x 960 GB (SSD NVMe),1920,True,Unmetered @ 1 Gbps,"Warsaw, PL",Poland,PL,111,EUR,137.0,https://valebyte.com/en/servers/amd-ryzen-7-3800x-39ghz-8-cores-warsaw-pl-1/?utm_source=github&utm_medium=dataset&utm_campaign=dedicated-server-prices
AMD Ryzen 7 3800X 3.9GHz 8 cores,AMD Ryzen 7 3800X 3.9GHz 8 cores,8,16,,64 GB DDR4,64,2x 960 GB (SSD NVMe),1920,True,Unmetered @ 1 Gbps,"London, UK",UK,UK,111,EUR,137.0,https://valebyte.com/en/servers/amd-ryzen-7-3800x-39ghz-8-cores-london-uk/?utm_source=github&utm_medium=dataset&utm_campaign=dedicated-server-prices
AMD Ryzen 5 5600X 3.7GHz 6 cores,AMD Ryzen 5 5600X 3.7GHz 6 cores,6,12,,32 GB DDR4,32,2x 500 GB (SSD NVMe),1000,True,Unmetered @ 1 Gbps,"London, UK",UK,UK,111,EUR,137.0,https://valebyte.com/en/servers/amd-ryzen-5-5600x-37ghz-6-cores-london-uk/?utm_source=github&utm_medium=dataset&utm_campaign=dedicated-server-prices
Intel Core i7-6700K 4GHz 4 cores,Intel Core i7-6700K 4GHz 4 cores,4,8,,16 GB DDR3,16,2x 240 GB (SSD SATA),480,False,20 TB @ 1 Gbps,"Chisinau, MD",Moldova,MD,111,EUR,137.0,https://valebyte.com/en/servers/intel-core-i7-6700k-4ghz-4-cores-chisinau-md/?utm_source=github&utm_medium=dataset&utm_campaign=dedicated-server-prices
Intel Xeon E3-1270 v6 3.8GHz 4 cores,Intel Xeon E3-1270 v6 3.8GHz 4 cores,4,8,,16 GB DDR4,16,2 TB (HDD SATA),2000,False,5 TB @ 1 Gbps,"Barcelona, ES",Spain,ES,111,EUR,137.0,https://valebyte.com/en/servers/intel-xeon-e3-1270-v6-38ghz-4-cores-barcelona-es-1/?utm_source=github&utm_medium=dataset&utm_campaign=dedicated-server-prices
Intel Xeon E3-1270 v6 3.8GHz 4 cores,Intel Xeon E3-1270 v6 3.8GHz 4 cores,4,8,,16 GB DDR4,16,2 TB (HDD SATA),2000,False,5 TB @ 1 Gbps,"Madrid, ES",Spain,ES,111,EUR,137.0,https://valebyte.com/en/servers/intel-xeon-e3-1270-v6-38ghz-4-cores-madrid-es/?utm_source=github&utm_medium=dataset&utm_campaign=dedicated-server-prices
Intel Xeon E3-1270 v6 3.8GHz 4 cores,Intel Xeon E3-1270 v6 3.8GHz 4 cores,4,8,,16 GB DDR4,16,2 TB (HDD SATA),2000,False,5 TB @ 1 Gbps,"Brussels, BE",Belgium,BE,111,EUR,137.0,https://valebyte.com/en/servers/intel-xeon-e3-1270-v6-38ghz-4-cores-brussels-be/?utm_source=github&utm_medium=dataset&utm_campaign=dedicated-server-prices
[Dual] Intel Xeon E5-2630 v3 2.4GHz 8 cores,[Dual] Intel Xeon E5-2630 v3 2.4GHz 8 cores,8,16,,32 GB DDR4,32,2x 240 GB (SSD SATA),480,False,Unmetered @ 1 Gbps,"Manchester, UK",UK,UK,111,EUR,137.0,https://valebyte.com/en/servers/dual-intel-xeon-e5-2630-v3-24ghz-8-cores-manchester-uk/?utm_source=github&utm_medium=dataset&utm_campaign=dedicated-server-prices
[Dual] Intel Xeon E5-2630 v3 2.4GHz 8 cores,[Dual] Intel Xeon E5-2630 v3 2.4GHz 8 cores,8,16,,32 GB DDR4,32,2x 240 GB (SSD SATA),480,False,Unmetered @ 1 Gbps,"Nottingham, UK",UK,UK,111,EUR,137.0,https://valebyte.com/en/servers/dual-intel-xeon-e5-2630-v3-24ghz-8-cores-nottingham-uk/?utm_source=github&utm_medium=dataset&utm_campaign=dedicated-server-prices
AMD Ryzen 5 5600X 3.7GHz 6 cores,AMD Ryzen 5 5600X 3.7GHz 6 cores,6,12,,32 GB DDR4,32,2x 500 GB (SSD NVMe),1000,True,Unmetered @ 1 Gbps,"Frankfurt, DE",Germany,DE,111,EUR,137.0,https://valebyte.com/en/servers/amd-ryzen-5-5600x-37ghz-6-cores-frankfurt-de/?utm_source=github&utm_medium=dataset&utm_campaign=dedicated-server-prices
AMD EPYC 7451 2.3GHz 24 cores,AMD EPYC 7451 2.3GHz 24 cores,24,48,,128 GB DDR4,128,2x 500 GB (SSD NVMe),1000,True,Unmetered @ 1 Gbps,"Warsaw, PL",Poland,PL,111,EUR,137.0,https://valebyte.com/en/servers/amd-epyc-7451-23ghz-24-cores-warsaw-pl/?utm_source=github&utm_medium=dataset&utm_campaign=dedicated-server-prices
Intel Xeon E3-1270 v6 3.8GHz 4 cores,Intel Xeon E3-1270 v6 3.8GHz 4 cores,4,8,,16 GB DDR4,16,2 TB (HDD SATA),2000,False,5 TB @ 1 Gbps,"Manchester, UK",UK,UK,111,EUR,137.0,https://valebyte.com/en/servers/intel-xeon-e3-1270-v6-38ghz-4-cores-manchester-uk/?utm_source=github&utm_medium=dataset&utm_campaign=dedicated-server-prices
Intel Xeon E5-1410 v2 2.8GHz 4 cores,Intel Xeon E5-1410 v2 2.8GHz 4 cores,4,8,,96 GB DDR3,96,4x 6 TB (HDD SATA),24000,False,Unmetered @ 1 Gbps,"Paris, FR",France,FR,111,EUR,137.0,https://valebyte.com/en/servers/intel-xeon-e5-1410-v2-28ghz-4-cores-paris-fr-5/?utm_source=github&utm_medium=dataset&utm_campaign=dedicated-server-prices
Intel Xeon E3-1270 v6 3.8GHz 4 cores,Intel Xeon E3-1270 v6 3.8GHz 4 cores,4,8,,16 GB DDR4,16,2 TB (HDD SATA),2000,False,5 TB @ 1 Gbps,"Milan, IT",Italy,IT,111,EUR,137.0,https://valebyte.com/en/servers/intel-xeon-e3-1270-v6-38ghz-4-cores-milan-it/?utm_source=github&utm_medium=dataset&utm_campaign=dedicated-server-prices
AMD Ryzen 5 5600X 3.7GHz 6 cores,AMD Ryzen 5 5600X 3.7GHz 6 cores,6,12,,32 GB DDR4,32,2x 500 GB (SSD NVMe),1000,True,Unmetered @ 1 Gbps,"Warsaw, PL",Poland,PL,111,EUR,137.0,https://valebyte.com/en/servers/amd-ryzen-5-5600x-37ghz-6-cores-warsaw-pl/?utm_source=github&utm_medium=dataset&utm_campaign=dedicated-server-prices
AMD Ryzen 5 5600 3.5GHz 6 cores,AMD Ryzen 5 5600 3.5GHz 6 cores,6,12,,32 GB DDR4,32,2x 500 GB (SSD SATA),1000,False,Unmetered @ 1 Gbps,"Riga, LV",Latvia,LV,111,EUR,137.0,https://valebyte.com/en/servers/amd-ryzen-5-5600-35ghz-6-cores-riga-lv/?utm_source=github&utm_medium=dataset&utm_campaign=dedicated-server-prices
Intel Xeon E3-1270 v6 3.8GHz 4 cores,Intel Xeon E3-1270 v6 3.8GHz 4 cores,4,8,,16 GB DDR4,16,2 TB (HDD SATA),2000,False,5 TB @ 1 Gbps,"Bratislava, SK",Slovakia,SK,111,EUR,137.0,https://valebyte.com/en/servers/intel-xeon-e3-1270-v6-38ghz-4-cores-bratislava-sk/?utm_source=github&utm_medium=dataset&utm_campaign=dedicated-server-prices
Intel Xeon E3-1270 v6 3.8GHz 4 cores,Intel Xeon E3-1270 v6 3.8GHz 4 cores,4,8,,16 GB DDR4,16,2 TB (HDD SATA),2000,False,5 TB @ 1 Gbps,"Belgrade, RS",Serbia,RS,111,EUR,137.0,https://valebyte.com/en/servers/intel-xeon-e3-1270-v6-38ghz-4-cores-belgrade-rs/?utm_source=github&utm_medium=dataset&utm_campaign=dedicated-server-prices
Intel Xeon E3-1270 v6 3.8GHz 4 cores,Intel Xeon E3-1270 v6 3.8GHz 4 cores,4,8,,16 GB DDR4,16,2 TB (HDD SATA),2000,False,5 TB @ 1 Gbps,"Zurich, CH",Switzerland,CH,111,EUR,137.0,https://valebyte.com/en/servers/intel-xeon-e3-1270-v6-38ghz-4-cores-zurich-ch/?utm_source=github&utm_medium=dataset&utm_campaign=dedicated-server-prices
AMD Ryzen 5 5600X 3.7GHz 6 cores,AMD Ryzen 5 5600X 3.7GHz 6 cores,6,12,,32 GB DDR4,32,2x 500 GB (SSD NVMe),1000,True,Unmetered @ 1 Gbps,"Lille, FR",France,FR,111,EUR,137.0,https://valebyte.com/en/servers/amd-ryzen-5-5600x-37ghz-6-cores-lille-fr/?utm_source=github&utm_medium=dataset&utm_campaign=dedicated-server-prices
AMD EPYC 7451 2.3GHz 24 cores,AMD EPYC 7451 2.3GHz 24 cores,24,48,,128 GB DDR4,128,2x 500 GB (SSD NVMe),1000,True,Unmetered @ 1 Gbps,"Lille, FR",France,FR,111,EUR,137.0,https://valebyte.com/en/servers/amd-epyc-7451-23ghz-24-cores-lille-fr/?utm_source=github&utm_medium=dataset&utm_campaign=dedicated-server-prices
Intel Xeon E3-1270 v6 3.8GHz 4 cores,Intel Xeon E3-1270 v6 3.8GHz 4 cores,4,8,,16 GB DDR4,16,2 TB (HDD SATA),2000,False,5 TB @ 1 Gbps,"Dublin, IE",Ireland,IE,111,EUR,137.0,https://valebyte.com/en/servers/intel-xeon-e3-1270-v6-38ghz-4-cores-dublin-ie/?utm_source=github&utm_medium=dataset&utm_campaign=dedicated-server-prices
Intel Xeon E3-1270 v6 3.8GHz 4 cores,Intel Xeon E3-1270 v6 3.8GHz 4 cores,4,8,,16 GB DDR4,16,2 TB (HDD SATA),2000,False,5 TB @ 1 Gbps,"Budapest, HU",Hungary,HU,111,EUR,137.0,https://valebyte.com/en/servers/intel-xeon-e3-1270-v6-38ghz-4-cores-budapest-hu/?utm_source=github&utm_medium=dataset&utm_campaign=dedicated-server-prices
Intel Xeon E3-1270 v6 3.8GHz 4 cores,Intel Xeon E3-1270 v6 3.8GHz 4 cores,4,8,,16 GB DDR4,16,2 TB (HDD SATA),2000,False,5 TB @ 1 Gbps,"Rome, IT",Italy,IT,111,EUR,137.0,https://valebyte.com/en/servers/intel-xeon-e3-1270-v6-38ghz-4-cores-rome-it/?utm_source=github&utm_medium=dataset&utm_campaign=dedicated-server-prices
Intel Xeon E3-1270 v6 3.8GHz 4 cores,Intel Xeon E3-1270 v6 3.8GHz 4 cores,4,8,,16 GB DDR4,16,2 TB (HDD SATA),2000,False,5 TB @ 1 Gbps,"Bucharest, RO",Romania,RO,111,EUR,137.0,https://valebyte.com/en/servers/intel-xeon-e3-1270-v6-38ghz-4-cores-bucharest-ro/?utm_source=github&utm_medium=dataset&utm_campaign=dedicated-server-prices
Intel Xeon E3-1270 v6 3.8GHz 4 cores,Intel Xeon E3-1270 v6 3.8GHz 4 cores,4,8,,16 GB DDR4,16,2 TB (HDD SATA),2000,False,5 TB @ 1 Gbps,"Prague, CZ",Czechia (Czech Republic),CZ,111,EUR,137.0,https://valebyte.com/en/servers/intel-xeon-e3-1270-v6-38ghz-4-cores-prague-cz/?utm_source=github&utm_medium=dataset&utm_campaign=dedicated-server-prices
Intel Xeon E3-1270 v6 3.8GHz 4 cores,Intel Xeon E3-1270 v6 3.8GHz 4 cores,4,8,,16 GB DDR4,16,2 TB (HDD SATA),2000,False,5 TB @ 1 Gbps,"Oslo, NO",Norway,NO,111,EUR,137.0,https://valebyte.com/en/servers/intel-xeon-e3-1270-v6-38ghz-4-cores-oslo-no/?utm_source=github&utm_medium=dataset&utm_campaign=dedicated-server-prices
Intel Xeon E3-1270 v6 3.8GHz 4 cores,Intel Xeon E3-1270 v6 3.8GHz 4 cores,4,8,,16 GB DDR4,16,2 TB (HDD SATA),2000,False,5 TB @ 1 Gbps,"Vienna, AT",Austria,AT,111,EUR,137.0,https://valebyte.com/en/servers/intel-xeon-e3-1270-v6-38ghz-4-cores-vienna-at/?utm_source=github&utm_medium=dataset&utm_campaign=dedicated-server-prices
Intel Xeon E3-1270 v6 3.8GHz 4 cores,Intel Xeon E3-1270 v6 3.8GHz 4 cores,4,8,,16 GB DDR4,16,2 TB (HDD SATA),2000,False,5 TB @ 1 Gbps,"Stockholm, SE",Sweden,SE,111,EUR,137.0,https://valebyte.com/en/servers/intel-xeon-e3-1270-v6-38ghz-4-cores-stockholm-se/?utm_source=github&utm_medium=dataset&utm_campaign=dedicated-server-prices
Intel Xeon E-2236 3.4GHz 6 cores,Intel Xeon E-2236 3.4GHz 6 cores,6,12,,64 GB DDR4,64,512 GB (SSD NVMe),512,True,100 TB @ 1 Gbps,"Montreal, CA",Canada,CA,111,EUR,137.0,https://valebyte.com/en/servers/intel-xeon-e-2236-34ghz-6-cores-montreal-ca/?utm_source=github&utm_medium=dataset&utm_campaign=dedicated-server-prices
AMD EPYC 7451 2.3GHz 24 cores,AMD EPYC 7451 2.3GHz 24 cores,24,48,,128 GB DDR4,128,2x 500 GB (SSD NVMe),1000,True,Unmetered @ 1 Gbps,"Frankfurt, DE",Germany,DE,111,EUR,137.0,https://valebyte.com/en/servers/amd-epyc-7451-23ghz-24-cores-frankfurt-de/?utm_source=github&utm_medium=dataset&utm_campaign=dedicated-server-prices
Intel Xeon E5-1650V3,Intel Xeon E5-1650V3,,,,128 GB DDR4 ECC,128,2x 2.0 TB (HDD),4000,False,Unmetered @ 1 Gbps,"Falkenstein, Germany",Germany,DE,111,EUR,137.0,https://valebyte.com/en/servers/intel-xeon-e5-1650v3-falkenstein-germany-1/?utm_source=github&utm_medium=dataset&utm_campaign=dedicated-server-prices
AMD Ryzen 7 PRO 1700X,AMD Ryzen 7 PRO 1700X,,,,64 GB DDR4,64,2x 512 GB (SSD SATA),1024,False,Unmetered @ 1 Gbps,"Falkenstein, Germany",Germany,DE,112,EUR,138.0,https://valebyte.com/en/servers/amd-ryzen-7-pro-1700x-falkenstein-germany/?utm_source=github&utm_medium=dataset&utm_campaign=dedicated-server-prices
Intel Xeon Gold 5118 2.3GHz 12 cores,Intel Xeon Gold 5118 2.3GHz 12 cores,12,24,,64 GB DDR4,64,2x 2 TB (HDD SATA),4000,False,Unmetered @ 1 Gbps,"Dusseldorf, DE",Germany,DE,114,EUR,140.0,https://valebyte.com/en/servers/intel-xeon-gold-5118-23ghz-12-cores-dusseldorf-de/?utm_source=github&utm_medium=dataset&utm_campaign=dedicated-server-prices
Intel Xeon E-2276G 3.8GHz 6 cores,Intel Xeon E-2276G 3.8GHz 6 cores,6,12,,16 GB DDR4,16,1 TB (HDD SATA),1000,False,5 TB @ 1 Gbps,"Copenhagen, DK",Denmark,DK,114,EUR,140.0,https://valebyte.com/en/servers/intel-xeon-e-2276g-38ghz-6-cores-copenhagen-dk/?utm_source=github&utm_medium=dataset&utm_campaign=dedicated-server-prices
Intel XEON E-2276G,Intel XEON E-2276G,,,,64 GB DDR4 ECC,64,2x 960 GB (NVMe),1920,True,Unmetered @ 1 Gbps,"Helsinki, Finland",Finland,FI,114,EUR,140.0,https://valebyte.com/en/servers/intel-xeon-e-2276g-helsinki-finland/?utm_source=github&utm_medium=dataset&utm_campaign=dedicated-server-prices
Intel Xeon E3-1230 v6 3.5GHz 4 cores,Intel Xeon E3-1230 v6 3.5GHz 4 cores,4,8,,16 GB DDR4,16,2x 1 TB (SSD SATA),2000,False,Unmetered @ 1 Gbps,"Johannesburg, ZA",South Africa,ZA,115,EUR,142.0,https://valebyte.com/en/servers/intel-xeon-e3-1230-v6-35ghz-4-cores-johannesburg-za/?utm_source=github&utm_medium=dataset&utm_campaign=dedicated-server-prices
Intel Xeon E3-1270 v6 3.8GHz 4 cores,Intel Xeon E3-1270 v6 3.8GHz 4 cores,4,8,,64 GB DDR4,64,2x 2 TB (SSD SATA),4000,False,Unmetered @ 1 Gbps,"Montreal, CA",Canada,CA,115,EUR,142.0,https://valebyte.com/en/servers/intel-xeon-e3-1270-v6-38ghz-4-cores-montreal-ca-1/?utm_source=github&utm_medium=dataset&utm_campaign=dedicated-server-prices
Intel Xeon E5 1410 v2,"Intel Xeon E5 1410 v2, 4C/8T @ 2.8GHz",4,8,,96 GB DDR3,96,2x5.59TB (HDD),11180,False,Unmetered @ 1 Gbps,"Paris, FR",France,FR,116,EUR,143.0,https://valebyte.com/en/servers/scaleway-em-l101x-sata-paris-fr/?utm_source=github&utm_medium=dataset&utm_campaign=dedicated-server-prices
E-2246G,E-2246G,,12,,32GB,32,1 TB (HDD),1000,False,5TB @ 1 Gbps,"Moscow, RU",Russia,RU,143,USD,143.0,https://valebyte.com/en/servers/e-2246g-moscow-ru/?utm_source=github&utm_medium=dataset&utm_campaign=dedicated-server-prices
AMD Ryzen 3700X 64GB,AMD Ryzen 3700X,8,16,,64 GB,64,,,False,1 Gbps Unmetered,"New York, US",United States,US,143,USD,143.0,https://valebyte.com/en/servers/amd-ryzen-3700x-64gb-new-york-us/?utm_source=github&utm_medium=dataset&utm_campaign=dedicated-server-prices
Intel Xeon E5 1410 v2,"Intel Xeon E5 1410 v2, 4C/8T @ 2.8GHz",4,8,,96 GB DDR3,96,2x5.59TB (HDD),11180,False,Unmetered @ 1 Gbps,"Paris, FR",France,FR,116,EUR,143.0,https://valebyte.com/en/servers/intel-xeon-e5-1410-v2-paris-fr/?utm_source=github&utm_medium=dataset&utm_campaign=dedicated-server-prices
Intel Xeon E5 1410 v2,"Intel Xeon E5 1410 v2, 4C/8T @ 2.8GHz",4,8,,96 GB DDR3,96,2x5.59TB (HDD),11180,False,Unmetered @ 1 Gbps,"Amsterdam, NL",Netherlands,NL,116,EUR,143.0,https://valebyte.com/en/servers/scaleway-em-l101x-sata-amsterdam-nl/?utm_source=github&utm_medium=dataset&utm_campaign=dedicated-server-prices
Intel Xeon E5 1410 v2,"Intel Xeon E5 1410 v2, 4C/8T @ 2.8GHz",4,8,,96 GB DDR3,96,2x5.59TB (HDD),11180,False,Unmetered @ 1 Gbps,"Warsaw, PL",Poland,PL,116,EUR,143.0,https://valebyte.com/en/servers/scaleway-em-l101x-sata-warsaw-pl/?utm_source=github&utm_medium=dataset&utm_campaign=dedicated-server-prices
E3-1270 v6,E3-1270 v6,,8,,32GB,32,1 TB (HDD),1000,False,5TB @ 1 Gbps,"Taipei, TW",Taiwan,TW,143,USD,143.0,https://valebyte.com/en/servers/e3-1270-v6-taipei-tw/?utm_source=github&utm_medium=dataset&utm_campaign=dedicated-server-prices
E3-1270 v6,E3-1270 v6,,8,,32GB,32,250 GB (SSD),250,False,5TB @ 1 Gbps,"Singapore, SG",Singapore,SG,143,USD,143.0,https://valebyte.com/en/servers/e3-1270-v6-singapore-sg/?utm_source=github&utm_medium=dataset&utm_campaign=dedicated-server-prices
Intel Xeon E5 1410 v2,"Intel Xeon E5 1410 v2, 4C/8T @ 2.8GHz",4,8,,96 GB DDR3,96,2x5.59TB (HDD),11180,False,Unmetered @ 1 Gbps,"Warsaw, PL",Poland,PL,116,EUR,143.0,https://valebyte.com/en/servers/intel-xeon-e5-1410-v2-warsaw-pl/?utm_source=github&utm_medium=dataset&utm_campaign=dedicated-server-prices
E3-1270 v6,E3-1270 v6,4,8,,32GB,32,250 GB (SSD),250,False,5TB @ 1 Gbps,"Seoul, KR",South Korea,KR,143,USD,143.0,https://valebyte.com/en/servers/e3-1270-v6-seoul-kr/?utm_source=github&utm_medium=dataset&utm_campaign=dedicated-server-prices
[Dual] Intel Xeon E5-2650 v2 2.6GHz 8 cores,[Dual] Intel Xeon E5-2650 v2 2.6GHz 8 cores,8,16,,128 GB DDR3,128,2x 250 GB (SSD SATA),500,False,100 TB @ 1 Gbps,"Vilnius, LT",Lithuania,LT,117,EUR,144.0,https://valebyte.com/en/servers/dual-intel-xeon-e5-2650-v2-26ghz-8-cores-vilnius-lt/?utm_source=github&utm_medium=dataset&utm_campaign=dedicated-server-prices
Intel Core i7-8700,Intel Core i7-8700,,,,128 GB DDR4,128,2x 1.0 TB (NVMe),2000,True,Unmetered @ 1 Gbps,"Falkenstein, Germany",Germany,DE,117,EUR,144.0,https://valebyte.com/en/servers/intel-core-i7-8700-falkenstein-germany-1/?utm_source=github&utm_medium=dataset&utm_campaign=dedicated-server-prices
AMD Ryzen 9 PRO 3900 3.1GHz 12 cores,AMD Ryzen 9 PRO 3900 3.1GHz 12 cores,12,24,,64 GB DDR4,64,2x 960 GB (SSD NVMe),1920,True,Unmetered @ 1 Gbps,"Dusseldorf, DE",Germany,DE,117,EUR,144.0,https://valebyte.com/en/servers/amd-ryzen-9-pro-3900-31ghz-12-cores-dusseldorf-de/?utm_source=github&utm_medium=dataset&utm_campaign=dedicated-server-prices
Apple M1 3.20GHz 8 cores,Apple M1 3.20GHz 8 cores,8,8,,8 GB LPDDR4,8,1 x 256 GB (SSD),256,False,Unmetered @ 1 Gbps,"Paris, FR",France,FR,117,EUR,144.0,https://valebyte.com/en/servers/apple-m1-3-20ghz-8-8gb-256gb-paris-fr-501d2f/?utm_source=github&utm_medium=dataset&utm_campaign=dedicated-server-prices
Intel Core i9-9900K 3.6GHz 8 cores,Intel Core i9-9900K 3.6GHz 8 cores,8,16,,64 GB DDR4,64,2x 2 TB (HDD SATA),4000,False,Unmetered @ 1 Gbps,"Dusseldorf, DE",Germany,DE,117,EUR,144.0,https://valebyte.com/en/servers/intel-core-i9-9900k-36ghz-8-cores-dusseldorf-de/?utm_source=github&utm_medium=dataset&utm_campaign=dedicated-server-prices
Intel Xeon E5-2650 v2 2.6GHz 8 cores,Intel Xeon E5-2650 v2 2.6GHz 8 cores,8,16,,16 GB DDR3,16,2x 1 TB (HDD SATA),2000,False,30 TB @ 1 Gbps,"Chisinau, MD",Moldova,MD,117,EUR,144.0,https://valebyte.com/en/servers/intel-xeon-e5-2650-v2-26ghz-8-cores-chisinau-md/?utm_source=github&utm_medium=dataset&utm_campaign=dedicated-server-prices
[Dual] Intel Xeon E5-2640 v3 2.6GHz 8 cores,[Dual] Intel Xeon E5-2640 v3 2.6GHz 8 cores,8,16,,96 GB DDR3,96,2x 800 GB (SSD SATA),1600,False,Unmetered @ 100 Mbps,"Kyiv, UA",Ukraine,UA,117,EUR,144.0,https://valebyte.com/en/servers/dual-intel-xeon-e5-2640-v3-26ghz-8-cores-kyiv-ua/?utm_source=github&utm_medium=dataset&utm_campaign=dedicated-server-prices
AMD EPYC 7451 2.3GHz 24 cores,AMD EPYC 7451 2.3GHz 24 cores,24,48,,128 GB DDR4,128,2x 500 GB (SSD NVMe),1000,True,Unmetered @ 1 Gbps,"Montreal, CA",Canada,CA,119,EUR,147.0,https://valebyte.com/en/servers/amd-epyc-7451-23ghz-24-cores-montreal-ca/?utm_source=github&utm_medium=dataset&utm_campaign=dedicated-server-prices
Intel Xeon E5-2670 2.6GHz 8 cores,Intel Xeon E5-2670 2.6GHz 8 cores,8,16,,8 GB DDR3,8,250 GB (SSD SATA),250,False,Unmetered @ 10 Mbps,"Seoul, KR",South Korea,KR,119,EUR,147.0,https://valebyte.com/en/servers/intel-xeon-e5-2670-26ghz-8-cores-seoul-kr/?utm_source=github&utm_medium=dataset&utm_campaign=dedicated-server-prices
Intel Xeon E5-1650 v3 3.5GHz 6 cores,Intel Xeon E5-1650 v3 3.5GHz 6 cores,6,12,,96 GB DDR4,96,2x 1 TB (SSD SATA),2000,False,Unmetered @ 1 Gbps,"Paris, FR",France,FR,120,EUR,148.0,https://valebyte.com/en/servers/intel-xeon-e5-1650-v3-35ghz-6-cores-paris-fr-1/?utm_source=github&utm_medium=dataset&utm_campaign=dedicated-server-prices
AMD Ryzen 7 3700X,AMD Ryzen 7 3700X,,,,64 GB DDR4 ECC,64,2x 8.0 TB (HDD),16000,False,Unmetered @ 1 Gbps,"Falkenstein, Germany",Germany,DE,120,EUR,148.0,https://valebyte.com/en/servers/amd-ryzen-7-3700x-falkenstein-germany/?utm_source=github&utm_medium=dataset&utm_campaign=dedicated-server-prices
[Dual] Intel Xeon E5-2620 v4 2GHz 8 cores,[Dual] Intel Xeon E5-2620 v4 2GHz 8 cores,8,16,,128 GB DDR3,128,2x 6 TB (HDD SATA),12000,False,Unmetered @ 1 Gbps,"Paris, FR",France,FR,121,EUR,149.0,https://valebyte.com/en/servers/dual-intel-xeon-e5-2620-v4-2ghz-8-cores-paris-fr/?utm_source=github&utm_medium=dataset&utm_campaign=dedicated-server-prices
Intel Xeon E5 1410 v2 2.80GHz 4 cores,Intel Xeon E5 1410 v2 2.80GHz 4 cores,4,8,5715,96 GB DDR3,96,4 x 6 TB (HDD),24000,False,Unmetered @ 1 Gbps,"Paris, FR",France,FR,121,EUR,149.0,https://valebyte.com/en/servers/intel-xeon-e5-1410-v2-2-80ghz-4-96gb-24005gb-paris-fr-165ae9/?utm_source=github&utm_medium=dataset&utm_campaign=dedicated-server-prices
AMD Ryzen 5 5600X 3.7GHz 6 cores,AMD Ryzen 5 5600X 3.7GHz 6 cores,6,12,,32 GB DDR4,32,2x 500 GB (SSD NVMe),1000,True,Unmetered @ 1 Gbps,"Montreal, CA",Canada,CA,121,EUR,149.0,https://valebyte.com/en/servers/amd-ryzen-5-5600x-37ghz-6-cores-montreal-ca-1/?utm_source=github&utm_medium=dataset&utm_campaign=dedicated-server-prices
Intel Xeon E5 1410 v2 2.80GHz 4 cores,Intel Xeon E5 1410 v2 2.80GHz 4 cores,4,8,5715,96 GB DDR3,96,4 x 6 TB (HDD),24000,False,Unmetered @ 1 Gbps,"Warsaw, PL",Poland,PL,121,EUR,149.0,https://valebyte.com/en/servers/intel-xeon-e5-1410-v2-2-80ghz-4-96gb-24005gb-warsaw-pl-04a7d4/?utm_source=github&utm_medium=dataset&utm_campaign=dedicated-server-prices
Intel Xeon E5-1650V3,Intel Xeon E5-1650V3,,,,256 GB DDR4 ECC,256,2x 480 GB (SSD SATA),960,False,Unmetered @ 1 Gbps,"Falkenstein, Germany",Germany,DE,121,EUR,149.0,https://valebyte.com/en/servers/intel-xeon-e5-1650v3-falkenstein-germany-2/?utm_source=github&utm_medium=dataset&utm_campaign=dedicated-server-prices
AMD Ryzen 7 3800X 3.9GHz 8 cores,AMD Ryzen 7 3800X 3.9GHz 8 cores,8,16,,64 GB DDR4,64,2x 960 GB (SSD NVMe),1920,True,Unmetered @ 1 Gbps,"Montreal, CA",Canada,CA,121,EUR,149.0,https://valebyte.com/en/servers/amd-ryzen-7-3800x-39ghz-8-cores-montreal-ca/?utm_source=github&utm_medium=dataset&utm_campaign=dedicated-server-prices
AMD Ryzen 5 5600X 3.7GHz 6 cores,AMD Ryzen 5 5600X 3.7GHz 6 cores,6,12,,32 GB DDR4,32,2x 512 GB (SSD NVMe),1024,True,25 TB @ 1 Gbps,"Sydney, AU",Australia,AU,121,EUR,149.0,https://valebyte.com/en/servers/amd-ryzen-5-5600x-37ghz-6-cores-sydney-au-1/?utm_source=github&utm_medium=dataset&utm_campaign=dedicated-server-prices
Intel Xeon E5 1410 v2 2.80GHz 4 cores,Intel Xeon E5 1410 v2 2.80GHz 4 cores,4,8,5715,96 GB DDR3,96,4 x 6 TB (HDD),24000,False,Unmetered @ 1 Gbps,"Amsterdam, NL",Netherlands,NL,121,EUR,149.0,https://valebyte.com/en/servers/intel-xeon-e5-1410-v2-2-80ghz-4-96gb-24005gb-amsterdam-nl-70468a/?utm_source=github&utm_medium=dataset&utm_campaign=dedicated-server-prices
Intel Xeon E5 1410v2 2.80GHz 4 cores,Intel Xeon E5 1410v2 2.80GHz 4 cores,4,8,5842,96 GB DDR3,96,4 x 6 TB (HDD SATA),24000,False,Unmetered @ 500 Mbps,"Paris, FR",France,FR,121,EUR,149.0,https://valebyte.com/en/servers/intel-xeon-e5-1410v2-2-80ghz-4-96gb-24000gb-paris-fr-43f909/?utm_source=github&utm_medium=dataset&utm_campaign=dedicated-server-prices
Intel Xeon E5-1410 v2 2.8GHz 4 cores,Intel Xeon E5-1410 v2 2.8GHz 4 cores,4,8,,96 GB DDR3,96,4x 6 TB (HDD SATA),24000,False,Unmetered @ 1 Gbps,"Warsaw, PL",Poland,PL,122,EUR,150.0,https://valebyte.com/en/servers/intel-xeon-e5-1410-v2-28ghz-4-cores-warsaw-pl-2/?utm_source=github&utm_medium=dataset&utm_campaign=dedicated-server-prices
Intel Xeon E3-1270 v6 3.8GHz 4 cores,Intel Xeon E3-1270 v6 3.8GHz 4 cores,4,8,,32 GB DDR3,32,4 TB (HDD SATA),4000,False,Unmetered @ 1 Gbps,"Vancouver, CA",Canada,CA,122,EUR,150.0,https://valebyte.com/en/servers/intel-xeon-e3-1270-v6-38ghz-4-cores-vancouver-ca/?utm_source=github&utm_medium=dataset&utm_campaign=dedicated-server-prices
Intel Core i9-9900K,Intel Core i9-9900K,,,,128 GB DDR4,128,2x 8.0 TB (HDD),16000,False,Unmetered @ 1 Gbps,"Helsinki, Finland",Finland,FI,122,EUR,150.0,https://valebyte.com/en/servers/intel-core-i9-9900k-helsinki-finland/?utm_source=github&utm_medium=dataset&utm_campaign=dedicated-server-prices
AMD Ryzen 7 7700,AMD Ryzen 7 7700,,,,64 GB DDR5,64,2x 1.0 TB (NVMe),2000,True,Unmetered @ 1 Gbps,"Falkenstein, Germany",Germany,DE,122,EUR,150.0,https://valebyte.com/en/servers/amd-ryzen-7-7700-falkenstein-germany/?utm_source=github&utm_medium=dataset&utm_campaign=dedicated-server-prices
Intel Xeon E3-1270 v6 3.8GHz 4 cores,Intel Xeon E3-1270 v6 3.8GHz 4 cores,4,8,,32 GB DDR4,32,1 TB (HDD SATA),1000,False,10 TB @ 1 Gbps,"Sao Paulo, BR",Brazil,BR,122,EUR,150.0,https://valebyte.com/en/servers/intel-xeon-e3-1270-v6-38ghz-4-cores-sao-paulo-br/?utm_source=github&utm_medium=dataset&utm_campaign=dedicated-server-prices
E5-1620v4,E5-1620v4,4,8,,32GB ECC REG DDR4 ,32,2x 250 GB (SSD),500,False,30TB @ 3Gbps,"Siauliai, LT",Lithuania,LT,150,USD,150.0,https://valebyte.com/en/servers/e5-1620v4-siauliai-lt/?utm_source=github&utm_medium=dataset&utm_campaign=dedicated-server-prices
Intel Xeon E5-1410 v2 2.8GHz 4 cores,Intel Xeon E5-1410 v2 2.8GHz 4 cores,4,8,,96 GB DDR3,96,4x 6 TB (HDD SATA),24000,False,Unmetered @ 1 Gbps,"Amsterdam, NL",Netherlands,NL,122,EUR,150.0,https://valebyte.com/en/servers/intel-xeon-e5-1410-v2-28ghz-4-cores-amsterdam-nl-2/?utm_source=github&utm_medium=dataset&utm_campaign=dedicated-server-prices
E3-1240Lv5,E3-1240Lv5,4,8,,32GB ECC DDR4,32,2x 250 GB (SSD),500,False,30TB @ 3Gbps,"Siauliai, LT",Lithuania,LT,150,USD,150.0,https://valebyte.com/en/servers/e3-1240lv5-siauliai-lt/?utm_source=github&utm_medium=dataset&utm_campaign=dedicated-server-prices
Intel Xeon E5-1410 v2 2.8GHz 4 cores,Intel Xeon E5-1410 v2 2.8GHz 4 cores,4,8,,96 GB DDR3,96,4x 6 TB (HDD SATA),24000,False,Unmetered @ 1 Gbps,"Paris, FR",France,FR,122,EUR,150.0,https://valebyte.com/en/servers/intel-xeon-e5-1410-v2-28ghz-4-cores-paris-fr-6/?utm_source=github&utm_medium=dataset&utm_campaign=dedicated-server-prices
Intel Core i7-7700K 4.2GHz 4 cores,Intel Core i7-7700K 4.2GHz 4 cores,4,8,,16 GB DDR3,16,4 TB (HDD SATA),4000,False,Unmetered @ 1 Gbps,"Vancouver, CA",Canada,CA,122,EUR,150.0,https://valebyte.com/en/servers/intel-core-i7-7700k-42ghz-4-cores-vancouver-ca/?utm_source=github&utm_medium=dataset&utm_campaign=dedicated-server-prices
AMD Ryzen 7 3700X 3.6GHz 8 cores,AMD Ryzen 7 3700X 3.6GHz 8 cores,8,16,,32 GB DDR4,32,2x 512 GB (SSD SATA),1024,False,Unmetered @ 1 Gbps,"Riga, LV",Latvia,LV,124,EUR,153.0,https://valebyte.com/en/servers/amd-ryzen-7-3700x-36ghz-8-cores-riga-lv/?utm_source=github&utm_medium=dataset&utm_campaign=dedicated-server-prices
Intel Xeon E-2276G 3.8GHz 6 cores,Intel Xeon E-2276G 3.8GHz 6 cores,6,12,,16 GB DDR4,16,1 TB (HDD SATA),1000,False,5 TB @ 1 Gbps,"Zurich, CH",Switzerland,CH,124,EUR,153.0,https://valebyte.com/en/servers/intel-xeon-e-2276g-38ghz-6-cores-zurich-ch/?utm_source=github&utm_medium=dataset&utm_campaign=dedicated-server-prices
[Dual] Intel Xeon E5-2643 v4 3.4GHz 6 cores,[Dual] Intel Xeon E5-2643 v4 3.4GHz 6 cores,6,12,,32 GB DDR4,32,2x 240 GB (SSD SATA),480,False,Unmetered @ 1 Gbps,"Manchester, UK",UK,UK,124,EUR,153.0,https://valebyte.com/en/servers/dual-intel-xeon-e5-2643-v4-34ghz-6-cores-manchester-uk-1/?utm_source=github&utm_medium=dataset&utm_campaign=dedicated-server-prices
[Dual] Intel Xeon E5-2643 v4 3.4GHz 6 cores,[Dual] Intel Xeon E5-2643 v4 3.4GHz 6 cores,6,12,,32 GB DDR4,32,2x 240 GB (SSD SATA),480,False,Unmetered @ 1 Gbps,"Nottingham, UK",UK,UK,124,EUR,153.0,https://valebyte.com/en/servers/dual-intel-xeon-e5-2643-v4-34ghz-6-cores-nottingham-uk-1/?utm_source=github&utm_medium=dataset&utm_campaign=dedicated-server-prices
Intel Xeon E-2276G 3.8GHz 6 cores,Intel Xeon E-2276G 3.8GHz 6 cores,6,12,,16 GB DDR4,16,1 TB (HDD SATA),1000,False,5 TB @ 1 Gbps,"Belgrade, RS",Serbia,RS,124,EUR,153.0,https://valebyte.com/en/servers/intel-xeon-e-2276g-38ghz-6-cores-belgrade-rs/?utm_source=github&utm_medium=dataset&utm_campaign=dedicated-server-prices
Intel Core i9-9900K,Intel Core i9-9900K,,,,64 GB DDR4,64,2x 1.0 TB (NVMe),2000,True,Unmetered @ 1 Gbps,"Helsinki, Finland",Finland,FI,124,EUR,153.0,https://valebyte.com/en/servers/intel-core-i9-9900k-helsinki-finland-1/?utm_source=github&utm_medium=dataset&utm_campaign=dedicated-server-prices
Intel Xeon E-2276G 3.8GHz 6 cores,Intel Xeon E-2276G 3.8GHz 6 cores,6,12,,16 GB DDR4,16,1 TB (HDD SATA),1000,False,5 TB @ 1 Gbps,"Rome, IT",Italy,IT,124,EUR,153.0,https://valebyte.com/en/servers/intel-xeon-e-2276g-38ghz-6-cores-rome-it/?utm_source=github&utm_medium=dataset&utm_campaign=dedicated-server-prices
Intel Xeon E-2276G 3.8GHz 6 cores,Intel Xeon E-2276G 3.8GHz 6 cores,6,12,,16 GB DDR4,16,1 TB (HDD SATA),1000,False,5 TB @ 1 Gbps,"Oslo, NO",Norway,NO,124,EUR,153.0,https://valebyte.com/en/servers/intel-xeon-e-2276g-38ghz-6-cores-oslo-no/?utm_source=github&utm_medium=dataset&utm_campaign=dedicated-server-prices
Intel Xeon E-2276G 3.8GHz 6 cores,Intel Xeon E-2276G 3.8GHz 6 cores,6,12,,16 GB DDR4,16,1 TB (HDD SATA),1000,False,5 TB @ 1 Gbps,"Prague, CZ",Czechia (Czech Republic),CZ,124,EUR,153.0,https://valebyte.com/en/servers/intel-xeon-e-2276g-38ghz-6-cores-prague-cz/?utm_source=github&utm_medium=dataset&utm_campaign=dedicated-server-prices
Intel Xeon E-2276G 3.8GHz 6 cores,Intel Xeon E-2276G 3.8GHz 6 cores,6,12,,16 GB DDR4,16,1 TB (HDD SATA),1000,False,5 TB @ 1 Gbps,"Milan, IT",Italy,IT,124,EUR,153.0,https://valebyte.com/en/servers/intel-xeon-e-2276g-38ghz-6-cores-milan-it/?utm_source=github&utm_medium=dataset&utm_campaign=dedicated-server-prices
Intel Xeon E-2276G 3.8GHz 6 cores,Intel Xeon E-2276G 3.8GHz 6 cores,6,12,,16 GB DDR4,16,1 TB (HDD SATA),1000,False,5 TB @ 1 Gbps,"Bratislava, SK",Slovakia,SK,124,EUR,153.0,https://valebyte.com/en/servers/intel-xeon-e-2276g-38ghz-6-cores-bratislava-sk/?utm_source=github&utm_medium=dataset&utm_campaign=dedicated-server-prices
Intel Xeon E-2276G 3.8GHz 6 cores,Intel Xeon E-2276G 3.8GHz 6 cores,6,12,,16 GB DDR4,16,1 TB (HDD SATA),1000,False,5 TB @ 1 Gbps,"Dublin, IE",Ireland,IE,124,EUR,153.0,https://valebyte.com/en/servers/intel-xeon-e-2276g-38ghz-6-cores-dublin-ie/?utm_source=github&utm_medium=dataset&utm_campaign=dedicated-server-prices
Intel Xeon E-2276G 3.8GHz 6 cores,Intel Xeon E-2276G 3.8GHz 6 cores,6,12,,16 GB DDR4,16,1 TB (HDD SATA),1000,False,5 TB @ 1 Gbps,"Vienna, AT",Austria,AT,124,EUR,153.0,https://valebyte.com/en/servers/intel-xeon-e-2276g-38ghz-6-cores-vienna-at/?utm_source=github&utm_medium=dataset&utm_campaign=dedicated-server-prices
Intel Xeon E-2276G 3.8GHz 6 cores,Intel Xeon E-2276G 3.8GHz 6 cores,6,12,,16 GB DDR4,16,1 TB (HDD SATA),1000,False,5 TB @ 1 Gbps,"Brussels, BE",Belgium,BE,124,EUR,153.0,https://valebyte.com/en/servers/intel-xeon-e-2276g-38ghz-6-cores-brussels-be/?utm_source=github&utm_medium=dataset&utm_campaign=dedicated-server-prices
Intel Xeon E-2276G 3.8GHz 6 cores,Intel Xeon E-2276G 3.8GHz 6 cores,6,12,,16 GB DDR4,16,1 TB (HDD SATA),1000,False,5 TB @ 1 Gbps,"Bucharest, RO",Romania,RO,124,EUR,153.0,https://valebyte.com/en/servers/intel-xeon-e-2276g-38ghz-6-cores-bucharest-ro/?utm_source=github&utm_medium=dataset&utm_campaign=dedicated-server-prices
Intel Xeon E-2276G 3.8GHz 6 cores,Intel Xeon E-2276G 3.8GHz 6 cores,6,12,,16 GB DDR4,16,1 TB (HDD SATA),1000,False,5 TB @ 1 Gbps,"Stockholm, SE",Sweden,SE,124,EUR,153.0,https://valebyte.com/en/servers/intel-xeon-e-2276g-38ghz-6-cores-stockholm-se/?utm_source=github&utm_medium=dataset&utm_campaign=dedicated-server-prices
Intel Xeon E-2276G 3.8GHz 6 cores,Intel Xeon E-2276G 3.8GHz 6 cores,6,12,,16 GB DDR4,16,1 TB (HDD SATA),1000,False,5 TB @ 1 Gbps,"Barcelona, ES",Spain,ES,124,EUR,153.0,https://valebyte.com/en/servers/intel-xeon-e-2276g-38ghz-6-cores-barcelona-es/?utm_source=github&utm_medium=dataset&utm_campaign=dedicated-server-prices
Intel Xeon E-2276G 3.8GHz 6 cores,Intel Xeon E-2276G 3.8GHz 6 cores,6,12,,16 GB DDR4,16,1 TB (HDD SATA),1000,False,5 TB @ 1 Gbps,"Budapest, HU",Hungary,HU,124,EUR,153.0,https://valebyte.com/en/servers/intel-xeon-e-2276g-38ghz-6-cores-budapest-hu/?utm_source=github&utm_medium=dataset&utm_campaign=dedicated-server-prices
Intel Xeon E-2276G 3.8GHz 6 cores,Intel Xeon E-2276G 3.8GHz 6 cores,6,12,,16 GB DDR4,16,1 TB (HDD SATA),1000,False,5 TB @ 1 Gbps,"Madrid, ES",Spain,ES,124,EUR,153.0,https://valebyte.com/en/servers/intel-xeon-e-2276g-38ghz-6-cores-madrid-es/?utm_source=github&utm_medium=dataset&utm_campaign=dedicated-server-prices
Intel Xeon E-2276G 3.8GHz 6 cores,Intel Xeon E-2276G 3.8GHz 6 cores,6,12,,16 GB DDR4,16,1 TB (HDD SATA),1000,False,5 TB @ 1 Gbps,"Manchester, UK",UK,UK,124,EUR,153.0,https://valebyte.com/en/servers/intel-xeon-e-2276g-38ghz-6-cores-manchester-uk/?utm_source=github&utm_medium=dataset&utm_campaign=dedicated-server-prices
Intel Core i9-9900K,Intel Core i9-9900K,,,,128 GB DDR4,128,2x 1.0 TB (NVMe),2000,True,Unmetered @ 1 Gbps,"Falkenstein, Germany",Germany,DE,125,EUR,154.0,https://valebyte.com/en/servers/intel-core-i9-9900k-falkenstein-germany-1/?utm_source=github&utm_medium=dataset&utm_campaign=dedicated-server-prices
Intel Xeon E3-1230 v6 3.5GHz 4 cores,Intel Xeon E3-1230 v6 3.5GHz 4 cores,4,8,,32 GB DDR4,32,256 GB (SSD SATA),256,False,10 TB @ 1 Gbps,"Sao Paulo, BR",Brazil,BR,126,EUR,155.0,https://valebyte.com/en/servers/intel-xeon-e3-1230-v6-35ghz-4-cores-sao-paulo-br/?utm_source=github&utm_medium=dataset&utm_campaign=dedicated-server-prices
Intel Xeon-E 2386G 3.5GHz 6 cores,Intel Xeon-E 2386G 3.5GHz 6 cores,6,12,,32 GB DDR4 ECC,32,2x 512 GB (NVME SoftRAID),1024,True,Unmetered @ 500 Mbps,"Singapore, SG",Singapore,SG,126,EUR,155.0,https://valebyte.com/en/servers/intel-xeon-e-2386g-35ghz-6-cores-singapore-sg-2/?utm_source=github&utm_medium=dataset&utm_campaign=dedicated-server-prices
Intel Xeon E-2234 3.6GHz 4 cores,Intel Xeon E-2234 3.6GHz 4 cores,4,8,,64 GB DDR4,64,2x 512 GB (SSD SATA),1024,False,Unmetered @ 1 Gbps,"Riga, LV",Latvia,LV,126,EUR,155.0,https://valebyte.com/en/servers/intel-xeon-e-2234-36ghz-4-cores-riga-lv/?utm_source=github&utm_medium=dataset&utm_campaign=dedicated-server-prices
Intel Xeon E-2246G 3.6GHz 6 cores,Intel Xeon E-2246G 3.6GHz 6 cores,6,12,,64 GB DDR4,64,2x 1 TB (SSD NVMe),2000,True,Unmetered @ 1 Gbps,"Paris, FR",France,FR,126,EUR,155.0,https://valebyte.com/en/servers/intel-xeon-e-2246g-36ghz-6-cores-paris-fr-1/?utm_source=github&utm_medium=dataset&utm_campaign=dedicated-server-prices
Intel Core i7-8700K 3.7GHz 6 cores,Intel Core i7-8700K 3.7GHz 6 cores,6,12,,16 GB DDR3,16,2x 240 GB (SSD SATA),480,False,20 TB @ 1 Gbps,"Chisinau, MD",Moldova,MD,126,EUR,155.0,https://valebyte.com/en/servers/intel-core-i7-8700k-37ghz-6-cores-chisinau-md/?utm_source=github&utm_medium=dataset&utm_campaign=dedicated-server-prices
E3-1270 v6,E3-1270 v6,,8,,32GB,32,250 GB (SSD),250,False,5TB @ 1 Gbps,"Sao Paulo, BR",Brazil,BR,155,USD,155.0,https://valebyte.com/en/servers/e3-1270-v6-sao-paulo-br/?utm_source=github&utm_medium=dataset&utm_campaign=dedicated-server-prices
E-2234,E-2234,4,8,,32GB,32,250 GB (SSD),250,False,5TB @ 1 Gbps,"Seoul, KR",South Korea,KR,155,USD,155.0,https://valebyte.com/en/servers/e-2234-seoul-kr/?utm_source=github&utm_medium=dataset&utm_campaign=dedicated-server-prices
Intel Xeon E3-1270V3,Intel Xeon E3-1270V3,,,,32 GB DDR3 ECC,32,4x 10.0 TB (HDD),40000,False,Unmetered @ 1 Gbps,"Falkenstein, Germany",Germany,DE,127,EUR,156.0,https://valebyte.com/en/servers/intel-xeon-e3-1270v3-falkenstein-germany/?utm_source=github&utm_medium=dataset&utm_campaign=dedicated-server-prices
Intel Xeon E-2334 3.4GHz 4 cores,Intel Xeon E-2334 3.4GHz 4 cores,4,8,,16 GB DDR4,16,2x 1 TB (SSD SATA),2000,False,Unmetered @ 1 Gbps,"Johannesburg, ZA",South Africa,ZA,128,EUR,158.0,https://valebyte.com/en/servers/intel-xeon-e-2334-34ghz-4-cores-johannesburg-za/?utm_source=github&utm_medium=dataset&utm_campaign=dedicated-server-prices
Intel Xeon E-2334 3.4GHz 4 cores,Intel Xeon E-2334 3.4GHz 4 cores,4,8,,16 GB DDR4,16,2x 1 TB (SSD SATA),2000,False,Unmetered @ 1 Gbps,"Cape Town, ZA",South Africa,ZA,128,EUR,158.0,https://valebyte.com/en/servers/intel-xeon-e-2334-34ghz-4-cores-cape-town-za/?utm_source=github&utm_medium=dataset&utm_campaign=dedicated-server-prices
Intel Xeon E3-1271V3,Intel Xeon E3-1271V3,,,,32 GB DDR3 ECC,32,4x 10.0 TB (HDD),40000,False,Unmetered @ 1 Gbps,"Falkenstein, Germany",Germany,DE,128,EUR,158.0,https://valebyte.com/en/servers/intel-xeon-e3-1271v3-falkenstein-germany/?utm_source=github&utm_medium=dataset&utm_campaign=dedicated-server-prices
[Dual] Intel Xeon L5630 2.133GHz 4 cores,[Dual] Intel Xeon L5630 2.133GHz 4 cores,4,8,,16 GB DDR3,16,250 GB (SSD SATA),250,False,Unmetered @ 10 Mbps,"Seoul, KR",South Korea,KR,128,EUR,158.0,https://valebyte.com/en/servers/dual-intel-xeon-l5630-2133ghz-4-cores-seoul-kr/?utm_source=github&utm_medium=dataset&utm_campaign=dedicated-server-prices
AMD Ryzen 7 7700,AMD Ryzen 7 7700,,,,64 GB DDR5,64,2x 1.0 TB (NVMe),2000,True,Unmetered @ 1 Gbps,"Helsinki, Finland",Finland,FI,128,EUR,158.0,https://valebyte.com/en/servers/amd-ryzen-7-7700-helsinki-finland/?utm_source=github&utm_medium=dataset&utm_campaign=dedicated-server-prices
Intel Core i7-7700 3.6GHz 4 cores,Intel Core i7-7700 3.6GHz 4 cores,4,8,,32 GB DDR4,32,480 GB (SSD SATA),480,False,Unmetered @ 1 Gbps,"Lisbon, PT",Portugal,PT,129,EUR,159.0,https://valebyte.com/en/servers/intel-core-i7-7700-36ghz-4-cores-lisbon-pt/?utm_source=github&utm_medium=dataset&utm_campaign=dedicated-server-prices
Intel Xeon E3-1240L v5 2.1GHz 4 cores,Intel Xeon E3-1240L v5 2.1GHz 4 cores,4,8,,16 GB DDR4,16,4x 4 TB (HDD SATA),16000,False,10 TB @ 1 Gbps,"Stockholm, SE",Sweden,SE,129,EUR,159.0,https://valebyte.com/en/servers/intel-xeon-e3-1240l-v5-21ghz-4-cores-stockholm-se/?utm_source=github&utm_medium=dataset&utm_campaign=dedicated-server-prices
Intel Core i7-8700 3.2GHz 6 cores,Intel Core i7-8700 3.2GHz 6 cores,6,12,,12 GB DDR4,12,2x 960 GB (SSD SATA),1920,False,Unmetered @ 1 Gbps,"Novi Travnik, BA",Bosnia and Herzegovina,BA,129,EUR,159.0,https://valebyte.com/en/servers/intel-core-i7-8700-32ghz-6-cores-novi-travnik-ba/?utm_source=github&utm_medium=dataset&utm_campaign=dedicated-server-prices
AMD Ryzen 7 5700 3.7GHz 8 cores,AMD Ryzen 7 5700 3.7GHz 8 cores,8,16,,32 GB DDR4,32,2x 512 GB (SSD SATA),1024,False,Unmetered @ 1 Gbps,"Riga, LV",Latvia,LV,129,EUR,159.0,https://valebyte.com/en/servers/amd-ryzen-7-5700-37ghz-8-cores-riga-lv/?utm_source=github&utm_medium=dataset&utm_campaign=dedicated-server-prices
Intel Xeon E5 1410v2 2.80GHz 4 cores,Intel Xeon E5 1410v2 2.80GHz 4 cores,4,8,5842,64 GB DDR3,64,3 x 6 TB (HDD SATA),18000,False,Unmetered @ 500 Mbps,"Paris, FR",France,FR,130,EUR,160.0,https://valebyte.com/en/servers/intel-xeon-e5-1410v2-2-80ghz-4-64gb-18000gb-paris-fr-3a7a70/?utm_source=github&utm_medium=dataset&utm_campaign=dedicated-server-prices
AMD EPYC 4245P 3.90GHz 6 cores,AMD EPYC 4245P 3.90GHz 6 cores,6,12,31123,32 GB DDR5,32,2 x 1.02 TB (NVMe),2040,True,Unmetered @ 3 Gbps,"Paris, FR",France,FR,130,EUR,160.0,https://valebyte.com/en/servers/amd-epyc-4245p-3-90ghz-6-32gb-2048gb-paris-fr-3cbbc2/?utm_source=github&utm_medium=dataset&utm_campaign=dedicated-server-prices
AMD EPYC 4245P 3.90GHz 6 cores,AMD EPYC 4245P 3.90GHz 6 cores,6,12,31123,32 GB DDR5,32,2 x 1.02 TB (NVMe),2040,True,Unmetered @ 3 Gbps,"Amsterdam, NL",Netherlands,NL,130,EUR,160.0,https://valebyte.com/en/servers/amd-epyc-4245p-3-90ghz-6-32gb-2048gb-amsterdam-nl-b2828a/?utm_source=github&utm_medium=dataset&utm_campaign=dedicated-server-prices
AMD EPYC 7402P 2.8GHz 24 cores,AMD EPYC 7402P 2.8GHz 24 cores,24,48,,64 GB DDR4,64,2x 480 GB (SSD SATA),960,False,100 TB @ 1 Gbps,"Amsterdam, NL",Netherlands,NL,130,EUR,160.0,https://valebyte.com/en/servers/amd-epyc-7402p-28ghz-24-cores-amsterdam-nl-4/?utm_source=github&utm_medium=dataset&utm_campaign=dedicated-server-prices
Intel Xeon E-2246G 3.60GHz 6 cores,Intel Xeon E-2246G 3.60GHz 6 cores,6,12,14018,32 GB DDR4,32,2 x 480 GB (NVMe SSD),960,True,Unmetered @ 750 Mbps,"Amsterdam, NL",Netherlands,NL,130,EUR,160.0,https://valebyte.com/en/servers/intel-xeon-e-2246g-3-60ghz-6-32gb-960gb-amsterdam-nl-1753e3/?utm_source=github&utm_medium=dataset&utm_campaign=dedicated-server-prices
Intel Xeon E-2246G 3.60GHz 6 cores,Intel Xeon E-2246G 3.60GHz 6 cores,6,12,14018,32 GB DDR4,32,2 x 480 GB (NVMe SSD),960,True,Unmetered @ 750 Mbps,"Paris, FR",France,FR,130,EUR,160.0,https://valebyte.com/en/servers/intel-xeon-e-2246g-3-60ghz-6-32gb-960gb-paris-fr-6c661a/?utm_source=github&utm_medium=dataset&utm_campaign=dedicated-server-prices
AMD Ryzen 7 5800X 3.8GHz 8 cores,AMD Ryzen 7 5800X 3.8GHz 8 cores,8,16,,64 GB DDR4 ECC,64,2x 960 GB (NVME SoftRAID),1920,True,Unmetered @ 1 Gbps,"London, GB",London,,131,EUR,161.0,https://valebyte.com/en/servers/amd-ryzen-7-5800x-38ghz-8-cores-london-gb/?utm_source=github&utm_medium=dataset&utm_campaign=dedicated-server-prices
AMD EPYC 4244P 3.8GHz 6 cores,AMD EPYC 4244P 3.8GHz 6 cores,6,12,,128 GB DDR4 ECC,128,2x 960 GB (NVME SoftRAID),1920,True,Unmetered @ 3 Gbps,"Roubaix, FR",France,FR,131,EUR,161.0,https://valebyte.com/en/servers/amd-epyc-4244p-38ghz-6-cores-roubaix-fr-1/?utm_source=github&utm_medium=dataset&utm_campaign=dedicated-server-prices
Intel Xeon E5-2637 v4 3.5GHz 4 cores,Intel Xeon E5-2637 v4 3.5GHz 4 cores,4,8,,16 GB DDR4,16,1 TB (HDD SATA),1000,False,25 TB @ 1 Gbps,"Porto, PT",Portugal,PT,131,EUR,161.0,https://valebyte.com/en/servers/intel-xeon-e5-2637-v4-35ghz-4-cores-porto-pt/?utm_source=github&utm_medium=dataset&utm_campaign=dedicated-server-prices
AMD Ryzen 7 5800X 3.8GHz 8 cores,AMD Ryzen 7 5800X 3.8GHz 8 cores,8,16,,64 GB DDR4 ECC,64,2x 960 GB (NVME SoftRAID),1920,True,Unmetered @ 1 Gbps,"Beauharnois, CA",Canada,CA,131,EUR,161.0,https://valebyte.com/en/servers/amd-ryzen-7-5800x-38ghz-8-cores-beauharnois-ca/?utm_source=github&utm_medium=dataset&utm_campaign=dedicated-server-prices
AMD Ryzen 7 3700X 3.6GHz 8 cores,AMD Ryzen 7 3700X 3.6GHz 8 cores,8,16,,64 GB DDR4,64,2x 480 GB (SSD NVMe),960,True,Unmetered @ 1 Gbps,"Tirana, AL",Albania,AL,131,EUR,161.0,https://valebyte.com/en/servers/amd-ryzen-7-3700x-36ghz-8-cores-tirana-al/?utm_source=github&utm_medium=dataset&utm_campaign=dedicated-server-prices
AMD Ryzen 7 5800X 3.8GHz 8 cores,AMD Ryzen 7 5800X 3.8GHz 8 cores,8,16,,64 GB DDR4 ECC,64,2x 960 GB (NVME SoftRAID),1920,True,Unmetered @ 1 Gbps,"Gravelines, FR",France,FR,131,EUR,161.0,https://valebyte.com/en/servers/amd-ryzen-7-5800x-38ghz-8-cores-gravelines-fr/?utm_source=github&utm_medium=dataset&utm_campaign=dedicated-server-prices
AMD Ryzen 7 5800X 3.8GHz 8 cores,AMD Ryzen 7 5800X 3.8GHz 8 cores,8,16,,64 GB DDR4 ECC,64,2x 960 GB (NVME SoftRAID),1920,True,Unmetered @ 1 Gbps,"Warsaw, PL",Poland,PL,131,EUR,161.0,https://valebyte.com/en/servers/amd-ryzen-7-5800x-38ghz-8-cores-warsaw-pl-1/?utm_source=github&utm_medium=dataset&utm_campaign=dedicated-server-prices
AMD Ryzen 7 5800X 3.8GHz 8 cores,AMD Ryzen 7 5800X 3.8GHz 8 cores,8,16,,64 GB DDR4 ECC,64,2x 960 GB (NVME SoftRAID),1920,True,Unmetered @ 1 Gbps,"Strasbourg, FR",France,FR,131,EUR,161.0,https://valebyte.com/en/servers/amd-ryzen-7-5800x-38ghz-8-cores-strasbourg-fr/?utm_source=github&utm_medium=dataset&utm_campaign=dedicated-server-prices
AMD Epyc 7371 3.1GHz 16 cores,AMD Epyc 7371 3.1GHz 16 cores,16,32,,128 GB DDR4 ECC,128,2x 6 TB + 2x 960 GB (SATA Hybrid SoftRAID),13920,False,Unmetered @ 1 Gbps,"Strasbourg, FR",France,FR,131,EUR,161.0,https://valebyte.com/en/servers/amd-epyc-7371-31ghz-16-cores-strasbourg-fr/?utm_source=github&utm_medium=dataset&utm_campaign=dedicated-server-prices
AMD Epyc 7371 3.1GHz 16 cores,AMD Epyc 7371 3.1GHz 16 cores,16,32,,128 GB DDR4 ECC,128,2x 6 TB + 2x 960 GB (SATA Hybrid SoftRAID),13920,False,Unmetered @ 1 Gbps,"Beauharnois, CA",Canada,CA,131,EUR,161.0,https://valebyte.com/en/servers/amd-epyc-7371-31ghz-16-cores-beauharnois-ca/?utm_source=github&utm_medium=dataset&utm_campaign=dedicated-server-prices
AMD Epyc 7371 3.1GHz 16 cores,AMD Epyc 7371 3.1GHz 16 cores,16,32,,128 GB DDR4 ECC,128,2x 6 TB + 2x 960 GB (SATA Hybrid SoftRAID),13920,False,Unmetered @ 1 Gbps,"Warsaw, PL",Poland,PL,131,EUR,161.0,https://valebyte.com/en/servers/amd-epyc-7371-31ghz-16-cores-warsaw-pl-1/?utm_source=github&utm_medium=dataset&utm_campaign=dedicated-server-prices
AMD Ryzen 7 5800X 3.8GHz 8 cores,AMD Ryzen 7 5800X 3.8GHz 8 cores,8,16,,64 GB DDR4 ECC,64,2x 960 GB (NVME SoftRAID),1920,True,Unmetered @ 1 Gbps,"Frankfurt, DE",Germany,DE,131,EUR,161.0,https://valebyte.com/en/servers/amd-ryzen-7-5800x-38ghz-8-cores-frankfurt-de-1/?utm_source=github&utm_medium=dataset&utm_campaign=dedicated-server-prices
AMD Epyc 7371 3.1GHz 16 cores,AMD Epyc 7371 3.1GHz 16 cores,16,32,,128 GB DDR4 ECC,128,2x 6 TB + 2x 960 GB (SATA Hybrid SoftRAID),13920,False,Unmetered @ 1 Gbps,"London, GB",London,,131,EUR,161.0,https://valebyte.com/en/servers/amd-epyc-7371-31ghz-16-cores-london-gb/?utm_source=github&utm_medium=dataset&utm_campaign=dedicated-server-prices
AMD Epyc 7371 3.1GHz 16 cores,AMD Epyc 7371 3.1GHz 16 cores,16,32,,128 GB DDR4 ECC,128,2x 6 TB + 2x 960 GB (SATA Hybrid SoftRAID),13920,False,Unmetered @ 1 Gbps,"Roubaix, FR",France,FR,131,EUR,161.0,https://valebyte.com/en/servers/amd-epyc-7371-31ghz-16-cores-roubaix-fr/?utm_source=github&utm_medium=dataset&utm_campaign=dedicated-server-prices
AMD Epyc 7371 3.1GHz 16 cores,AMD Epyc 7371 3.1GHz 16 cores,16,32,,128 GB DDR4 ECC,128,2x 6 TB + 2x 960 GB (SATA Hybrid SoftRAID),13920,False,Unmetered @ 1 Gbps,"Frankfurt, DE",Germany,DE,131,EUR,161.0,https://valebyte.com/en/servers/amd-epyc-7371-31ghz-16-cores-frankfurt-de-1/?utm_source=github&utm_medium=dataset&utm_campaign=dedicated-server-prices
AMD EPYC 4244P 3.8GHz 6 cores,AMD EPYC 4244P 3.8GHz 6 cores,6,12,,128 GB DDR4 ECC,128,2x 960 GB (NVME SoftRAID),1920,True,Unmetered @ 3 Gbps,"Beauharnois, CA",Canada,CA,131,EUR,161.0,https://valebyte.com/en/servers/amd-epyc-4244p-38ghz-6-cores-beauharnois-ca-1/?utm_source=github&utm_medium=dataset&utm_campaign=dedicated-server-prices
AMD EPYC 4244P 3.8GHz 6 cores,AMD EPYC 4244P 3.8GHz 6 cores,6,12,,128 GB DDR4 ECC,128,2x 960 GB (NVME SoftRAID),1920,True,Unmetered @ 3 Gbps,"Gravelines, FR",France,FR,131,EUR,161.0,https://valebyte.com/en/servers/amd-epyc-4244p-38ghz-6-cores-gravelines-fr-1/?utm_source=github&utm_medium=dataset&utm_campaign=dedicated-server-prices
Intel Xeon E5-2637 v4 3.5GHz 4 cores,Intel Xeon E5-2637 v4 3.5GHz 4 cores,4,8,,16 GB DDR4,16,1 TB (HDD SATA),1000,False,25 TB @ 1 Gbps,"Lisbon, PT",Portugal,PT,131,EUR,161.0,https://valebyte.com/en/servers/intel-xeon-e5-2637-v4-35ghz-4-cores-lisbon-pt/?utm_source=github&utm_medium=dataset&utm_campaign=dedicated-server-prices
E-2246G,E-2246G,,12,,64GB,64,1 TB (SSD),1000,False,5TB @ 1 Gbps,"Johannesburg, ZA",South Africa,ZA,161,USD,161.0,https://valebyte.com/en/servers/e-2246g-johannesburg-za/?utm_source=github&utm_medium=dataset&utm_campaign=dedicated-server-prices
[Dual] Intel Xeon E5-2670 2.6GHz 8 cores,[Dual] Intel Xeon E5-2670 2.6GHz 8 cores,8,16,,256 GB DDR3,256,3x 3 TB (HDD SAS),9000,False,Unmetered @ 1 Gbps,"Paris, FR",France,FR,132,EUR,162.0,https://valebyte.com/en/servers/dual-intel-xeon-e5-2670-26ghz-8-cores-paris-fr/?utm_source=github&utm_medium=dataset&utm_campaign=dedicated-server-prices
Intel Xeon E-2276G 3.8GHz 6 cores,Intel Xeon E-2276G 3.8GHz 6 cores,6,12,,32 GB DDR4,32,2x 240 GB (SSD SATA),480,False,30 TB @ 1 Gbps,"Zurich, CH",Switzerland,CH,132,EUR,162.0,https://valebyte.com/en/servers/intel-xeon-e-2276g-38ghz-6-cores-zurich-ch-1/?utm_source=github&utm_medium=dataset&utm_campaign=dedicated-server-prices
Intel Xeon E3-1230 v5 3GHz 4 cores,Intel Xeon E3-1230 v5 3GHz 4 cores,4,8,,8 GB DDR4,8,1 TB (HDD SATA),1000,False,5 TB @ 1 Gbps,"Sao Paulo, BR",Brazil,BR,133,EUR,164.0,https://valebyte.com/en/servers/intel-xeon-e3-1230-v5-3ghz-4-cores-sao-paulo-br/?utm_source=github&utm_medium=dataset&utm_campaign=dedicated-server-prices
Intel Core i3-4150 3.5GHz 2 cores,Intel Core i3-4150 3.5GHz 2 cores,2,4,,8 GB DDR3,8,2x 1 TB (HDD SATA),2000,False,Unmetered @ 100 Mbps,"Kuala Lumpur, MY",Malaysia,MY,133,EUR,164.0,https://valebyte.com/en/servers/intel-core-i3-4150-35ghz-2-cores-kuala-lumpur-my/?utm_source=github&utm_medium=dataset&utm_campaign=dedicated-server-prices
AMD Ryzen 9 5900X 3.7GHz 12 cores,AMD Ryzen 9 5900X 3.7GHz 12 cores,12,24,,32 GB DDR4 ECC,32,2x 4 TB (SATA SoftRAID),8000,False,Unmetered @ 1 Gbps,"Roubaix, FR",France,FR,134,EUR,165.0,https://valebyte.com/en/servers/amd-ryzen-9-5900x-37ghz-12-cores-roubaix-fr-1/?utm_source=github&utm_medium=dataset&utm_campaign=dedicated-server-prices
AMD Ryzen 9 5900X 3.7GHz 12 cores,AMD Ryzen 9 5900X 3.7GHz 12 cores,12,24,,32 GB DDR4 ECC,32,2x 4 TB (SATA SoftRAID),8000,False,Unmetered @ 1 Gbps,"Frankfurt, DE",Germany,DE,134,EUR,165.0,https://valebyte.com/en/servers/amd-ryzen-9-5900x-37ghz-12-cores-frankfurt-de-2/?utm_source=github&utm_medium=dataset&utm_campaign=dedicated-server-prices
AMD EPYC 7313P 3GHz 16 cores,AMD EPYC 7313P 3GHz 16 cores,16,32,,64 GB DDR4,64,2x 960 GB (SSD SATA),1920,False,30 TB @ 1 Gbps,"Montreal, CA",Canada,CA,134,EUR,165.0,https://valebyte.com/en/servers/amd-epyc-7313p-3ghz-16-cores-montreal-ca/?utm_source=github&utm_medium=dataset&utm_campaign=dedicated-server-prices
AMD Ryzen 9 5900X 3.7GHz 12 cores,AMD Ryzen 9 5900X 3.7GHz 12 cores,12,24,,32 GB DDR4 ECC,32,2x 4 TB (SATA SoftRAID),8000,False,Unmetered @ 1 Gbps,"Strasbourg, FR",France,FR,134,EUR,165.0,https://valebyte.com/en/servers/amd-ryzen-9-5900x-37ghz-12-cores-strasbourg-fr-1/?utm_source=github&utm_medium=dataset&utm_campaign=dedicated-server-prices
AMD Ryzen 9 5900X 3.7GHz 12 cores,AMD Ryzen 9 5900X 3.7GHz 12 cores,12,24,,32 GB DDR4 ECC,32,2x 4 TB (SATA SoftRAID),8000,False,Unmetered @ 1 Gbps,"London, GB",London,,134,EUR,165.0,https://valebyte.com/en/servers/amd-ryzen-9-5900x-37ghz-12-cores-london-gb-1/?utm_source=github&utm_medium=dataset&utm_campaign=dedicated-server-prices
AMD Ryzen 9 5900X 3.7GHz 12 cores,AMD Ryzen 9 5900X 3.7GHz 12 cores,12,24,,32 GB DDR4 ECC,32,2x 4 TB (SATA SoftRAID),8000,False,Unmetered @ 1 Gbps,"Warsaw, PL",Poland,PL,134,EUR,165.0,https://valebyte.com/en/servers/amd-ryzen-9-5900x-37ghz-12-cores-warsaw-pl-2/?utm_source=github&utm_medium=dataset&utm_campaign=dedicated-server-prices
AMD Ryzen 9 5900X 3.7GHz 12 cores,AMD Ryzen 9 5900X 3.7GHz 12 cores,12,24,,32 GB DDR4 ECC,32,2x 4 TB (SATA SoftRAID),8000,False,Unmetered @ 1 Gbps,"Gravelines, FR",France,FR,134,EUR,165.0,https://valebyte.com/en/servers/amd-ryzen-9-5900x-37ghz-12-cores-gravelines-fr-1/?utm_source=github&utm_medium=dataset&utm_campaign=dedicated-server-prices
AMD Ryzen 9 5900X 3.7GHz 12 cores,AMD Ryzen 9 5900X 3.7GHz 12 cores,12,24,,32 GB DDR4 ECC,32,2x 4 TB (SATA SoftRAID),8000,False,Unmetered @ 1 Gbps,"Beauharnois, CA",Canada,CA,134,EUR,165.0,https://valebyte.com/en/servers/amd-ryzen-9-5900x-37ghz-12-cores-beauharnois-ca-1/?utm_source=github&utm_medium=dataset&utm_campaign=dedicated-server-prices
Intel Xeon E5 1410 v2,"Intel Xeon E5 1410 v2, 4C/8T @ 2.8GHz",4,8,,64 GB DDR3,64,2x953GB (SSD),1906,False,Unmetered @ 1 Gbps,"Paris, FR",France,FR,135,EUR,166.0,https://valebyte.com/en/servers/intel-xeon-e5-1410-v2-paris-fr-1/?utm_source=github&utm_medium=dataset&utm_campaign=dedicated-server-prices
Intel Xeon E5 1410 v2,"Intel Xeon E5 1410 v2, 4C/8T @ 2.8GHz",4,8,,64 GB DDR3,64,2x953GB (SSD),1906,False,Unmetered @ 1 Gbps,"Paris, FR",France,FR,135,EUR,166.0,https://valebyte.com/en/servers/scaleway-em-a315x-ssd-paris-fr/?utm_source=github&utm_medium=dataset&utm_campaign=dedicated-server-prices
[Dual] Intel Xeon Silver 4110 2.1GHz 8 cores,[Dual] Intel Xeon Silver 4110 2.1GHz 8 cores,8,16,,64 GB DDR4,64,2x 2 TB (HDD SATA),4000,False,Unmetered @ 1 Gbps,"Dusseldorf, DE",Germany,DE,135,EUR,166.0,https://valebyte.com/en/servers/dual-intel-xeon-silver-4110-21ghz-8-cores-dusseldorf-de/?utm_source=github&utm_medium=dataset&utm_campaign=dedicated-server-prices
Intel Xeon E5 1410 v2,"Intel Xeon E5 1410 v2, 4C/8T @ 2.8GHz",4,8,,64 GB DDR3,64,2x953GB (SSD),1906,False,Unmetered @ 1 Gbps,"Warsaw, PL",Poland,PL,135,EUR,166.0,https://valebyte.com/en/servers/intel-xeon-e5-1410-v2-warsaw-pl-1/?utm_source=github&utm_medium=dataset&utm_campaign=dedicated-server-prices
Intel Xeon E-2286G 4GHz 6 cores,Intel Xeon E-2286G 4GHz 6 cores,8,16,,64 GB DDR4,64,2x 512 GB (SSD NVMe),1024,True,100 TB @ 1 Gbps,"Montreal, CA",Canada,CA,135,EUR,166.0,https://valebyte.com/en/servers/intel-xeon-e-2286g-4ghz-6-cores-montreal-ca/?utm_source=github&utm_medium=dataset&utm_campaign=dedicated-server-prices
Intel Xeon E5 1410 v2,"Intel Xeon E5 1410 v2, 4C/8T @ 2.8GHz",4,8,,64 GB DDR3,64,2x953GB (SSD),1906,False,Unmetered @ 1 Gbps,"Amsterdam, NL",Netherlands,NL,135,EUR,166.0,https://valebyte.com/en/servers/scaleway-em-a315x-ssd-amsterdam-nl/?utm_source=github&utm_medium=dataset&utm_campaign=dedicated-server-prices
Intel Xeon E5 1410 v2,"Intel Xeon E5 1410 v2, 4C/8T @ 2.8GHz",4,8,,64 GB DDR3,64,2x953GB (SSD),1906,False,Unmetered @ 1 Gbps,"Warsaw, PL",Poland,PL,135,EUR,166.0,https://valebyte.com/en/servers/scaleway-em-a315x-ssd-warsaw-pl/?utm_source=github&utm_medium=dataset&utm_campaign=dedicated-server-prices
Intel Xeon E5 1650,"Intel Xeon E5 1650, 6C/12T @ 3.2GHz",6,12,,64 GB DDR3,64,2x953GB (SSD),1906,False,Unmetered @ 1 Gbps,"Warsaw, PL",Poland,PL,135,EUR,166.0,https://valebyte.com/en/servers/intel-xeon-e5-1650-warsaw-pl/?utm_source=github&utm_medium=dataset&utm_campaign=dedicated-server-prices
Intel Xeon E3-1230 v5 3GHz 4 cores,Intel Xeon E3-1230 v5 3GHz 4 cores,4,8,,8 GB DDR4,8,1 TB (HDD SATA),1000,False,5 TB @ 1 Gbps,"Helsinki, FI",Finland,FI,136,EUR,167.0,https://valebyte.com/en/servers/intel-xeon-e3-1230-v5-3ghz-4-cores-helsinki-fi/?utm_source=github&utm_medium=dataset&utm_campaign=dedicated-server-prices
E-2246G,E-2246G,6,12,,32GB,32,1 TB (SSD),1000,False,5TB @ 1 Gbps,"Seoul, KR",South Korea,KR,167,USD,167.0,https://valebyte.com/en/servers/e-2246g-seoul-kr/?utm_source=github&utm_medium=dataset&utm_campaign=dedicated-server-prices
Intel Xeon E5 2620 or equivalent 2.00GHz 2x 12 cores,Intel Xeon E5 2620 or equivalent 2.00GHz 2x 12 cores,12,24,5295,192 GB DDR3,192,2 x 8 TB (HDD),16000,False,Unmetered @ 1 Gbps,"Paris, FR",France,FR,137,EUR,169.0,https://valebyte.com/en/servers/intel-xeon-e5-2620-or-equivalent-2-00ghz-2x-12-192gb-16000gb-paris-fr-e3610b/?utm_source=github&utm_medium=dataset&utm_campaign=dedicated-server-prices
Intel Xeon E5 2620 or equivalent 2.00GHz 2x 12 cores,Intel Xeon E5 2620 or equivalent 2.00GHz 2x 12 cores,12,24,5295,192 GB DDR3,192,2 x 1 TB (SSD),2000,False,Unmetered @ 1 Gbps,"Paris, FR",France,FR,137,EUR,169.0,https://valebyte.com/en/servers/intel-xeon-e5-2620-or-equivalent-2-00ghz-2x-12-192gb-2000gb-paris-fr-365c5e/?utm_source=github&utm_medium=dataset&utm_campaign=dedicated-server-prices
Intel Xeon E5 2620 or equivalent 2.00GHz 2x 12 cores,Intel Xeon E5 2620 or equivalent 2.00GHz 2x 12 cores,12,24,5295,192 GB DDR3,192,2 x 1 TB (SSD),2000,False,Unmetered @ 1 Gbps,"Amsterdam, NL",Netherlands,NL,137,EUR,169.0,https://valebyte.com/en/servers/intel-xeon-e5-2620-or-equivalent-2-00ghz-2x-12-192gb-2000gb-amsterdam-nl-49952f/?utm_source=github&utm_medium=dataset&utm_campaign=dedicated-server-prices
Intel Xeon E5 2620 or equivalent 2.00GHz 2x 12 cores,Intel Xeon E5 2620 or equivalent 2.00GHz 2x 12 cores,12,24,5295,192 GB DDR3,192,2 x 1 TB (SSD),2000,False,Unmetered @ 1 Gbps,"Warsaw, PL",Poland,PL,137,EUR,169.0,https://valebyte.com/en/servers/intel-xeon-e5-2620-or-equivalent-2-00ghz-2x-12-192gb-2000gb-warsaw-pl-8fe9ea/?utm_source=github&utm_medium=dataset&utm_campaign=dedicated-server-prices
Intel Xeon E3-1230 v6 3.5GHz 4 cores,Intel Xeon E3-1230 v6 3.5GHz 4 cores,4,8,,32 GB DDR4,32,1 TB (HDD SATA),1000,False,5 TB @ 1 Gbps,"Mumbai, IN",India,IN,138,EUR,170.0,https://valebyte.com/en/servers/intel-xeon-e3-1230-v6-35ghz-4-cores-mumbai-in/?utm_source=github&utm_medium=dataset&utm_campaign=dedicated-server-prices
Intel Xeon E3-1231 v3 3.4GHz 4 cores,Intel Xeon E3-1231 v3 3.4GHz 4 cores,4,8,,32 GB DDR3,32,1 TB (SSD SATA),1000,False,Unmetered @ 1 Gbps,"Budapest, HU",Hungary,HU,138,EUR,170.0,https://valebyte.com/en/servers/intel-xeon-e3-1231-v3-34ghz-4-cores-budapest-hu-2/?utm_source=github&utm_medium=dataset&utm_campaign=dedicated-server-prices
Intel Xeon E3-1230 v2 3.3GHz 4 cores,Intel Xeon E3-1230 v2 3.3GHz 4 cores,4,8,,16 GB DDR3,16,2x 500 GB (HDD SATA),1000,False,Unmetered @ 100 Mbps,"Ho Chi Minh City, VN",Vietnam,VN,140,EUR,172.0,https://valebyte.com/en/servers/intel-xeon-e3-1230-v2-33ghz-4-cores-ho-chi-minh-city-vn/?utm_source=github&utm_medium=dataset&utm_campaign=dedicated-server-prices
Intel Xeon E3-1230 v6 3.5GHz 4 cores,Intel Xeon E3-1230 v6 3.5GHz 4 cores,4,8,,32 GB DDR4,32,1 TB (HDD SATA),1000,False,5 TB @ 1 Gbps,"Johannesburg, ZA",South Africa,ZA,140,EUR,172.0,https://valebyte.com/en/servers/intel-xeon-e3-1230-v6-35ghz-4-cores-johannesburg-za-1/?utm_source=github&utm_medium=dataset&utm_campaign=dedicated-server-prices
Intel Xeon E3-1230 v2 3.3GHz 4 cores,Intel Xeon E3-1230 v2 3.3GHz 4 cores,4,8,,16 GB DDR3,16,2x 500 GB (HDD SATA),1000,False,Unmetered @ 100 Mbps,"Hanoi, VN",Vietnam,VN,140,EUR,172.0,https://valebyte.com/en/servers/intel-xeon-e3-1230-v2-33ghz-4-cores-hanoi-vn/?utm_source=github&utm_medium=dataset&utm_campaign=dedicated-server-prices
E-2234,E-2234,,8,,32GB,32,250 GB (SSD),250,False,5TB @ 1 Gbps,"Taipei, TW",Taiwan,TW,173,USD,173.0,https://valebyte.com/en/servers/e-2234-taipei-tw/?utm_source=github&utm_medium=dataset&utm_campaign=dedicated-server-prices
Intel Xeon E-2456 3.3GHz 6 cores,Intel Xeon E-2456 3.3GHz 6 cores,6,12,,16 GB DDR5,16,240 GB (SSD SATA),240,False,5 TB @ 1 Gbps,"Copenhagen, DK",Denmark,DK,142,EUR,175.0,https://valebyte.com/en/servers/intel-xeon-e-2456-33ghz-6-cores-copenhagen-dk/?utm_source=github&utm_medium=dataset&utm_campaign=dedicated-server-prices
AMD Ryzen 7 5800X 3.8GHz 8 cores,AMD Ryzen 7 5800X 3.8GHz 8 cores,8,16,,64 GB DDR4,64,2x 960 GB (SSD NVMe),1920,True,Unmetered @ 1 Gbps,"Lille, FR",France,FR,142,EUR,175.0,https://valebyte.com/en/servers/amd-ryzen-7-5800x-38ghz-8-cores-lille-fr/?utm_source=github&utm_medium=dataset&utm_campaign=dedicated-server-prices
Intel Xeon E-2234 3.6GHz 4 cores,Intel Xeon E-2234 3.6GHz 4 cores,4,8,,8 GB DDR4,8,1 TB (HDD SATA),1000,False,5 TB @ 1 Gbps,"Helsinki, FI",Finland,FI,143,EUR,176.0,https://valebyte.com/en/servers/intel-xeon-e-2234-36ghz-4-cores-helsinki-fi/?utm_source=github&utm_medium=dataset&utm_campaign=dedicated-server-prices
AMD Ryzen 7 7700,AMD Ryzen 7 7700,,,,128 GB DDR5,128,4x 1.0 TB (NVMe),2000,True,Unmetered @ 1 Gbps,"Falkenstein, Germany",Germany,DE,143,EUR,176.0,https://valebyte.com/en/servers/amd-ryzen-7-7700-falkenstein-germany-2/?utm_source=github&utm_medium=dataset&utm_campaign=dedicated-server-prices
AMD Ryzen 7 3700X 3.6GHz 8 cores,AMD Ryzen 7 3700X 3.6GHz 8 cores,8,16,,64 GB DDR4,64,2x 1 TB (SSD NVMe),2000,True,Unmetered @ 1 Gbps,"Tirana, AL",Albania,AL,143,EUR,176.0,https://valebyte.com/en/servers/amd-ryzen-7-3700x-36ghz-8-cores-tirana-al-1/?utm_source=github&utm_medium=dataset&utm_campaign=dedicated-server-prices
Intel Xeon E3-1230 v5 3GHz 4 cores,Intel Xeon E3-1230 v5 3GHz 4 cores,4,8,,32 GB DDR4,32,1 TB (HDD SATA),1000,False,20 TB @ 1 Gbps,"Luxembourg, LU",Luxembourg,LU,143,EUR,176.0,https://valebyte.com/en/servers/intel-xeon-e3-1230-v5-3ghz-4-cores-luxembourg-lu/?utm_source=github&utm_medium=dataset&utm_campaign=dedicated-server-prices
Intel Core i7-9700 3GHz 8 cores,Intel Core i7-9700 3GHz 8 cores,8,16,,32 GB DDR4,32,480 GB (SSD NVMe),480,True,Unmetered @ 1 Gbps,"Lisbon, PT",Portugal,PT,143,EUR,176.0,https://valebyte.com/en/servers/intel-core-i7-9700-3ghz-8-cores-lisbon-pt/?utm_source=github&utm_medium=dataset&utm_campaign=dedicated-server-prices
AMD EPYC 4245P 3.9GHz 6 cores,AMD EPYC 4245P 3.9GHz 6 cores,6,12,,32 GB DDR5,32,2x 2 TB (SSD NVMe),4000,True,50 TB @ 1 Gbps,"Amsterdam, NL",Netherlands,NL,144,EUR,177.0,https://valebyte.com/en/servers/amd-epyc-4245p-39ghz-6-cores-amsterdam-nl/?utm_source=github&utm_medium=dataset&utm_campaign=dedicated-server-prices
Intel Xeon E5-2630L v4 1.8GHz 10 cores,Intel Xeon E5-2630L v4 1.8GHz 10 cores,10,20,,64 GB DDR4,64,4x 500 GB (SSD SATA),2000,False,50 TB @ 1 Gbps,"Helsinki, FI",Finland,FI,144,EUR,177.0,https://valebyte.com/en/servers/intel-xeon-e5-2630l-v4-18ghz-10-cores-helsinki-fi/?utm_source=github&utm_medium=dataset&utm_campaign=dedicated-server-prices
AMD Ryzen 7 5800X 3.8GHz 8 cores,AMD Ryzen 7 5800X 3.8GHz 8 cores,8,16,,64 GB DDR4,64,2x 960 GB (SSD NVMe),1920,True,Unmetered @ 1 Gbps,"London, UK",UK,UK,144,EUR,177.0,https://valebyte.com/en/servers/amd-ryzen-7-5800x-38ghz-8-cores-london-uk/?utm_source=github&utm_medium=dataset&utm_campaign=dedicated-server-prices
Intel Xeon E-2246G 3.60GHz 6 cores,Intel Xeon E-2246G 3.60GHz 6 cores,6,12,14018,64 GB DDR4,64,2 x 960 GB (NVMe SSD),1920,True,Unmetered @ 750 Mbps,"Amsterdam, NL",Netherlands,NL,144,EUR,177.0,https://valebyte.com/en/servers/intel-xeon-e-2246g-3-60ghz-6-64gb-1920gb-amsterdam-nl-f9920b/?utm_source=github&utm_medium=dataset&utm_campaign=dedicated-server-prices
Intel Xeon E-2246G 3.60GHz 6 cores,Intel Xeon E-2246G 3.60GHz 6 cores,6,12,14018,64 GB DDR4,64,2 x 960 GB (NVMe SSD),1920,True,Unmetered @ 750 Mbps,"Paris, FR",France,FR,144,EUR,177.0,https://valebyte.com/en/servers/intel-xeon-e-2246g-3-60ghz-6-64gb-1920gb-paris-fr-917fdd/?utm_source=github&utm_medium=dataset&utm_campaign=dedicated-server-prices
AMD Ryzen 7 5800X 3.8GHz 8 cores,AMD Ryzen 7 5800X 3.8GHz 8 cores,8,16,,64 GB DDR4,64,2x 960 GB (SSD NVMe),1920,True,Unmetered @ 1 Gbps,"Warsaw, PL",Poland,PL,144,EUR,177.0,https://valebyte.com/en/servers/amd-ryzen-7-5800x-38ghz-8-cores-warsaw-pl/?utm_source=github&utm_medium=dataset&utm_campaign=dedicated-server-prices
AMD Ryzen 7 5800X 3.8GHz 8 cores,AMD Ryzen 7 5800X 3.8GHz 8 cores,8,16,,64 GB DDR4,64,2x 960 GB (SSD NVMe),1920,True,Unmetered @ 1 Gbps,"Frankfurt, DE",Germany,DE,144,EUR,177.0,https://valebyte.com/en/servers/amd-ryzen-7-5800x-38ghz-8-cores-frankfurt-de/?utm_source=github&utm_medium=dataset&utm_campaign=dedicated-server-prices
Intel Xeon E3-1270 v6 3.8GHz 4 cores,Intel Xeon E3-1270 v6 3.8GHz 4 cores,4,8,,32 GB DDR4,32,4x 1 TB (SSD SATA),4000,False,100 TB @ 1 Gbps,"Helsinki, FI",Finland,FI,144,EUR,177.0,https://valebyte.com/en/servers/intel-xeon-e3-1270-v6-38ghz-4-cores-helsinki-fi/?utm_source=github&utm_medium=dataset&utm_campaign=dedicated-server-prices
AMD Ryzen 9 5900X 3.7GHz 12 cores,AMD Ryzen 9 5900X 3.7GHz 12 cores,12,24,,32 GB DDR4,32,2x 500 GB (SSD NVMe),1000,True,Unmetered @ 1 Gbps,"Frankfurt, DE",Germany,DE,144,EUR,177.0,https://valebyte.com/en/servers/amd-ryzen-9-5900x-37ghz-12-cores-frankfurt-de/?utm_source=github&utm_medium=dataset&utm_campaign=dedicated-server-prices
[Dual] Intel Xeon E5-2630L v2 2.4GHz 6 cores,[Dual] Intel Xeon E5-2630L v2 2.4GHz 6 cores,6,12,,64 GB DDR3,64,2x 1 TB (HDD SATA),2000,False,30 TB @ 1 Gbps,"Chisinau, MD",Moldova,MD,144,EUR,177.0,https://valebyte.com/en/servers/dual-intel-xeon-e5-2630l-v2-24ghz-6-cores-chisinau-md/?utm_source=github&utm_medium=dataset&utm_campaign=dedicated-server-prices
[Dual] Intel Xeon E5-2697 v4 2.3GHz 18 cores,[Dual] Intel Xeon E5-2697 v4 2.3GHz 18 cores,18,36,,128 GB DDR4,128,2x 2 TB (SSD NVMe),4000,True,Unmetered @ 1 Gbps,"Montreal, CA",Canada,CA,145,EUR,178.0,https://valebyte.com/en/servers/dual-intel-xeon-e5-2697-v4-23ghz-18-cores-montreal-ca/?utm_source=github&utm_medium=dataset&utm_campaign=dedicated-server-prices
Intel Xeon E3-1270 v5 3.6GHz 4 cores,Intel Xeon E3-1270 v5 3.6GHz 4 cores,4,8,,32 GB DDR4,32,1 TB (HDD SATA),1000,False,5 TB @ 1 Gbps,"Johannesburg, ZA",South Africa,ZA,145,EUR,178.0,https://valebyte.com/en/servers/intel-xeon-e3-1270-v5-36ghz-4-cores-johannesburg-za/?utm_source=github&utm_medium=dataset&utm_campaign=dedicated-server-prices
Intel Xeon E3-1230 v6 3.5GHz 4 cores,Intel Xeon E3-1230 v6 3.5GHz 4 cores,4,8,,32 GB DDR4,32,1 TB (HDD SATA),1000,False,10 TB @ 1 Gbps,"Sydney, AU",Australia,AU,145,EUR,178.0,https://valebyte.com/en/servers/intel-xeon-e3-1230-v6-35ghz-4-cores-sydney-au/?utm_source=github&utm_medium=dataset&utm_campaign=dedicated-server-prices
Dual E5-2620 v4,Dual E5-2620 v4,,32,,32GB,32,1 TB (HDD),1000,False,Unmetered @ 1 Gbps,"Dallas, US",United States,US,179,USD,179.0,https://valebyte.com/en/servers/dual-e5-2620-v4-dallas-us/?utm_source=github&utm_medium=dataset&utm_campaign=dedicated-server-prices
Intel Special 128 GB,Intel Special,,,,128 GB,128,,,False,1 Gbps Unmetered,"New York, US",United States,US,179,USD,179.0,https://valebyte.com/en/servers/intel-special-128-gb-new-york-us/?utm_source=github&utm_medium=dataset&utm_campaign=dedicated-server-prices
Intel Xeon Silver 4214R 2.4GHz 12 cores,Intel Xeon Silver 4214R 2.4GHz 12 cores,12,24,,96 GB DDR4 ECC,96,2x 6 TB + 2x 960 GB (SATA Hybrid SoftRAID),13920,False,Unmetered @ 2 Gbps,"London, GB",London,,146,EUR,180.0,https://valebyte.com/en/servers/intel-xeon-silver-4214r-24ghz-12-cores-london-gb/?utm_source=github&utm_medium=dataset&utm_campaign=dedicated-server-prices
AMD EPYC 4244P 3.8GHz 6 cores,AMD EPYC 4244P 3.8GHz 6 cores,6,12,,64 GB DDR5 ECC,64,2x 960 GB + 2x 3.84 TB (NVME Hybrid SoftRAID),9600,True,Unmetered @ 500 Mbps,"Mumbai, IN",India,IN,146,EUR,180.0,https://valebyte.com/en/servers/amd-epyc-4244p-38ghz-6-cores-mumbai-in-2/?utm_source=github&utm_medium=dataset&utm_campaign=dedicated-server-prices
Intel Xeon Silver 4214R 2.4GHz 12 cores,Intel Xeon Silver 4214R 2.4GHz 12 cores,12,24,,96 GB DDR4 ECC,96,2x 6 TB + 2x 960 GB (SATA Hybrid SoftRAID),13920,False,Unmetered @ 2 Gbps,"Warsaw, PL",Poland,PL,146,EUR,180.0,https://valebyte.com/en/servers/intel-xeon-silver-4214r-24ghz-12-cores-warsaw-pl-1/?utm_source=github&utm_medium=dataset&utm_campaign=dedicated-server-prices
Intel Xeon Silver 4214R 2.4GHz 12 cores,Intel Xeon Silver 4214R 2.4GHz 12 cores,12,24,,96 GB DDR4 ECC,96,2x 6 TB + 2x 960 GB (SATA Hybrid SoftRAID),13920,False,Unmetered @ 2 Gbps,"Beauharnois, CA",Canada,CA,146,EUR,180.0,https://valebyte.com/en/servers/intel-xeon-silver-4214r-24ghz-12-cores-beauharnois-ca/?utm_source=github&utm_medium=dataset&utm_campaign=dedicated-server-prices
Intel Xeon Silver 4214R 2.4GHz 12 cores,Intel Xeon Silver 4214R 2.4GHz 12 cores,12,24,,96 GB DDR4 ECC,96,2x 6 TB + 2x 960 GB (SATA Hybrid SoftRAID),13920,False,Unmetered @ 2 Gbps,"Frankfurt, DE",Germany,DE,146,EUR,180.0,https://valebyte.com/en/servers/intel-xeon-silver-4214r-24ghz-12-cores-frankfurt-de/?utm_source=github&utm_medium=dataset&utm_campaign=dedicated-server-prices
Intel Xeon Silver 4214R 2.4GHz 12 cores,Intel Xeon Silver 4214R 2.4GHz 12 cores,12,24,,96 GB DDR4 ECC,96,2x 6 TB + 2x 960 GB (SATA Hybrid SoftRAID),13920,False,Unmetered @ 2 Gbps,"Roubaix, FR",France,FR,146,EUR,180.0,https://valebyte.com/en/servers/intel-xeon-silver-4214r-24ghz-12-cores-roubaix-fr/?utm_source=github&utm_medium=dataset&utm_campaign=dedicated-server-prices
AMD RYZEN 9 9900X 4.4GHz 12 cores,AMD RYZEN 9 9900X 4.4GHz 12 cores,12,24,,64 GB DDR5 ECC,64,2x 512 GB (NVME SoftRAID),1024,True,Unmetered @ 1 Gbps,"Roubaix, FR",France,FR,146,EUR,180.0,https://valebyte.com/en/servers/amd-ryzen-9-9900x-44ghz-12-cores-roubaix-fr/?utm_source=github&utm_medium=dataset&utm_campaign=dedicated-server-prices
AMD RYZEN 9 9900X 4.4GHz 12 cores,AMD RYZEN 9 9900X 4.4GHz 12 cores,12,24,,64 GB DDR5 ECC,64,2x 512 GB (NVME SoftRAID),1024,True,Unmetered @ 1 Gbps,"Beauharnois, CA",Canada,CA,146,EUR,180.0,https://valebyte.com/en/servers/amd-ryzen-9-9900x-44ghz-12-cores-beauharnois-ca/?utm_source=github&utm_medium=dataset&utm_campaign=dedicated-server-prices
AMD RYZEN 9 9900X 4.4GHz 12 cores,AMD RYZEN 9 9900X 4.4GHz 12 cores,12,24,,64 GB DDR5 ECC,64,2x 512 GB (NVME SoftRAID),1024,True,Unmetered @ 1 Gbps,"Gravelines, FR",France,FR,146,EUR,180.0,https://valebyte.com/en/servers/amd-ryzen-9-9900x-44ghz-12-cores-gravelines-fr/?utm_source=github&utm_medium=dataset&utm_campaign=dedicated-server-prices
AMD EPYC 4244P 3.8GHz 6 cores,AMD EPYC 4244P 3.8GHz 6 cores,6,12,,32 GB DDR5 ECC,32,4x 3.84 TB (NVME SoftRAID),15360,True,Unmetered @ 500 Mbps,"Sydney, AU",Australia,AU,146,EUR,180.0,https://valebyte.com/en/servers/amd-epyc-4244p-38ghz-6-cores-sydney-au-3/?utm_source=github&utm_medium=dataset&utm_campaign=dedicated-server-prices
AMD EPYC 4244P 3.8GHz 6 cores,AMD EPYC 4244P 3.8GHz 6 cores,6,12,,32 GB DDR5 ECC,32,2x 960 GB + 2x 3.84 TB (NVME Hybrid SoftRAID),9600,True,Unmetered @ 500 Mbps,"Singapore, SG",Singapore,SG,146,EUR,180.0,https://valebyte.com/en/servers/amd-epyc-4244p-38ghz-6-cores-singapore-sg-1/?utm_source=github&utm_medium=dataset&utm_campaign=dedicated-server-prices
Intel Xeon E3-1270 v6 3.8GHz 4 cores,Intel Xeon E3-1270 v6 3.8GHz 4 cores,4,8,,16 GB DDR4,16,2 TB (HDD SATA),2000,False,5 TB @ 1 Gbps,"Helsinki, FI",Finland,FI,148,EUR,182.0,https://valebyte.com/en/servers/intel-xeon-e3-1270-v6-38ghz-4-cores-helsinki-fi-1/?utm_source=github&utm_medium=dataset&utm_campaign=dedicated-server-prices
Intel Xeon E5-2643 v4 3.4GHz 6 cores,Intel Xeon E5-2643 v4 3.4GHz 6 cores,6,12,,16 GB DDR4,16,2x 240 GB (SSD SATA),480,False,Unmetered @ 1 Gbps,"Nottingham, UK",UK,UK,150,EUR,185.0,https://valebyte.com/en/servers/intel-xeon-e5-2643-v4-34ghz-6-cores-nottingham-uk/?utm_source=github&utm_medium=dataset&utm_campaign=dedicated-server-prices
Intel Xeon E5-2643 v4 3.4GHz 6 cores,Intel Xeon E5-2643 v4 3.4GHz 6 cores,6,12,,16 GB DDR4,16,2x 240 GB (SSD SATA),480,False,Unmetered @ 1 Gbps,"Manchester, UK",UK,UK,150,EUR,185.0,https://valebyte.com/en/servers/intel-xeon-e5-2643-v4-34ghz-6-cores-manchester-uk/?utm_source=github&utm_medium=dataset&utm_campaign=dedicated-server-prices
AMD Ryzen 9 5900X 3.7GHz 12 cores,AMD Ryzen 9 5900X 3.7GHz 12 cores,12,24,,32 GB DDR4,32,2x 500 GB (SSD NVMe),1000,True,Unmetered @ 1 Gbps,"London, UK",UK,UK,150,EUR,185.0,https://valebyte.com/en/servers/amd-ryzen-9-5900x-37ghz-12-cores-london-uk/?utm_source=github&utm_medium=dataset&utm_campaign=dedicated-server-prices
[Dual] Intel Xeon E5-2609 v4 1.7GHz 8 cores,[Dual] Intel Xeon E5-2609 v4 1.7GHz 8 cores,8,16,,16 GB DDR4,16,2x 2 TB (HDD SATA),4000,False,5 TB @ 1 Gbps,"Copenhagen, DK",Denmark,DK,150,EUR,185.0,https://valebyte.com/en/servers/dual-intel-xeon-e5-2609-v4-17ghz-8-cores-copenhagen-dk/?utm_source=github&utm_medium=dataset&utm_campaign=dedicated-server-prices
AMD Ryzen 9 5900X 3.7GHz 12 cores,AMD Ryzen 9 5900X 3.7GHz 12 cores,12,24,,32 GB DDR4,32,2x 500 GB (SSD NVMe),1000,True,Unmetered @ 1 Gbps,"Warsaw, PL",Poland,PL,150,EUR,185.0,https://valebyte.com/en/servers/amd-ryzen-9-5900x-37ghz-12-cores-warsaw-pl/?utm_source=github&utm_medium=dataset&utm_campaign=dedicated-server-prices
[Dual] Intel Xeon E5-2620 2GHz 6 cores,[Dual] Intel Xeon E5-2620 2GHz 6 cores,6,12,,192 GB DDR3,192,2x 8 TB (HDD SATA),16000,False,Unmetered @ 1 Gbps,"Paris, FR",France,FR,150,EUR,185.0,https://valebyte.com/en/servers/dual-intel-xeon-e5-2620-2ghz-6-cores-paris-fr-1/?utm_source=github&utm_medium=dataset&utm_campaign=dedicated-server-prices
Intel Xeon E3-1270 v5 3.6GHz 4 cores,Intel Xeon E3-1270 v5 3.6GHz 4 cores,4,8,,32 GB DDR4,32,1 TB (SSD SATA),1000,False,Unmetered @ 1 Gbps,"Budapest, HU",Hungary,HU,150,EUR,185.0,https://valebyte.com/en/servers/intel-xeon-e3-1270-v5-36ghz-4-cores-budapest-hu-1/?utm_source=github&utm_medium=dataset&utm_campaign=dedicated-server-prices
AMD Ryzen 9 5900X 3.7GHz 12 cores,AMD Ryzen 9 5900X 3.7GHz 12 cores,12,24,,32 GB DDR4,32,2x 500 GB (SSD NVMe),1000,True,Unmetered @ 1 Gbps,"Lille, FR",France,FR,150,EUR,185.0,https://valebyte.com/en/servers/amd-ryzen-9-5900x-37ghz-12-cores-lille-fr/?utm_source=github&utm_medium=dataset&utm_campaign=dedicated-server-prices
Intel Xeon E3-1230 v5 3GHz 4 cores,Intel Xeon E3-1230 v5 3GHz 4 cores,4,8,,8 GB DDR4,8,1 TB (HDD SATA),1000,False,5 TB @ 1 Gbps,"Hong Kong, HK",Hong Kong,HK,151,EUR,186.0,https://valebyte.com/en/servers/intel-xeon-e3-1230-v5-3ghz-4-cores-hong-kong-hk/?utm_source=github&utm_medium=dataset&utm_campaign=dedicated-server-prices
Intel Xeon E-2234 3.6GHz 4 cores,Intel Xeon E-2234 3.6GHz 4 cores,4,8,,8 GB DDR4,8,1 TB (HDD SATA),1000,False,5 TB @ 1 Gbps,"Hong Kong, HK",Hong Kong,HK,151,EUR,186.0,https://valebyte.com/en/servers/intel-xeon-e-2234-36ghz-4-cores-hong-kong-hk/?utm_source=github&utm_medium=dataset&utm_campaign=dedicated-server-prices
Intel Xeon E-2136 3.3GHz 6 cores,Intel Xeon E-2136 3.3GHz 6 cores,6,12,,32 GB DDR4,32,2x 960 GB (SSD SATA),1920,False,Unmetered @ 1 Gbps,"Johannesburg, ZA",South Africa,ZA,151,EUR,186.0,https://valebyte.com/en/servers/intel-xeon-e-2136-33ghz-6-cores-johannesburg-za/?utm_source=github&utm_medium=dataset&utm_campaign=dedicated-server-prices
Intel Xeon E-2136 3.3GHz 6 cores,Intel Xeon E-2136 3.3GHz 6 cores,6,12,,32 GB DDR3,32,2x 960 GB (SSD SATA),1920,False,Unmetered @ 1 Gbps,"Cape Town, ZA",South Africa,ZA,151,EUR,186.0,https://valebyte.com/en/servers/intel-xeon-e-2136-33ghz-6-cores-cape-town-za/?utm_source=github&utm_medium=dataset&utm_campaign=dedicated-server-prices
AMD Ryzen 9 3900,AMD Ryzen 9 3900,,,,64 GB DDR4 ECC,64,2x 1.0 TB (NVMe),2000,True,Unmetered @ 1 Gbps,"Helsinki, Finland",Finland,FI,152,EUR,187.0,https://valebyte.com/en/servers/amd-ryzen-9-3900-helsinki-finland/?utm_source=github&utm_medium=dataset&utm_campaign=dedicated-server-prices
AMD EPYC 7302P 3GHz 16 cores,AMD EPYC 7302P 3GHz 16 cores,16,32,,64 GB DDR4,64,2x 450 GB (SSD NVMe),900,True,Unmetered @ 1 Gbps,"Dusseldorf, DE",Germany,DE,153,EUR,188.0,https://valebyte.com/en/servers/amd-epyc-7302p-3ghz-16-cores-dusseldorf-de/?utm_source=github&utm_medium=dataset&utm_campaign=dedicated-server-prices
Intel Xeon E3-1220 v2 3.1GHz 4 cores,Intel Xeon E3-1220 v2 3.1GHz 4 cores,4,4,,16 GB DDR3,16,1 TB (HDD SATA),1000,False,5 TB @ 1 Gbps,"Baku, AZ",Azerbaijan,AZ,155,EUR,191.0,https://valebyte.com/en/servers/intel-xeon-e3-1220-v2-31ghz-4-cores-baku-az/?utm_source=github&utm_medium=dataset&utm_campaign=dedicated-server-prices
E-2286G,E-2286G,8,16,,32GB,32,250 GB (SSD),250,False,5TB @ 1 Gbps,"Seoul, KR",South Korea,KR,191,USD,191.0,https://valebyte.com/en/servers/e-2286g-seoul-kr/?utm_source=github&utm_medium=dataset&utm_campaign=dedicated-server-prices
Intel Xeon E-2174G 3.8GHz 4 cores,Intel Xeon E-2174G 3.8GHz 4 cores,4,8,,32 GB DDR4,32,1 TB (HDD SATA),1000,False,20 TB @ 1 Gbps,"Luxembourg, LU",Luxembourg,LU,155,EUR,191.0,https://valebyte.com/en/servers/intel-xeon-e-2174g-38ghz-4-cores-luxembourg-lu/?utm_source=github&utm_medium=dataset&utm_campaign=dedicated-server-prices
Intel Xeon E5-2420 v2 2.2GHz 6 cores,Intel Xeon E5-2420 v2 2.2GHz 6 cores,6,12,,32 GB DDR3,32,2x 960 GB (SSD SATA),1920,False,Unmetered @ 1 Gbps,"Novi Travnik, BA",Bosnia and Herzegovina,BA,155,EUR,191.0,https://valebyte.com/en/servers/intel-xeon-e5-2420-v2-22ghz-6-cores-novi-travnik-ba/?utm_source=github&utm_medium=dataset&utm_campaign=dedicated-server-prices
Intel Xeon E-2456 3.3GHz 6 cores,Intel Xeon E-2456 3.3GHz 6 cores,6,12,,16 GB DDR5,16,240 GB (SSD SATA),240,False,5 TB @ 1 Gbps,"Bratislava, SK",Slovakia,SK,156,EUR,192.0,https://valebyte.com/en/servers/intel-xeon-e-2456-33ghz-6-cores-bratislava-sk/?utm_source=github&utm_medium=dataset&utm_campaign=dedicated-server-prices
AMD Ryzen 7 9700X 3.8GHz 8 cores,AMD Ryzen 7 9700X 3.8GHz 8 cores,8,16,,64 GB DDR5,64,2x 960 GB (SSD NVMe),1920,True,100 TB @ 1 Gbps,"Amsterdam, NL",Netherlands,NL,156,EUR,192.0,https://valebyte.com/en/servers/amd-ryzen-7-9700x-38ghz-8-cores-amsterdam-nl/?utm_source=github&utm_medium=dataset&utm_campaign=dedicated-server-prices
Intel Xeon E5-2630 v3 2.4GHz 8 cores,Intel Xeon E5-2630 v3 2.4GHz 8 cores,8,16,,32 GB DDR4,32,2x 512 GB (SSD SATA),1024,False,Unmetered @ 1 Gbps,"Belfast, IE",Ireland,IE,156,EUR,192.0,https://valebyte.com/en/servers/intel-xeon-e5-2630-v3-24ghz-8-cores-belfast-ie/?utm_source=github&utm_medium=dataset&utm_campaign=dedicated-server-prices
Intel Xeon E-2234 3.6GHz 4 cores,Intel Xeon E-2234 3.6GHz 4 cores,4,8,,8 GB DDR4,8,1 TB (HDD SATA),1000,False,5 TB @ 1 Gbps,"Sao Paulo, BR",Brazil,BR,156,EUR,192.0,https://valebyte.com/en/servers/intel-xeon-e-2234-36ghz-4-cores-sao-paulo-br-1/?utm_source=github&utm_medium=dataset&utm_campaign=dedicated-server-prices
Intel Xeon E-2456 3.3GHz 6 cores,Intel Xeon E-2456 3.3GHz 6 cores,6,12,,16 GB DDR5,16,240 GB (SSD SATA),240,False,5 TB @ 1 Gbps,"Manchester, UK",UK,UK,156,EUR,192.0,https://valebyte.com/en/servers/intel-xeon-e-2456-33ghz-6-cores-manchester-uk/?utm_source=github&utm_medium=dataset&utm_campaign=dedicated-server-prices
Intel Xeon E-2456 3.3GHz 6 cores,Intel Xeon E-2456 3.3GHz 6 cores,6,12,,16 GB DDR5,16,240 GB (SSD SATA),240,False,5 TB @ 1 Gbps,"Brussels, BE",Belgium,BE,156,EUR,192.0,https://valebyte.com/en/servers/intel-xeon-e-2456-33ghz-6-cores-brussels-be/?utm_source=github&utm_medium=dataset&utm_campaign=dedicated-server-prices
Intel Xeon E-2456 3.3GHz 6 cores,Intel Xeon E-2456 3.3GHz 6 cores,6,12,,16 GB DDR5,16,240 GB (SSD SATA),240,False,5 TB @ 1 Gbps,"Madrid, ES",Spain,ES,156,EUR,192.0,https://valebyte.com/en/servers/intel-xeon-e-2456-33ghz-6-cores-madrid-es/?utm_source=github&utm_medium=dataset&utm_campaign=dedicated-server-prices
Intel Xeon E-2456 3.3GHz 6 cores,Intel Xeon E-2456 3.3GHz 6 cores,6,12,,16 GB DDR5,16,240 GB (SSD SATA),240,False,5 TB @ 1 Gbps,"Milan, IT",Italy,IT,156,EUR,192.0,https://valebyte.com/en/servers/intel-xeon-e-2456-33ghz-6-cores-milan-it/?utm_source=github&utm_medium=dataset&utm_campaign=dedicated-server-prices
Intel Xeon E-2456 3.3GHz 6 cores,Intel Xeon E-2456 3.3GHz 6 cores,6,12,,16 GB DDR5,16,240 GB (SSD SATA),240,False,5 TB @ 1 Gbps,"Budapest, HU",Hungary,HU,156,EUR,192.0,https://valebyte.com/en/servers/intel-xeon-e-2456-33ghz-6-cores-budapest-hu/?utm_source=github&utm_medium=dataset&utm_campaign=dedicated-server-prices
Intel Xeon E-2456 3.3GHz 6 cores,Intel Xeon E-2456 3.3GHz 6 cores,6,12,,16 GB DDR5,16,240 GB (SSD SATA),240,False,5 TB @ 1 Gbps,"Bucharest, RO",Romania,RO,156,EUR,192.0,https://valebyte.com/en/servers/intel-xeon-e-2456-33ghz-6-cores-bucharest-ro/?utm_source=github&utm_medium=dataset&utm_campaign=dedicated-server-prices
Intel Xeon E-2456 3.3GHz 6 cores,Intel Xeon E-2456 3.3GHz 6 cores,6,12,,16 GB DDR5,16,240 GB (SSD SATA),240,False,5 TB @ 1 Gbps,"Oslo, NO",Norway,NO,156,EUR,192.0,https://valebyte.com/en/servers/intel-xeon-e-2456-33ghz-6-cores-oslo-no/?utm_source=github&utm_medium=dataset&utm_campaign=dedicated-server-prices
Intel Xeon E-2456 3.3GHz 6 cores,Intel Xeon E-2456 3.3GHz 6 cores,6,12,,16 GB DDR5,16,240 GB (SSD SATA),240,False,5 TB @ 1 Gbps,"Barcelona, ES",Spain,ES,156,EUR,192.0,https://valebyte.com/en/servers/intel-xeon-e-2456-33ghz-6-cores-barcelona-es/?utm_source=github&utm_medium=dataset&utm_campaign=dedicated-server-prices
Intel Xeon E-2456 3.3GHz 6 cores,Intel Xeon E-2456 3.3GHz 6 cores,6,12,,16 GB DDR5,16,240 GB (SSD SATA),240,False,5 TB @ 1 Gbps,"Zurich, CH",Switzerland,CH,156,EUR,192.0,https://valebyte.com/en/servers/intel-xeon-e-2456-33ghz-6-cores-zurich-ch/?utm_source=github&utm_medium=dataset&utm_campaign=dedicated-server-prices
Intel Xeon E-2456 3.3GHz 6 cores,Intel Xeon E-2456 3.3GHz 6 cores,6,12,,16 GB DDR5,16,240 GB (SSD SATA),240,False,5 TB @ 1 Gbps,"Stockholm, SE",Sweden,SE,156,EUR,192.0,https://valebyte.com/en/servers/intel-xeon-e-2456-33ghz-6-cores-stockholm-se/?utm_source=github&utm_medium=dataset&utm_campaign=dedicated-server-prices
Intel Xeon E-2456 3.3GHz 6 cores,Intel Xeon E-2456 3.3GHz 6 cores,6,12,,16 GB DDR5,16,240 GB (SSD SATA),240,False,5 TB @ 1 Gbps,"Prague, CZ",Czechia (Czech Republic),CZ,156,EUR,192.0,https://valebyte.com/en/servers/intel-xeon-e-2456-33ghz-6-cores-prague-cz/?utm_source=github&utm_medium=dataset&utm_campaign=dedicated-server-prices
Intel Xeon E-2456 3.3GHz 6 cores,Intel Xeon E-2456 3.3GHz 6 cores,6,12,,16 GB DDR5,16,240 GB (SSD SATA),240,False,5 TB @ 1 Gbps,"Sofia, BG",Bulgaria,BG,156,EUR,192.0,https://valebyte.com/en/servers/intel-xeon-e-2456-33ghz-6-cores-sofia-bg/?utm_source=github&utm_medium=dataset&utm_campaign=dedicated-server-prices
Intel Xeon E-2456 3.3GHz 6 cores,Intel Xeon E-2456 3.3GHz 6 cores,6,12,,16 GB DDR5,16,240 GB (SSD SATA),240,False,5 TB @ 1 Gbps,"Belgrade, RS",Serbia,RS,156,EUR,192.0,https://valebyte.com/en/servers/intel-xeon-e-2456-33ghz-6-cores-belgrade-rs/?utm_source=github&utm_medium=dataset&utm_campaign=dedicated-server-prices
Intel Xeon E-2456 3.3GHz 6 cores,Intel Xeon E-2456 3.3GHz 6 cores,6,12,,16 GB DDR5,16,240 GB (SSD SATA),240,False,5 TB @ 1 Gbps,"Vienna, AT",Austria,AT,156,EUR,192.0,https://valebyte.com/en/servers/intel-xeon-e-2456-33ghz-6-cores-vienna-at/?utm_source=github&utm_medium=dataset&utm_campaign=dedicated-server-prices
Intel Xeon E-2456 3.3GHz 6 cores,Intel Xeon E-2456 3.3GHz 6 cores,6,12,,16 GB DDR5,16,240 GB (SSD SATA),240,False,5 TB @ 1 Gbps,"Dublin, IE",Ireland,IE,156,EUR,192.0,https://valebyte.com/en/servers/intel-xeon-e-2456-33ghz-6-cores-dublin-ie/?utm_source=github&utm_medium=dataset&utm_campaign=dedicated-server-prices
[Dual] Intel Xeon Silver 4214R 2.4GHz 12 cores,[Dual] Intel Xeon Silver 4214R 2.4GHz 12 cores,12,24,,96 GB DDR4,96,2x 960 GB (SSD NVMe),1920,True,Unmetered @ 1 Gbps,"Frankfurt, DE",Germany,DE,156,EUR,192.0,https://valebyte.com/en/servers/dual-intel-xeon-silver-4214r-24ghz-12-cores-frankfurt-de/?utm_source=github&utm_medium=dataset&utm_campaign=dedicated-server-prices
2x Intel Xeon E5-2620 v4,2x Intel Xeon E5-2620 v4 2.1GHz 16 cores,16,32,,128 GB DDR4,128,1 TB (SSD),1000,False,Unmetered @ 1 Gbps,"Amsterdam, NL",Netherlands,NL,192,USD,192.0,https://valebyte.com/en/servers/2x-intel-xeon-e5-2620-v4-amsterdam-nl/?utm_source=github&utm_medium=dataset&utm_campaign=dedicated-server-prices
[Dual] Intel Xeon Silver 4114 2.2GHz 10 cores,[Dual] Intel Xeon Silver 4114 2.2GHz 10 cores,10,20,,128 GB DDR4,128,2x 1 TB (SSD NVMe),2000,True,Unmetered @ 1 Gbps,"Paris, FR",France,FR,156,EUR,192.0,https://valebyte.com/en/servers/dual-intel-xeon-silver-4114-22ghz-10-cores-paris-fr/?utm_source=github&utm_medium=dataset&utm_campaign=dedicated-server-prices
Intel Xeon E3-1230 v5 3GHz 4 cores,Intel Xeon E3-1230 v5 3GHz 4 cores,4,8,,8 GB DDR4,8,1 TB (HDD SATA),1000,False,5 TB @ 1 Gbps,"Sydney, AU",Australia,AU,156,EUR,192.0,https://valebyte.com/en/servers/intel-xeon-e3-1230-v5-3ghz-4-cores-sydney-au/?utm_source=github&utm_medium=dataset&utm_campaign=dedicated-server-prices
[Dual] Intel Xeon E5-2620 v3 2.4GHz 6 cores,[Dual] Intel Xeon E5-2620 v3 2.4GHz 6 cores,6,12,,32 GB DDR3,32,500 GB (SSD SATA),500,False,Unmetered @ 10 Mbps,"Seoul, KR",South Korea,KR,157,EUR,193.0,https://valebyte.com/en/servers/dual-intel-xeon-e5-2620-v3-24ghz-6-cores-seoul-kr/?utm_source=github&utm_medium=dataset&utm_campaign=dedicated-server-prices
[Dual] Intel Xeon E5-2630 v4 2.2GHz 10 cores,[Dual] Intel Xeon E5-2630 v4 2.2GHz 10 cores,10,20,,64 GB DDR4,64,2x 1 TB (SSD SATA),2000,False,100 TB @ 1 Gbps,"Montreal, CA",Canada,CA,157,EUR,193.0,https://valebyte.com/en/servers/dual-intel-xeon-e5-2630-v4-22ghz-10-cores-montreal-ca/?utm_source=github&utm_medium=dataset&utm_campaign=dedicated-server-prices
Intel Xeon E3-1270 v6 3.8GHz 4 cores,Intel Xeon E3-1270 v6 3.8GHz 4 cores,4,8,,32 GB DDR4,32,1 TB (HDD SATA),1000,False,10 TB @ 1 Gbps,"Seoul, KR",South Korea,KR,157,EUR,193.0,https://valebyte.com/en/servers/intel-xeon-e3-1270-v6-38ghz-4-cores-seoul-kr/?utm_source=github&utm_medium=dataset&utm_campaign=dedicated-server-prices
Intel Xeon E-2234 3.6GHz 4 cores,Intel Xeon E-2234 3.6GHz 4 cores,4,8,,32 GB DDR4,32,1 TB (HDD SATA),1000,False,5 TB @ 1 Gbps,"Johannesburg, ZA",South Africa,ZA,157,EUR,193.0,https://valebyte.com/en/servers/intel-xeon-e-2234-36ghz-4-cores-johannesburg-za/?utm_source=github&utm_medium=dataset&utm_campaign=dedicated-server-prices
[Dual] Intel Xeon E5-2660 v4 2GHz 14 cores,[Dual] Intel Xeon E5-2660 v4 2GHz 14 cores,14,28,,64 GB DDR4,64,2x 1 TB (SSD SATA),2000,False,100 TB @ 1 Gbps,"Montreal, CA",Canada,CA,157,EUR,193.0,https://valebyte.com/en/servers/dual-intel-xeon-e5-2660-v4-2ghz-14-cores-montreal-ca/?utm_source=github&utm_medium=dataset&utm_campaign=dedicated-server-prices
Intel Xeon E-2234 3.6GHz 4 cores,Intel Xeon E-2234 3.6GHz 4 cores,4,8,,32 GB DDR4,32,1 TB (HDD SATA),1000,False,10 TB @ 1 Gbps,"Tokyo, JP",Japan,JP,157,EUR,193.0,https://valebyte.com/en/servers/intel-xeon-e-2234-36ghz-4-cores-tokyo-jp/?utm_source=github&utm_medium=dataset&utm_campaign=dedicated-server-prices
AMD Ryzen 7 5800X 3.8GHz 8 cores,AMD Ryzen 7 5800X 3.8GHz 8 cores,8,16,,64 GB DDR4,64,2x 960 GB (SSD NVMe),1920,True,Unmetered @ 1 Gbps,"Montreal, CA",Canada,CA,157,EUR,193.0,https://valebyte.com/en/servers/amd-ryzen-7-5800x-38ghz-8-cores-montreal-ca/?utm_source=github&utm_medium=dataset&utm_campaign=dedicated-server-prices
Intel Xeon E3-1225 v5 3.3GHz 4 cores,Intel Xeon E3-1225 v5 3.3GHz 4 cores,4,4,,16 GB DDR4,16,1 TB (SSD SATA),1000,False,5 TB @ 1 Gbps,"Islamabad, PK",Pakistan,PK,157,EUR,193.0,https://valebyte.com/en/servers/intel-xeon-e3-1225-v5-33ghz-4-cores-islamabad-pk/?utm_source=github&utm_medium=dataset&utm_campaign=dedicated-server-prices
AMD Ryzen 5 3600,AMD Ryzen 5 3600,,,,64 GB DDR4 ECC,64,4x 16.0 TB (HDD),64000,False,Unmetered @ 1 Gbps,"Falkenstein, Germany",Germany,DE,158,EUR,194.0,https://valebyte.com/en/servers/amd-ryzen-5-3600-falkenstein-germany-1/?utm_source=github&utm_medium=dataset&utm_campaign=dedicated-server-prices
Intel Xeon E-2276G 3.8GHz 6 cores,Intel Xeon E-2276G 3.8GHz 6 cores,6,12,,16 GB DDR4,16,1 TB (HDD SATA),1000,False,5 TB @ 1 Gbps,"Helsinki, FI",Finland,FI,159,EUR,196.0,https://valebyte.com/en/servers/intel-xeon-e-2276g-38ghz-6-cores-helsinki-fi/?utm_source=github&utm_medium=dataset&utm_campaign=dedicated-server-prices
AMD Ryzen 9 5900X 3.7GHz 12 cores,AMD Ryzen 9 5900X 3.7GHz 12 cores,12,24,,32 GB DDR4,32,2x 500 GB (SSD NVMe),1000,True,Unmetered @ 1 Gbps,"Montreal, CA",Canada,CA,159,EUR,196.0,https://valebyte.com/en/servers/amd-ryzen-9-5900x-37ghz-12-cores-montreal-ca/?utm_source=github&utm_medium=dataset&utm_campaign=dedicated-server-prices
[Dual] Intel Xeon Gold 5118 2.3GHz 12 cores,[Dual] Intel Xeon Gold 5118 2.3GHz 12 cores,12,24,,64 GB DDR4,64,2x 2 TB (HDD SATA),4000,False,Unmetered @ 1 Gbps,"Dusseldorf, DE",Germany,DE,160,EUR,197.0,https://valebyte.com/en/servers/dual-intel-xeon-gold-5118-23ghz-12-cores-dusseldorf-de/?utm_source=github&utm_medium=dataset&utm_campaign=dedicated-server-prices
Intel Xeon E-2234 3.6GHz 4 cores,Intel Xeon E-2234 3.6GHz 4 cores,4,8,,8 GB DDR4,8,1 TB (HDD SATA),1000,False,5 TB @ 1 Gbps,"Sydney, AU",Australia,AU,161,EUR,198.0,https://valebyte.com/en/servers/intel-xeon-e-2234-36ghz-4-cores-sydney-au/?utm_source=github&utm_medium=dataset&utm_campaign=dedicated-server-prices
AMD EPYC 7402P 2.8GHz 24 cores,AMD EPYC 7402P 2.8GHz 24 cores,24,48,,128 GB DDR4,128,2x 960 GB (SSD SATA),1920,False,100 TB @ 1 Gbps,"Amsterdam, NL",Netherlands,NL,162,EUR,199.0,https://valebyte.com/en/servers/amd-epyc-7402p-28ghz-24-cores-amsterdam-nl-5/?utm_source=github&utm_medium=dataset&utm_campaign=dedicated-server-prices
AMD EPYC 4244P 3.8GHz 6 cores,AMD EPYC 4244P 3.8GHz 6 cores,6,12,,32 GB DDR5,32,1 TB (HDD SATA),1000,False,5 TB @ 1 Gbps,"Copenhagen, DK",Denmark,DK,162,EUR,199.0,https://valebyte.com/en/servers/amd-epyc-4244p-38ghz-6-cores-copenhagen-dk/?utm_source=github&utm_medium=dataset&utm_campaign=dedicated-server-prices
[Dual] Intel Xeon E5-2690 v4 2.6GHz 14 cores,[Dual] Intel Xeon E5-2690 v4 2.6GHz 14 cores,14,28,,32 GB DDR4,32,2x 240 GB (SSD SATA),480,False,Unmetered @ 1 Gbps,"Manchester, UK",UK,UK,162,EUR,199.0,https://valebyte.com/en/servers/dual-intel-xeon-e5-2690-v4-26ghz-14-cores-manchester-uk-2/?utm_source=github&utm_medium=dataset&utm_campaign=dedicated-server-prices
[Dual] Intel Xeon E5-2690 v4 2.6GHz 14 cores,[Dual] Intel Xeon E5-2690 v4 2.6GHz 14 cores,14,28,,32 GB DDR4,32,2x 240 GB (SSD SATA),480,False,Unmetered @ 1 Gbps,"Nottingham, UK",UK,UK,162,EUR,199.0,https://valebyte.com/en/servers/dual-intel-xeon-e5-2690-v4-26ghz-14-cores-nottingham-uk-2/?utm_source=github&utm_medium=dataset&utm_campaign=dedicated-server-prices
AMD Ryzen 5 3600,AMD Ryzen 5 3600,,,,64 GB DDR4 ECC,64,4x 16.0 TB (HDD),64000,False,Unmetered @ 1 Gbps,"Helsinki, Finland",Finland,FI,162,EUR,199.0,https://valebyte.com/en/servers/amd-ryzen-5-3600-helsinki-finland-1/?utm_source=github&utm_medium=dataset&utm_campaign=dedicated-server-prices
Intel Xeon E-2276G 3.8GHz 6 cores,Intel Xeon E-2276G 3.8GHz 6 cores,6,12,,16 GB DDR4,16,1 TB (HDD SATA),1000,False,5 TB @ 1 Gbps,"Hong Kong, HK",Hong Kong,HK,162,EUR,199.0,https://valebyte.com/en/servers/intel-xeon-e-2276g-38ghz-6-cores-hong-kong-hk/?utm_source=github&utm_medium=dataset&utm_campaign=dedicated-server-prices
Intel Xeon E3-1230 v6 3.5GHz 4 cores,Intel Xeon E3-1230 v6 3.5GHz 4 cores,4,8,,32 GB DDR4,32,1 TB (HDD SATA),1000,False,5 TB @ 1 Gbps,"Taipei, TW",Taiwan,TW,162,EUR,199.0,https://valebyte.com/en/servers/intel-xeon-e3-1230-v6-35ghz-4-cores-taipei-tw/?utm_source=github&utm_medium=dataset&utm_campaign=dedicated-server-prices
Intel Xeon E-2434 3.4GHz 4 cores,Intel Xeon E-2434 3.4GHz 4 cores,4,8,,32 GB DDR5,32,2x 960 GB (SSD NVMe),1920,True,30 TB @ 10 Gbps,"Glasgow, UK",UK,UK,162,EUR,199.0,https://valebyte.com/en/servers/intel-xeon-e-2434-34ghz-4-cores-glasgow-uk/?utm_source=github&utm_medium=dataset&utm_campaign=dedicated-server-prices
[Dual] Intel Xeon E5-2609 v4 1.7GHz 8 cores,[Dual] Intel Xeon E5-2609 v4 1.7GHz 8 cores,8,16,,16 GB DDR4,16,2x 2 TB (HDD SATA),4000,False,5 TB @ 1 Gbps,"Hong Kong, HK",Hong Kong,HK,162,EUR,199.0,https://valebyte.com/en/servers/dual-intel-xeon-e5-2609-v4-17ghz-8-cores-hong-kong-hk/?utm_source=github&utm_medium=dataset&utm_campaign=dedicated-server-prices
[Dual] Intel Xeon Silver 4114 2.2GHz 10 cores,[Dual] Intel Xeon Silver 4114 2.2GHz 10 cores,10,20,,96 GB DDR4,96,2x 1 TB (SSD NVMe),2000,True,Unmetered @ 1 Gbps,"Paris, FR",France,FR,162,EUR,199.0,https://valebyte.com/en/servers/dual-intel-xeon-silver-4114-22ghz-10-cores-paris-fr-1/?utm_source=github&utm_medium=dataset&utm_campaign=dedicated-server-prices
Intel Xeon E-2434 3.4GHz 4 cores,Intel Xeon E-2434 3.4GHz 4 cores,4,8,,32 GB DDR5,32,2x 960 GB (SSD NVMe),1920,True,30 TB @ 10 Gbps,"Edinburgh, UK",UK,UK,162,EUR,199.0,https://valebyte.com/en/servers/intel-xeon-e-2434-34ghz-4-cores-edinburgh-uk/?utm_source=github&utm_medium=dataset&utm_campaign=dedicated-server-prices
Intel Xeon E3-1230 v5 3GHz 4 cores,Intel Xeon E3-1230 v5 3GHz 4 cores,4,8,,16 GB DDR4,16,2x 500 GB (HDD SATA),1000,False,Unmetered @ 100 Mbps,"Hanoi, VN",Vietnam,VN,162,EUR,199.0,https://valebyte.com/en/servers/intel-xeon-e3-1230-v5-3ghz-4-cores-hanoi-vn/?utm_source=github&utm_medium=dataset&utm_campaign=dedicated-server-prices
Intel Xeon E3-1230 v5 3GHz 4 cores,Intel Xeon E3-1230 v5 3GHz 4 cores,4,8,,16 GB DDR4,16,2x 500 GB (HDD SATA),1000,False,Unmetered @ 100 Mbps,"Ho Chi Minh City, VN",Vietnam,VN,162,EUR,199.0,https://valebyte.com/en/servers/intel-xeon-e3-1230-v5-3ghz-4-cores-ho-chi-minh-city-vn/?utm_source=github&utm_medium=dataset&utm_campaign=dedicated-server-prices
Intel Xeon-E 2388G 3.2GHz 8 cores,Intel Xeon-E 2388G 3.2GHz 8 cores,8,16,,32 GB DDR4 ECC,32,4x 3.84 TB (NVME SoftRAID),15360,True,Unmetered @ 500 Mbps,"Singapore, SG",Singapore,SG,165,EUR,203.0,https://valebyte.com/en/servers/intel-xeon-e-2388g-32ghz-8-cores-singapore-sg-2/?utm_source=github&utm_medium=dataset&utm_campaign=dedicated-server-prices
AMD EPYC 4245P 3.90GHz 6 cores,AMD EPYC 4245P 3.90GHz 6 cores,6,12,31123,64 GB DDR5,64,2 x 1 TB (NVMe SSD),2000,True,Unmetered @ 3 Gbps,"Paris, FR",France,FR,166,EUR,204.0,https://valebyte.com/en/servers/amd-epyc-4245p-3-90ghz-6-64gb-2000gb-paris-fr-fba974/?utm_source=github&utm_medium=dataset&utm_campaign=dedicated-server-prices
Apple M2 3.50GHz 8 cores,Apple M2 3.50GHz 8 cores,8,8,,16 GB LPDDR5,16,1 x 256 GB (SSD),256,False,Unmetered @ 1 Gbps,"Paris, FR",France,FR,166,EUR,204.0,https://valebyte.com/en/servers/apple-m2-3-50ghz-8-16gb-256gb-paris-fr-9857a8/?utm_source=github&utm_medium=dataset&utm_campaign=dedicated-server-prices
Intel Xeon E-2276G 3.8GHz 6 cores,Intel Xeon E-2276G 3.8GHz 6 cores,6,12,,16 GB DDR4,16,1 TB (HDD SATA),1000,False,5 TB @ 1 Gbps,"Sao Paulo, BR",Brazil,BR,167,EUR,205.0,https://valebyte.com/en/servers/intel-xeon-e-2276g-38ghz-6-cores-sao-paulo-br-1/?utm_source=github&utm_medium=dataset&utm_campaign=dedicated-server-prices
Intel Xeon E3-1270 v6 3.8GHz 4 cores,Intel Xeon E3-1270 v6 3.8GHz 4 cores,4,8,,16 GB DDR4,16,2 TB (HDD SATA),2000,False,5 TB @ 1 Gbps,"Sao Paulo, BR",Brazil,BR,167,EUR,205.0,https://valebyte.com/en/servers/intel-xeon-e3-1270-v6-38ghz-4-cores-sao-paulo-br-1/?utm_source=github&utm_medium=dataset&utm_campaign=dedicated-server-prices
Intel Core i3-4150 3.5GHz 2 cores,Intel Core i3-4150 3.5GHz 2 cores,2,4,,8 GB DDR3,8,2x 250 GB (SSD SATA),500,False,Unmetered @ 100 Mbps,"Kuala Lumpur, MY",Malaysia,MY,167,EUR,205.0,https://valebyte.com/en/servers/intel-core-i3-4150-35ghz-2-cores-kuala-lumpur-my-1/?utm_source=github&utm_medium=dataset&utm_campaign=dedicated-server-prices
Intel Xeon Silver 4208 2.1GHz 8 cores,Intel Xeon Silver 4208 2.1GHz 8 cores,8,16,,32 GB DDR4,32,4 TB (HDD SATA),4000,False,Unmetered @ 1 Gbps,"Vancouver, CA",Canada,CA,167,EUR,205.0,https://valebyte.com/en/servers/intel-xeon-silver-4208-21ghz-8-cores-vancouver-ca/?utm_source=github&utm_medium=dataset&utm_campaign=dedicated-server-prices
Intel Xeon E5-2450 v2 2.5GHz 8 cores,Intel Xeon E5-2450 v2 2.5GHz 8 cores,8,16,,32 GB DDR3,32,2x 960 GB (SSD SATA),1920,False,Unmetered @ 1 Gbps,"Novi Travnik, BA",Bosnia and Herzegovina,BA,167,EUR,205.0,https://valebyte.com/en/servers/intel-xeon-e5-2450-v2-25ghz-8-cores-novi-travnik-ba/?utm_source=github&utm_medium=dataset&utm_campaign=dedicated-server-prices
[Dual] Intel Xeon E5-2609 v4 1.7GHz 8 cores,[Dual] Intel Xeon E5-2609 v4 1.7GHz 8 cores,8,16,,16 GB DDR4,16,2x 2 TB (HDD SATA),4000,False,5 TB @ 1 Gbps,"Madrid, ES",Spain,ES,168,EUR,207.0,https://valebyte.com/en/servers/dual-intel-xeon-e5-2609-v4-17ghz-8-cores-madrid-es/?utm_source=github&utm_medium=dataset&utm_campaign=dedicated-server-prices
Intel Xeon E-2336 2.9GHz 6 cores,Intel Xeon E-2336 2.9GHz 6 cores,6,12,,32 GB DDR4,32,2x 960 GB (SSD SATA),1920,False,Unmetered @ 1 Gbps,"Cape Town, ZA",South Africa,ZA,168,EUR,207.0,https://valebyte.com/en/servers/intel-xeon-e-2336-29ghz-6-cores-cape-town-za/?utm_source=github&utm_medium=dataset&utm_campaign=dedicated-server-prices
AMD EPYC 4244P 3.8GHz 6 cores,AMD EPYC 4244P 3.8GHz 6 cores,6,12,,32 GB DDR5,32,2x 960 GB (SSD NVMe),1920,True,25 TB @ 1 Gbps,"Mumbai, IN",India,IN,168,EUR,207.0,https://valebyte.com/en/servers/amd-epyc-4244p-38ghz-6-cores-mumbai-in/?utm_source=github&utm_medium=dataset&utm_campaign=dedicated-server-prices
[Dual] Intel Xeon E5-2609 v4 1.7GHz 8 cores,[Dual] Intel Xeon E5-2609 v4 1.7GHz 8 cores,8,16,,16 GB DDR4,16,2x 2 TB (HDD SATA),4000,False,5 TB @ 1 Gbps,"Prague, CZ",Czechia (Czech Republic),CZ,168,EUR,207.0,https://valebyte.com/en/servers/dual-intel-xeon-e5-2609-v4-17ghz-8-cores-prague-cz/?utm_source=github&utm_medium=dataset&utm_campaign=dedicated-server-prices
Intel Xeon E5 2620 v4 or equivalent 2.10GHz 2x 16 cores,Intel Xeon E5 2620 v4 or equivalent 2.10GHz 2x 16 cores,16,32,5295,256 GB DDR3,256,2 x 1.02 TB (SSD),2040,False,Unmetered @ 1 Gbps,"Paris, FR",France,FR,168,EUR,207.0,https://valebyte.com/en/servers/intel-xeon-e5-2620-v4-or-equivalent-2-10ghz-2x-16-256gb-2048gb-paris-fr-06e355/?utm_source=github&utm_medium=dataset&utm_campaign=dedicated-server-prices
[Dual] Intel Xeon E5-2609 v4 1.7GHz 8 cores,[Dual] Intel Xeon E5-2609 v4 1.7GHz 8 cores,8,16,,16 GB DDR4,16,2x 2 TB (HDD SATA),4000,False,5 TB @ 1 Gbps,"Belgrade, RS",Serbia,RS,168,EUR,207.0,https://valebyte.com/en/servers/dual-intel-xeon-e5-2609-v4-17ghz-8-cores-belgrade-rs/?utm_source=github&utm_medium=dataset&utm_campaign=dedicated-server-prices
[Dual] Intel Xeon E5-2609 v4 1.7GHz 8 cores,[Dual] Intel Xeon E5-2609 v4 1.7GHz 8 cores,8,16,,16 GB DDR4,16,2x 2 TB (HDD SATA),4000,False,5 TB @ 1 Gbps,"Brussels, BE",Belgium,BE,168,EUR,207.0,https://valebyte.com/en/servers/dual-intel-xeon-e5-2609-v4-17ghz-8-cores-brussels-be/?utm_source=github&utm_medium=dataset&utm_campaign=dedicated-server-prices
Intel Xeon E5 2620 v4 or equivalent 2.10GHz 2x 16 cores,Intel Xeon E5 2620 v4 or equivalent 2.10GHz 2x 16 cores,16,32,5295,256 GB DDR3,256,2 x 1.02 TB (SSD),2040,False,Unmetered @ 1 Gbps,"Amsterdam, NL",Netherlands,NL,168,EUR,207.0,https://valebyte.com/en/servers/intel-xeon-e5-2620-v4-or-equivalent-2-10ghz-2x-16-256gb-2048gb-amsterdam-nl-9f464a/?utm_source=github&utm_medium=dataset&utm_campaign=dedicated-server-prices
[Dual] Intel Xeon E5-2609 v4 1.7GHz 8 cores,[Dual] Intel Xeon E5-2609 v4 1.7GHz 8 cores,8,16,,16 GB DDR4,16,2x 2 TB (HDD SATA),4000,False,5 TB @ 1 Gbps,"Manchester, UK",UK,UK,168,EUR,207.0,https://valebyte.com/en/servers/dual-intel-xeon-e5-2609-v4-17ghz-8-cores-manchester-uk/?utm_source=github&utm_medium=dataset&utm_campaign=dedicated-server-prices
Intel Gold 6230R,Intel Gold 6230R,26,52,,64GB ECC REG DDR4 ,64,2x 250 GB (NVMe),500,True,100TB @ 3Gbps,"Siauliai, LT",Lithuania,LT,207,USD,207.0,https://valebyte.com/en/servers/intel-gold-6230r-siauliai-lt/?utm_source=github&utm_medium=dataset&utm_campaign=dedicated-server-prices
AMD EPYC 7402P,AMD EPYC 7402P,24,48,,64GB ECC REG DDR4 ,64,2x 250 GB (NVMe),500,True,100TB @ 3Gbps,"Siauliai, LT",Lithuania,LT,207,USD,207.0,https://valebyte.com/en/servers/amd-epyc-7402p-siauliai-lt/?utm_source=github&utm_medium=dataset&utm_campaign=dedicated-server-prices
[Dual] Intel Xeon E5-2609 v4 1.7GHz 8 cores,[Dual] Intel Xeon E5-2609 v4 1.7GHz 8 cores,8,16,,16 GB DDR4,16,2x 2 TB (HDD SATA),4000,False,5 TB @ 1 Gbps,"Budapest, HU",Hungary,HU,168,EUR,207.0,https://valebyte.com/en/servers/dual-intel-xeon-e5-2609-v4-17ghz-8-cores-budapest-hu/?utm_source=github&utm_medium=dataset&utm_campaign=dedicated-server-prices
Intel Xeon E5 2620 v4 or equivalent 2.10GHz 2x 16 cores,Intel Xeon E5 2620 v4 or equivalent 2.10GHz 2x 16 cores,16,32,5295,256 GB DDR3,256,2 x 8 TB (HDD),16000,False,Unmetered @ 1 Gbps,"Paris, FR",France,FR,168,EUR,207.0,https://valebyte.com/en/servers/intel-xeon-e5-2620-v4-or-equivalent-2-10ghz-2x-16-256gb-16000gb-paris-fr-a8d20a/?utm_source=github&utm_medium=dataset&utm_campaign=dedicated-server-prices
[Dual] Intel Xeon E5-2609 v4 1.7GHz 8 cores,[Dual] Intel Xeon E5-2609 v4 1.7GHz 8 cores,8,16,,16 GB DDR4,16,2x 2 TB (HDD SATA),4000,False,5 TB @ 1 Gbps,"Barcelona, ES",Spain,ES,168,EUR,207.0,https://valebyte.com/en/servers/dual-intel-xeon-e5-2609-v4-17ghz-8-cores-barcelona-es/?utm_source=github&utm_medium=dataset&utm_campaign=dedicated-server-prices
[Dual] Intel Xeon E5-2609 v4 1.7GHz 8 cores,[Dual] Intel Xeon E5-2609 v4 1.7GHz 8 cores,8,16,,16 GB DDR4,16,2x 2 TB (HDD SATA),4000,False,5 TB @ 1 Gbps,"Oslo, NO",Norway,NO,168,EUR,207.0,https://valebyte.com/en/servers/dual-intel-xeon-e5-2609-v4-17ghz-8-cores-oslo-no/?utm_source=github&utm_medium=dataset&utm_campaign=dedicated-server-prices
[Dual] Intel Xeon E5-2670 2.6GHz 8 cores,[Dual] Intel Xeon E5-2670 2.6GHz 8 cores,8,16,,32 GB DDR3,32,250 GB (SSD SATA),250,False,Unmetered @ 10 Mbps,"Seoul, KR",South Korea,KR,168,EUR,207.0,https://valebyte.com/en/servers/dual-intel-xeon-e5-2670-26ghz-8-cores-seoul-kr/?utm_source=github&utm_medium=dataset&utm_campaign=dedicated-server-prices
[Dual] Intel Xeon E5-2609 v4 1.7GHz 8 cores,[Dual] Intel Xeon E5-2609 v4 1.7GHz 8 cores,8,16,,16 GB DDR4,16,2x 2 TB (HDD SATA),4000,False,5 TB @ 1 Gbps,"Zurich, CH",Switzerland,CH,168,EUR,207.0,https://valebyte.com/en/servers/dual-intel-xeon-e5-2609-v4-17ghz-8-cores-zurich-ch/?utm_source=github&utm_medium=dataset&utm_campaign=dedicated-server-prices
[Dual] Intel Xeon E5-2609 v4 1.7GHz 8 cores,[Dual] Intel Xeon E5-2609 v4 1.7GHz 8 cores,8,16,,16 GB DDR4,16,2x 2 TB (HDD SATA),4000,False,5 TB @ 1 Gbps,"Milan, IT",Italy,IT,168,EUR,207.0,https://valebyte.com/en/servers/dual-intel-xeon-e5-2609-v4-17ghz-8-cores-milan-it/?utm_source=github&utm_medium=dataset&utm_campaign=dedicated-server-prices
Intel Xeon E-2336 2.9GHz 6 cores,Intel Xeon E-2336 2.9GHz 6 cores,6,12,,32 GB DDR4,32,2x 960 GB (SSD SATA),1920,False,Unmetered @ 1 Gbps,"Johannesburg, ZA",South Africa,ZA,168,EUR,207.0,https://valebyte.com/en/servers/intel-xeon-e-2336-29ghz-6-cores-johannesburg-za/?utm_source=github&utm_medium=dataset&utm_campaign=dedicated-server-prices
Intel Xeon E-2236 3.4GHz 6 cores,Intel Xeon E-2236 3.4GHz 6 cores,6,12,,32 GB DDR4,32,2x 240 GB (SSD SATA),480,False,30 TB @ 10 Gbps,"Glasgow, UK",UK,UK,168,EUR,207.0,https://valebyte.com/en/servers/intel-xeon-e-2236-34ghz-6-cores-glasgow-uk/?utm_source=github&utm_medium=dataset&utm_campaign=dedicated-server-prices
[Dual] Intel Xeon E5-2609 v4 1.7GHz 8 cores,[Dual] Intel Xeon E5-2609 v4 1.7GHz 8 cores,8,16,,16 GB DDR4,16,2x 2 TB (HDD SATA),4000,False,5 TB @ 1 Gbps,"Rome, IT",Italy,IT,168,EUR,207.0,https://valebyte.com/en/servers/dual-intel-xeon-e5-2609-v4-17ghz-8-cores-rome-it/?utm_source=github&utm_medium=dataset&utm_campaign=dedicated-server-prices
[Dual] Intel Xeon E5-2609 v4 1.7GHz 8 cores,[Dual] Intel Xeon E5-2609 v4 1.7GHz 8 cores,8,16,,16 GB DDR4,16,2x 2 TB (HDD SATA),4000,False,5 TB @ 1 Gbps,"Dublin, IE",Ireland,IE,168,EUR,207.0,https://valebyte.com/en/servers/dual-intel-xeon-e5-2609-v4-17ghz-8-cores-dublin-ie/?utm_source=github&utm_medium=dataset&utm_campaign=dedicated-server-prices
Intel Xeon E3-1230 v5 3GHz 4 cores,Intel Xeon E3-1230 v5 3GHz 4 cores,4,8,,8 GB DDR4,8,1 TB (HDD SATA),1000,False,5 TB @ 1 Gbps,"Tokyo, JP",Japan,JP,168,EUR,207.0,https://valebyte.com/en/servers/intel-xeon-e3-1230-v5-3ghz-4-cores-tokyo-jp/?utm_source=github&utm_medium=dataset&utm_campaign=dedicated-server-prices
[Dual] Intel Xeon E5-2609 v4 1.7GHz 8 cores,[Dual] Intel Xeon E5-2609 v4 1.7GHz 8 cores,8,16,,16 GB DDR4,16,2x 2 TB (HDD SATA),4000,False,5 TB @ 1 Gbps,"Stockholm, SE",Sweden,SE,168,EUR,207.0,https://valebyte.com/en/servers/dual-intel-xeon-e5-2609-v4-17ghz-8-cores-stockholm-se/?utm_source=github&utm_medium=dataset&utm_campaign=dedicated-server-prices
Intel Xeon E3-1270 v6 3.8GHz 4 cores,Intel Xeon E3-1270 v6 3.8GHz 4 cores,4,8,,16 GB DDR4,16,2 TB (HDD SATA),2000,False,5 TB @ 1 Gbps,"Tokyo, JP",Japan,JP,168,EUR,207.0,https://valebyte.com/en/servers/intel-xeon-e3-1270-v6-38ghz-4-cores-tokyo-jp-1/?utm_source=github&utm_medium=dataset&utm_campaign=dedicated-server-prices
[Dual] Intel Xeon E5-2609 v4 1.7GHz 8 cores,[Dual] Intel Xeon E5-2609 v4 1.7GHz 8 cores,8,16,,16 GB DDR4,16,2x 2 TB (HDD SATA),4000,False,5 TB @ 1 Gbps,"Vienna, AT",Austria,AT,168,EUR,207.0,https://valebyte.com/en/servers/dual-intel-xeon-e5-2609-v4-17ghz-8-cores-vienna-at/?utm_source=github&utm_medium=dataset&utm_campaign=dedicated-server-prices
[Dual] Intel Xeon E5-2609 v4 1.7GHz 8 cores,[Dual] Intel Xeon E5-2609 v4 1.7GHz 8 cores,8,16,,16 GB DDR4,16,2x 2 TB (HDD SATA),4000,False,5 TB @ 1 Gbps,"Bratislava, SK",Slovakia,SK,168,EUR,207.0,https://valebyte.com/en/servers/dual-intel-xeon-e5-2609-v4-17ghz-8-cores-bratislava-sk/?utm_source=github&utm_medium=dataset&utm_campaign=dedicated-server-prices
Intel Xeon E-2234 3.6GHz 4 cores,Intel Xeon E-2234 3.6GHz 4 cores,4,8,,32 GB DDR4,32,1 TB (HDD SATA),1000,False,10 TB @ 1 Gbps,"Seoul, KR",South Korea,KR,168,EUR,207.0,https://valebyte.com/en/servers/intel-xeon-e-2234-36ghz-4-cores-seoul-kr/?utm_source=github&utm_medium=dataset&utm_campaign=dedicated-server-prices
[Dual] Intel Xeon E5-2609 v4 1.7GHz 8 cores,[Dual] Intel Xeon E5-2609 v4 1.7GHz 8 cores,8,16,,16 GB DDR4,16,2x 2 TB (HDD SATA),4000,False,5 TB @ 1 Gbps,"Bucharest, RO",Romania,RO,168,EUR,207.0,https://valebyte.com/en/servers/dual-intel-xeon-e5-2609-v4-17ghz-8-cores-bucharest-ro/?utm_source=github&utm_medium=dataset&utm_campaign=dedicated-server-prices
[Dual] Intel Xeon Silver 4214R 2.4GHz 12 cores,[Dual] Intel Xeon Silver 4214R 2.4GHz 12 cores,12,24,,96 GB DDR4,96,2x 960 GB (SSD NVMe),1920,True,Unmetered @ 1 Gbps,"Montreal, CA",Canada,CA,171,EUR,210.0,https://valebyte.com/en/servers/intel-xeon-silver-4214r-24ghz-12-cores-montreal-ca/?utm_source=github&utm_medium=dataset&utm_campaign=dedicated-server-prices
AMD EPYC 4244P 3.8GHz 6 cores,AMD EPYC 4244P 3.8GHz 6 cores,6,12,,32 GB DDR5,32,1 TB (HDD SATA),1000,False,5 TB @ 1 Gbps,"Rome, IT",Italy,IT,172,EUR,212.0,https://valebyte.com/en/servers/amd-epyc-4244p-38ghz-6-cores-rome-it/?utm_source=github&utm_medium=dataset&utm_campaign=dedicated-server-prices
AMD EPYC 4244P 3.8GHz 6 cores,AMD EPYC 4244P 3.8GHz 6 cores,6,12,,32 GB DDR5,32,1 TB (HDD SATA),1000,False,5 TB @ 1 Gbps,"Madrid, ES",Spain,ES,172,EUR,212.0,https://valebyte.com/en/servers/amd-epyc-4244p-38ghz-6-cores-madrid-es/?utm_source=github&utm_medium=dataset&utm_campaign=dedicated-server-prices
AMD EPYC 4244P 3.8GHz 6 cores,AMD EPYC 4244P 3.8GHz 6 cores,6,12,,32 GB DDR5,32,1 TB (HDD SATA),1000,False,5 TB @ 1 Gbps,"Bucharest, RO",Romania,RO,172,EUR,212.0,https://valebyte.com/en/servers/amd-epyc-4244p-38ghz-6-cores-bucharest-ro/?utm_source=github&utm_medium=dataset&utm_campaign=dedicated-server-prices
AMD EPYC 4244P 3.8GHz 6 cores,AMD EPYC 4244P 3.8GHz 6 cores,6,12,,32 GB DDR5,32,1 TB (HDD SATA),1000,False,5 TB @ 1 Gbps,"Vienna, AT",Austria,AT,172,EUR,212.0,https://valebyte.com/en/servers/amd-epyc-4244p-38ghz-6-cores-vienna-at/?utm_source=github&utm_medium=dataset&utm_campaign=dedicated-server-prices
AMD EPYC 4244P 3.8GHz 6 cores,AMD EPYC 4244P 3.8GHz 6 cores,6,12,,32 GB DDR5,32,1 TB (HDD SATA),1000,False,5 TB @ 1 Gbps,"Bratislava, SK",Slovakia,SK,172,EUR,212.0,https://valebyte.com/en/servers/amd-epyc-4244p-38ghz-6-cores-bratislava-sk/?utm_source=github&utm_medium=dataset&utm_campaign=dedicated-server-prices
AMD EPYC 4244P 3.8GHz 6 cores,AMD EPYC 4244P 3.8GHz 6 cores,6,12,,32 GB DDR5,32,1 TB (HDD SATA),1000,False,5 TB @ 1 Gbps,"Stockholm, SE",Sweden,SE,172,EUR,212.0,https://valebyte.com/en/servers/amd-epyc-4244p-38ghz-6-cores-stockholm-se/?utm_source=github&utm_medium=dataset&utm_campaign=dedicated-server-prices
AMD EPYC 4244P 3.8GHz 6 cores,AMD EPYC 4244P 3.8GHz 6 cores,6,12,,32 GB DDR5,32,1 TB (HDD SATA),1000,False,5 TB @ 1 Gbps,"Oslo, NO",Norway,NO,172,EUR,212.0,https://valebyte.com/en/servers/amd-epyc-4244p-38ghz-6-cores-oslo-no/?utm_source=github&utm_medium=dataset&utm_campaign=dedicated-server-prices
AMD EPYC 4244P 3.8GHz 6 cores,AMD EPYC 4244P 3.8GHz 6 cores,6,12,,32 GB DDR5,32,1 TB (HDD SATA),1000,False,5 TB @ 1 Gbps,"Budapest, HU",Hungary,HU,172,EUR,212.0,https://valebyte.com/en/servers/amd-epyc-4244p-38ghz-6-cores-budapest-hu/?utm_source=github&utm_medium=dataset&utm_campaign=dedicated-server-prices
AMD EPYC 4244P 3.8GHz 6 cores,AMD EPYC 4244P 3.8GHz 6 cores,6,12,,32 GB DDR5,32,1 TB (HDD SATA),1000,False,5 TB @ 1 Gbps,"Zurich, CH",Switzerland,CH,172,EUR,212.0,https://valebyte.com/en/servers/amd-epyc-4244p-38ghz-6-cores-zurich-ch/?utm_source=github&utm_medium=dataset&utm_campaign=dedicated-server-prices
AMD EPYC 4244P 3.8GHz 6 cores,AMD EPYC 4244P 3.8GHz 6 cores,6,12,,32 GB DDR5,32,1 TB (HDD SATA),1000,False,5 TB @ 1 Gbps,"Belgrade, RS",Serbia,RS,172,EUR,212.0,https://valebyte.com/en/servers/amd-epyc-4244p-38ghz-6-cores-belgrade-rs/?utm_source=github&utm_medium=dataset&utm_campaign=dedicated-server-prices
AMD EPYC 4244P 3.8GHz 6 cores,AMD EPYC 4244P 3.8GHz 6 cores,6,12,,32 GB DDR5,32,1 TB (HDD SATA),1000,False,5 TB @ 1 Gbps,"Barcelona, ES",Spain,ES,172,EUR,212.0,https://valebyte.com/en/servers/amd-epyc-4244p-38ghz-6-cores-barcelona-es/?utm_source=github&utm_medium=dataset&utm_campaign=dedicated-server-prices
AMD EPYC 4244P 3.8GHz 6 cores,AMD EPYC 4244P 3.8GHz 6 cores,6,12,,32 GB DDR5,32,1 TB (HDD SATA),1000,False,5 TB @ 1 Gbps,"Dublin, IE",Ireland,IE,172,EUR,212.0,https://valebyte.com/en/servers/amd-epyc-4244p-38ghz-6-cores-dublin-ie/?utm_source=github&utm_medium=dataset&utm_campaign=dedicated-server-prices
AMD EPYC 4244P 3.8GHz 6 cores,AMD EPYC 4244P 3.8GHz 6 cores,6,12,,32 GB DDR5,32,1 TB (HDD SATA),1000,False,5 TB @ 1 Gbps,"Prague, CZ",Czechia (Czech Republic),CZ,172,EUR,212.0,https://valebyte.com/en/servers/amd-epyc-4244p-38ghz-6-cores-prague-cz/?utm_source=github&utm_medium=dataset&utm_campaign=dedicated-server-prices
AMD EPYC 4244P 3.8GHz 6 cores,AMD EPYC 4244P 3.8GHz 6 cores,6,12,,32 GB DDR5,32,1 TB (HDD SATA),1000,False,5 TB @ 1 Gbps,"Brussels, BE",Belgium,BE,172,EUR,212.0,https://valebyte.com/en/servers/amd-epyc-4244p-38ghz-6-cores-brussels-be/?utm_source=github&utm_medium=dataset&utm_campaign=dedicated-server-prices
AMD EPYC 4244P 3.8GHz 6 cores,AMD EPYC 4244P 3.8GHz 6 cores,6,12,,32 GB DDR5,32,1 TB (HDD SATA),1000,False,5 TB @ 1 Gbps,"Sofia, BG",Bulgaria,BG,172,EUR,212.0,https://valebyte.com/en/servers/amd-epyc-4244p-38ghz-6-cores-sofia-bg/?utm_source=github&utm_medium=dataset&utm_campaign=dedicated-server-prices
[Dual] Intel Xeon E5-2640 v3 2.6GHz 8 cores,[Dual] Intel Xeon E5-2640 v3 2.6GHz 8 cores,8,16,,192 GB DDR3,192,3x 500 GB (SSD SATA),1500,False,Unmetered @ 1 Gbps,"Paris, FR",France,FR,172,EUR,212.0,https://valebyte.com/en/servers/dual-intel-xeon-e5-2640-v3-26ghz-8-cores-paris-fr/?utm_source=github&utm_medium=dataset&utm_campaign=dedicated-server-prices
AMD EPYC 7232P 3.10GHz 8 cores,AMD EPYC 7232P 3.10GHz 8 cores,8,16,17017,64 GB DDR4,64,2 x 1.02 TB (NVMe),2040,True,Unmetered @ 1 Gbps,"Paris, FR",France,FR,173,EUR,213.0,https://valebyte.com/en/servers/amd-epyc-7232p-3-10ghz-8-64gb-2048gb-paris-fr-00aea6/?utm_source=github&utm_medium=dataset&utm_campaign=dedicated-server-prices
AMD EPYC 7281 2.10GHz 16 cores,AMD EPYC 7281 2.10GHz 16 cores,16,32,21230,96 GB DDR4,96,2 x 1 TB (NVMe SSD),2000,True,Unmetered @ 750 Mbps,"Paris, FR",France,FR,173,EUR,213.0,https://valebyte.com/en/servers/amd-epyc-7281-2-10ghz-16-96gb-2000gb-paris-fr-b35f9f/?utm_source=github&utm_medium=dataset&utm_campaign=dedicated-server-prices
AMD EPYC 8024P 2.40GHz 8 cores,AMD EPYC 8024P 2.40GHz 8 cores,8,16,20556,64 GB DDR5,64,2 x 960 GB (NVMe SSD),1920,True,Unmetered @ 1 Gbps,"Amsterdam, NL",Netherlands,NL,173,EUR,213.0,https://valebyte.com/en/servers/amd-epyc-8024p-2-40ghz-8-64gb-1920gb-amsterdam-nl-0fc204/?utm_source=github&utm_medium=dataset&utm_campaign=dedicated-server-prices
AMD EPYC 7232P 3.10GHz 8 cores,AMD EPYC 7232P 3.10GHz 8 cores,8,16,17017,64 GB DDR4,64,2 x 1.02 TB (NVMe),2040,True,Unmetered @ 1 Gbps,"Amsterdam, NL",Netherlands,NL,173,EUR,213.0,https://valebyte.com/en/servers/amd-epyc-7232p-3-10ghz-8-64gb-2048gb-amsterdam-nl-e3175b/?utm_source=github&utm_medium=dataset&utm_campaign=dedicated-server-prices
AMD EPYC 4345P 3.80GHz 8 cores,AMD EPYC 4345P 3.80GHz 8 cores,8,16,35794,64 GB DDR5,64,2 x 1.02 TB (NVMe),2040,True,Unmetered @ 3 Gbps,"Amsterdam, NL",Netherlands,NL,173,EUR,213.0,https://valebyte.com/en/servers/amd-epyc-4345p-3-80ghz-8-64gb-2048gb-amsterdam-nl-32fe74/?utm_source=github&utm_medium=dataset&utm_campaign=dedicated-server-prices
AMD EPYC 8024P 2.40GHz 8 cores,AMD EPYC 8024P 2.40GHz 8 cores,8,16,20556,64 GB DDR5,64,2 x 960 GB (NVMe SSD),1920,True,Unmetered @ 1 Gbps,"Paris, FR",France,FR,173,EUR,213.0,https://valebyte.com/en/servers/amd-epyc-8024p-2-40ghz-8-64gb-1920gb-paris-fr-e48dfe/?utm_source=github&utm_medium=dataset&utm_campaign=dedicated-server-prices
AMD EPYC 7232P 3.10GHz 8 cores,AMD EPYC 7232P 3.10GHz 8 cores,8,16,17017,64 GB DDR4,64,2 x 1.02 TB (NVMe),2040,True,Unmetered @ 1 Gbps,"Warsaw, PL",Poland,PL,173,EUR,213.0,https://valebyte.com/en/servers/amd-epyc-7232p-3-10ghz-8-64gb-2048gb-warsaw-pl-0c1201/?utm_source=github&utm_medium=dataset&utm_campaign=dedicated-server-prices
AMD EPYC 4345P 3.80GHz 8 cores,AMD EPYC 4345P 3.80GHz 8 cores,8,16,35794,64 GB DDR5,64,2 x 1.02 TB (NVMe),2040,True,Unmetered @ 3 Gbps,"Paris, FR",France,FR,173,EUR,213.0,https://valebyte.com/en/servers/amd-epyc-4345p-3-80ghz-8-64gb-2048gb-paris-fr-d5c37f/?utm_source=github&utm_medium=dataset&utm_campaign=dedicated-server-prices
[Dual] Intel Xeon E5-2630 v3 2.4GHz 8 cores,[Dual] Intel Xeon E5-2630 v3 2.4GHz 8 cores,8,16,,32 GB DDR4,32,2x 512 GB (SSD SATA),1024,False,Unmetered @ 1 Gbps,"Belfast, IE",Ireland,IE,174,EUR,214.0,https://valebyte.com/en/servers/dual-intel-xeon-e5-2630-v3-24ghz-8-cores-belfast-ie/?utm_source=github&utm_medium=dataset&utm_campaign=dedicated-server-prices
Intel Xeon E-2234 3.6GHz 4 cores,Intel Xeon E-2234 3.6GHz 4 cores,4,8,,8 GB DDR4,8,1 TB (HDD SATA),1000,False,5 TB @ 1 Gbps,"Tokyo, JP",Japan,JP,174,EUR,214.0,https://valebyte.com/en/servers/intel-xeon-e-2234-36ghz-4-cores-tokyo-jp-1/?utm_source=github&utm_medium=dataset&utm_campaign=dedicated-server-prices
AMD EPYC 4244P 3.8GHz 6 cores,AMD EPYC 4244P 3.8GHz 6 cores,6,12,,32 GB DDR5,32,2x 960 GB (SSD NVMe),1920,True,25 TB @ 1 Gbps,"Sydney, AU",Australia,AU,174,EUR,214.0,https://valebyte.com/en/servers/amd-epyc-4244p-38ghz-6-cores-sydney-au/?utm_source=github&utm_medium=dataset&utm_campaign=dedicated-server-prices
Intel Xeon E3-1270 v6 3.8GHz 4 cores,Intel Xeon E3-1270 v6 3.8GHz 4 cores,4,8,,16 GB DDR4,16,2 TB (HDD SATA),2000,False,5 TB @ 1 Gbps,"Sydney, AU",Australia,AU,174,EUR,214.0,https://valebyte.com/en/servers/intel-xeon-e3-1270-v6-38ghz-4-cores-sydney-au-2/?utm_source=github&utm_medium=dataset&utm_campaign=dedicated-server-prices
Intel Core i7-9700 3GHz 8 cores,Intel Core i7-9700 3GHz 8 cores,8,16,,64 GB DDR4,64,960 GB (SSD NVMe),960,True,Unmetered @ 1 Gbps,"Lisbon, PT",Portugal,PT,174,EUR,214.0,https://valebyte.com/en/servers/intel-core-i7-9700-3ghz-8-cores-lisbon-pt-1/?utm_source=github&utm_medium=dataset&utm_campaign=dedicated-server-prices
AMD Ryzen 5950X 128GB,AMD Ryzen 5950X,,,,128GB DDR4,128,2TB NVMe,2000,True,1 Gbps Unmetered,"Los Angeles, US",United States,US,215,USD,215.0,https://valebyte.com/en/servers/amd-ryzen-5950x-128gb-los-angeles-us/?utm_source=github&utm_medium=dataset&utm_campaign=dedicated-server-prices
Intel Xeon E-2276G 3.8GHz 6 cores,Intel Xeon E-2276G 3.8GHz 6 cores,6,12,,16 GB DDR4,16,1 TB (HDD SATA),1000,False,5 TB @ 1 Gbps,"Sydney, AU",Australia,AU,178,EUR,219.0,https://valebyte.com/en/servers/intel-xeon-e-2276g-38ghz-6-cores-sydney-au/?utm_source=github&utm_medium=dataset&utm_campaign=dedicated-server-prices
Intel Xeon E3-1230 v3 3.3GHz 4 cores,Intel Xeon E3-1230 v3 3.3GHz 4 cores,4,8,,16 GB DDR3,16,2x 1 TB (HDD SATA),2000,False,Unmetered @ 100 Mbps,"Kuala Lumpur, MY",Malaysia,MY,178,EUR,219.0,https://valebyte.com/en/servers/intel-xeon-e3-1230-v3-33ghz-4-cores-kuala-lumpur-my/?utm_source=github&utm_medium=dataset&utm_campaign=dedicated-server-prices
Intel Xeon E5-2470 v2 2.4GHz 10 cores,Intel Xeon E5-2470 v2 2.4GHz 10 cores,10,20,,32 GB DDR3,32,2x 960 GB (SSD SATA),1920,False,Unmetered @ 1 Gbps,"Novi Travnik, BA",Bosnia and Herzegovina,BA,179,EUR,220.0,https://valebyte.com/en/servers/intel-xeon-e5-2470-v2-24ghz-10-cores-novi-travnik-ba/?utm_source=github&utm_medium=dataset&utm_campaign=dedicated-server-prices
[Dual] Intel Xeon E5-2609 v4 1.7GHz 8 cores,[Dual] Intel Xeon E5-2609 v4 1.7GHz 8 cores,8,16,,16 GB DDR4,16,2x 2 TB (HDD SATA),4000,False,5 TB @ 1 Gbps,"Tokyo, JP",Japan,JP,179,EUR,220.0,https://valebyte.com/en/servers/dual-intel-xeon-e5-2609-v4-17ghz-8-cores-tokyo-jp/?utm_source=github&utm_medium=dataset&utm_campaign=dedicated-server-prices
AMD Ryzen 9 5950X 3.4GHz 16 cores,AMD Ryzen 9 5950X 3.4GHz 16 cores,16,32,,64 GB DDR4,64,2x 500 GB (SSD NVMe),1000,True,Unmetered @ 1 Gbps,"Tirana, AL",Albania,AL,179,EUR,220.0,https://valebyte.com/en/servers/amd-ryzen-9-5950x-34ghz-16-cores-tirana-al/?utm_source=github&utm_medium=dataset&utm_campaign=dedicated-server-prices
Intel Core i9-10900K 3.7GHz 10 cores,Intel Core i9-10900K 3.7GHz 10 cores,10,20,,64 GB DDR4,64,2x 240 GB (SSD SATA),480,False,20 TB @ 1 Gbps,"Chisinau, MD",Moldova,MD,179,EUR,220.0,https://valebyte.com/en/servers/intel-core-i9-10900k-37ghz-10-cores-chisinau-md/?utm_source=github&utm_medium=dataset&utm_campaign=dedicated-server-prices
AMD EPYC 7443P,AMD EPYC 7443P,24,48,,64GB ECC REG DDR4 ,64,2x 250 GB (NVMe),500,True,100TB @ 3Gbps,"Chicago, US",United States,US,220,USD,220.0,https://valebyte.com/en/servers/amd-epyc-7443p-chicago-us/?utm_source=github&utm_medium=dataset&utm_campaign=dedicated-server-prices
Intel Xeon E-2488 3.2GHz 8 cores,Intel Xeon E-2488 3.2GHz 8 cores,8,16,,16 GB DDR5,16,240 GB (SSD SATA),240,False,5 TB @ 1 Gbps,"Copenhagen, DK",Denmark,DK,180,EUR,221.0,https://valebyte.com/en/servers/intel-xeon-e-2488-32ghz-8-cores-copenhagen-dk/?utm_source=github&utm_medium=dataset&utm_campaign=dedicated-server-prices
AMD EPYC 4344P 3.8GHz 8 cores,AMD EPYC 4344P 3.8GHz 8 cores,8,16,,64 GB DDR5 ECC,64,2x 960 GB (NVME SoftRAID),1920,True,Unmetered @ 5 Gbps,"Warsaw, PL",Poland,PL,182,EUR,224.0,https://valebyte.com/en/servers/amd-epyc-4344p-38ghz-8-cores-warsaw-pl-3/?utm_source=github&utm_medium=dataset&utm_campaign=dedicated-server-prices
AMD EPYC 4344P 3.8GHz 8 cores,AMD EPYC 4344P 3.8GHz 8 cores,8,16,,64 GB DDR5 ECC,64,2x 960 GB (NVME SoftRAID),1920,True,Unmetered @ 5 Gbps,"Frankfurt, DE",Germany,DE,182,EUR,224.0,https://valebyte.com/en/servers/amd-epyc-4344p-38ghz-8-cores-frankfurt-de-3/?utm_source=github&utm_medium=dataset&utm_campaign=dedicated-server-prices
AMD EPYC 4344P 3.8GHz 8 cores,AMD EPYC 4344P 3.8GHz 8 cores,8,16,,64 GB DDR5 ECC,64,2x 960 GB (NVME SoftRAID),1920,True,Unmetered @ 5 Gbps,"Beauharnois, CA",Canada,CA,182,EUR,224.0,https://valebyte.com/en/servers/amd-epyc-4344p-38ghz-8-cores-beauharnois-ca-2/?utm_source=github&utm_medium=dataset&utm_campaign=dedicated-server-prices
Intel Xeon E-2246G 3.6GHz 6 cores,Intel Xeon E-2246G 3.6GHz 6 cores,6,12,,32 GB DDR4,32,1 TB (HDD SATA),1000,False,10 TB @ 1 Gbps,"Seoul, KR",South Korea,KR,185,EUR,228.0,https://valebyte.com/en/servers/intel-xeon-e-2246g-36ghz-6-cores-seoul-kr/?utm_source=github&utm_medium=dataset&utm_campaign=dedicated-server-prices
Intel Xeon E-2276G 3.8GHz 6 cores,Intel Xeon E-2276G 3.8GHz 6 cores,6,12,,16 GB DDR4,16,1 TB (HDD SATA),1000,False,5 TB @ 1 Gbps,"Tokyo, JP",Japan,JP,185,EUR,228.0,https://valebyte.com/en/servers/intel-xeon-e-2276g-38ghz-6-cores-tokyo-jp-1/?utm_source=github&utm_medium=dataset&utm_campaign=dedicated-server-prices
Intel Xeon E-2246G 3.6GHz 6 cores,Intel Xeon E-2246G 3.6GHz 6 cores,6,12,,32 GB DDR4,32,1 TB (HDD SATA),1000,False,5 TB @ 1 Gbps,"Johannesburg, ZA",South Africa,ZA,185,EUR,228.0,https://valebyte.com/en/servers/intel-xeon-e-2246g-36ghz-6-cores-johannesburg-za/?utm_source=github&utm_medium=dataset&utm_campaign=dedicated-server-prices
[Dual] Intel Xeon E5-2643 v4 3.4GHz 6 cores,[Dual] Intel Xeon E5-2643 v4 3.4GHz 6 cores,6,12,,32 GB DDR4,32,2x 240 GB (SSD SATA),480,False,Unmetered @ 1 Gbps,"Manchester, UK",UK,UK,186,EUR,229.0,https://valebyte.com/en/servers/dual-intel-xeon-e5-2643-v4-34ghz-6-cores-manchester-uk/?utm_source=github&utm_medium=dataset&utm_campaign=dedicated-server-prices
[Dual] Intel Xeon E5-2643 v4 3.4GHz 6 cores,[Dual] Intel Xeon E5-2643 v4 3.4GHz 6 cores,6,12,,32 GB DDR4,32,2x 240 GB (SSD SATA),480,False,Unmetered @ 1 Gbps,"Nottingham, UK",UK,UK,186,EUR,229.0,https://valebyte.com/en/servers/dual-intel-xeon-e5-2643-v4-34ghz-6-cores-nottingham-uk/?utm_source=github&utm_medium=dataset&utm_campaign=dedicated-server-prices
AMD EPYC 7232P 3.1GHz 8 cores,AMD EPYC 7232P 3.1GHz 8 cores,8,16,,64 GB DDR4,64,2x 1 TB (SSD NVMe),2000,True,Unmetered @ 1 Gbps,"Paris, FR",France,FR,186,EUR,229.0,https://valebyte.com/en/servers/amd-epyc-7232p-31ghz-8-cores-paris-fr/?utm_source=github&utm_medium=dataset&utm_campaign=dedicated-server-prices
AMD EPYC 7232P 3.1GHz 8 cores,AMD EPYC 7232P 3.1GHz 8 cores,8,16,,64 GB DDR4,64,2x 1 TB (SSD NVMe),2000,True,Unmetered @ 1 Gbps,"Warsaw, PL",Poland,PL,186,EUR,229.0,https://valebyte.com/en/servers/amd-epyc-7232p-31ghz-8-cores-warsaw-pl/?utm_source=github&utm_medium=dataset&utm_campaign=dedicated-server-prices
AMD EPYC 7232P 3.1GHz 8 cores,AMD EPYC 7232P 3.1GHz 8 cores,8,16,,64 GB DDR4,64,2x 1 TB (SSD NVMe),2000,True,Unmetered @ 1 Gbps,"Amsterdam, NL",Netherlands,NL,186,EUR,229.0,https://valebyte.com/en/servers/amd-epyc-7232p-31ghz-8-cores-amsterdam-nl/?utm_source=github&utm_medium=dataset&utm_campaign=dedicated-server-prices
Intel Xeon E5 1410 v2,"Intel Xeon E5 1410 v2, 4C/8T @ 2.8GHz",4,8,,96 GB DDR3,96,4x5.59TB (HDD),22360,False,Unmetered @ 1 Gbps,"Paris, FR",France,FR,187,EUR,230.0,https://valebyte.com/en/servers/intel-xeon-e5-1410-v2-paris-fr-2/?utm_source=github&utm_medium=dataset&utm_campaign=dedicated-server-prices
Intel Xeon E5 1410 v2,"Intel Xeon E5 1410 v2, 4C/8T @ 2.8GHz",4,8,,96 GB DDR3,96,4x5.59TB (HDD),22360,False,Unmetered @ 1 Gbps,"Warsaw, PL",Poland,PL,187,EUR,230.0,https://valebyte.com/en/servers/intel-xeon-e5-1410-v2-warsaw-pl-2/?utm_source=github&utm_medium=dataset&utm_campaign=dedicated-server-prices
Intel Xeon E5 1410 v2,"Intel Xeon E5 1410 v2, 4C/8T @ 2.8GHz",4,8,,96 GB DDR3,96,4x5.59TB (HDD),22360,False,Unmetered @ 1 Gbps,"Paris, FR",France,FR,187,EUR,230.0,https://valebyte.com/en/servers/scaleway-em-l105x-sata-paris-fr/?utm_source=github&utm_medium=dataset&utm_campaign=dedicated-server-prices
Intel Xeon E5 1410 v2,"Intel Xeon E5 1410 v2, 4C/8T @ 2.8GHz",4,8,,96 GB DDR3,96,4x5.59TB (HDD),22360,False,Unmetered @ 1 Gbps,"Amsterdam, NL",Netherlands,NL,187,EUR,230.0,https://valebyte.com/en/servers/scaleway-em-l105x-sata-amsterdam-nl/?utm_source=github&utm_medium=dataset&utm_campaign=dedicated-server-prices
Intel Xeon E5 1410 v2,"Intel Xeon E5 1410 v2, 4C/8T @ 2.8GHz",4,8,,96 GB DDR3,96,4x5.59TB (HDD),22360,False,Unmetered @ 1 Gbps,"Warsaw, PL",Poland,PL,187,EUR,230.0,https://valebyte.com/en/servers/scaleway-em-l105x-sata-warsaw-pl/?utm_source=github&utm_medium=dataset&utm_campaign=dedicated-server-prices
Intel Xeon Silver 4114 2.20GHz 2x 20 cores,Intel Xeon Silver 4114 2.20GHz 2x 20 cores,20,40,21179,96 GB DDR4,96,2 x 1 TB (NVMe SSD),2000,True,Unmetered @ 1 Gbps,"Paris, FR",France,FR,188,EUR,231.0,https://valebyte.com/en/servers/intel-xeon-silver-4114-2-20ghz-2x-20-96gb-2000gb-paris-fr-734c93/?utm_source=github&utm_medium=dataset&utm_campaign=dedicated-server-prices
AMD EPYC 8024P 2.40GHz 8 cores,AMD EPYC 8024P 2.40GHz 8 cores,8,16,20556,64 GB DDR5,64,2 x 960 GB (NVMe),1920,True,Unmetered @ 1 Gbps,"Amsterdam, NL",Netherlands,NL,188,EUR,231.0,https://valebyte.com/en/servers/amd-epyc-8024p-2-40ghz-8-64gb-1920gb-amsterdam-nl-f9f51d/?utm_source=github&utm_medium=dataset&utm_campaign=dedicated-server-prices
Intel Xeon E-2488 3.2GHz 8 cores,Intel Xeon E-2488 3.2GHz 8 cores,8,16,,16 GB DDR5,16,240 GB (SSD SATA),240,False,5 TB @ 1 Gbps,"Budapest, HU",Hungary,HU,188,EUR,231.0,https://valebyte.com/en/servers/intel-xeon-e-2488-32ghz-8-cores-budapest-hu/?utm_source=github&utm_medium=dataset&utm_campaign=dedicated-server-prices
Intel Xeon E-2488 3.2GHz 8 cores,Intel Xeon E-2488 3.2GHz 8 cores,8,16,,16 GB DDR5,16,240 GB (SSD SATA),240,False,5 TB @ 1 Gbps,"Rome, IT",Italy,IT,188,EUR,231.0,https://valebyte.com/en/servers/intel-xeon-e-2488-32ghz-8-cores-rome-it/?utm_source=github&utm_medium=dataset&utm_campaign=dedicated-server-prices
Intel Xeon E-2488 3.2GHz 8 cores,Intel Xeon E-2488 3.2GHz 8 cores,8,16,,16 GB DDR5,16,240 GB (SSD SATA),240,False,5 TB @ 1 Gbps,"Manchester, UK",UK,UK,188,EUR,231.0,https://valebyte.com/en/servers/intel-xeon-e-2488-32ghz-8-cores-manchester-uk/?utm_source=github&utm_medium=dataset&utm_campaign=dedicated-server-prices
Intel Xeon E-2488 3.2GHz 8 cores,Intel Xeon E-2488 3.2GHz 8 cores,8,16,,16 GB DDR5,16,240 GB (SSD SATA),240,False,5 TB @ 1 Gbps,"Madrid, ES",Spain,ES,188,EUR,231.0,https://valebyte.com/en/servers/intel-xeon-e-2488-32ghz-8-cores-madrid-es/?utm_source=github&utm_medium=dataset&utm_campaign=dedicated-server-prices
Intel Xeon E-2488 3.2GHz 8 cores,Intel Xeon E-2488 3.2GHz 8 cores,8,16,,16 GB DDR5,16,240 GB (SSD SATA),240,False,5 TB @ 1 Gbps,"Oslo, NO",Norway,NO,188,EUR,231.0,https://valebyte.com/en/servers/intel-xeon-e-2488-32ghz-8-cores-oslo-no/?utm_source=github&utm_medium=dataset&utm_campaign=dedicated-server-prices
Intel Xeon E-2488 3.2GHz 8 cores,Intel Xeon E-2488 3.2GHz 8 cores,8,16,,16 GB DDR5,16,240 GB (SSD SATA),240,False,5 TB @ 1 Gbps,"Vienna, AT",Austria,AT,188,EUR,231.0,https://valebyte.com/en/servers/intel-xeon-e-2488-32ghz-8-cores-vienna-at/?utm_source=github&utm_medium=dataset&utm_campaign=dedicated-server-prices
Intel Xeon E-2488 3.2GHz 8 cores,Intel Xeon E-2488 3.2GHz 8 cores,8,16,,16 GB DDR5,16,240 GB (SSD SATA),240,False,5 TB @ 1 Gbps,"Bratislava, SK",Slovakia,SK,188,EUR,231.0,https://valebyte.com/en/servers/intel-xeon-e-2488-32ghz-8-cores-bratislava-sk/?utm_source=github&utm_medium=dataset&utm_campaign=dedicated-server-prices
Intel Xeon E-2488 3.2GHz 8 cores,Intel Xeon E-2488 3.2GHz 8 cores,8,16,,16 GB DDR5,16,240 GB (SSD SATA),240,False,5 TB @ 1 Gbps,"Sofia, BG",Bulgaria,BG,188,EUR,231.0,https://valebyte.com/en/servers/intel-xeon-e-2488-32ghz-8-cores-sofia-bg/?utm_source=github&utm_medium=dataset&utm_campaign=dedicated-server-prices
Intel Xeon E-2488 3.2GHz 8 cores,Intel Xeon E-2488 3.2GHz 8 cores,8,16,,16 GB DDR5,16,240 GB (SSD SATA),240,False,5 TB @ 1 Gbps,"Zurich, CH",Switzerland,CH,188,EUR,231.0,https://valebyte.com/en/servers/intel-xeon-e-2488-32ghz-8-cores-zurich-ch/?utm_source=github&utm_medium=dataset&utm_campaign=dedicated-server-prices
Intel Xeon E-2488 3.2GHz 8 cores,Intel Xeon E-2488 3.2GHz 8 cores,8,16,,16 GB DDR5,16,240 GB (SSD SATA),240,False,5 TB @ 1 Gbps,"Barcelona, ES",Spain,ES,188,EUR,231.0,https://valebyte.com/en/servers/intel-xeon-e-2488-32ghz-8-cores-barcelona-es/?utm_source=github&utm_medium=dataset&utm_campaign=dedicated-server-prices
Intel Xeon E-2488 3.2GHz 8 cores,Intel Xeon E-2488 3.2GHz 8 cores,8,16,,16 GB DDR5,16,240 GB (SSD SATA),240,False,5 TB @ 1 Gbps,"Belgrade, RS",Serbia,RS,188,EUR,231.0,https://valebyte.com/en/servers/intel-xeon-e-2488-32ghz-8-cores-belgrade-rs/?utm_source=github&utm_medium=dataset&utm_campaign=dedicated-server-prices
Intel Xeon E-2488 3.2GHz 8 cores,Intel Xeon E-2488 3.2GHz 8 cores,8,16,,16 GB DDR5,16,240 GB (SSD SATA),240,False,5 TB @ 1 Gbps,"Prague, CZ",Czechia (Czech Republic),CZ,188,EUR,231.0,https://valebyte.com/en/servers/intel-xeon-e-2488-32ghz-8-cores-prague-cz/?utm_source=github&utm_medium=dataset&utm_campaign=dedicated-server-prices
Intel Xeon E-2488 3.2GHz 8 cores,Intel Xeon E-2488 3.2GHz 8 cores,8,16,,16 GB DDR5,16,240 GB (SSD SATA),240,False,5 TB @ 1 Gbps,"Stockholm, SE",Sweden,SE,188,EUR,231.0,https://valebyte.com/en/servers/intel-xeon-e-2488-32ghz-8-cores-stockholm-se/?utm_source=github&utm_medium=dataset&utm_campaign=dedicated-server-prices
Intel Xeon E-2488 3.2GHz 8 cores,Intel Xeon E-2488 3.2GHz 8 cores,8,16,,16 GB DDR5,16,240 GB (SSD SATA),240,False,5 TB @ 1 Gbps,"Milan, IT",Italy,IT,188,EUR,231.0,https://valebyte.com/en/servers/intel-xeon-e-2488-32ghz-8-cores-milan-it/?utm_source=github&utm_medium=dataset&utm_campaign=dedicated-server-prices
Intel Xeon E-2488 3.2GHz 8 cores,Intel Xeon E-2488 3.2GHz 8 cores,8,16,,16 GB DDR5,16,240 GB (SSD SATA),240,False,5 TB @ 1 Gbps,"Bucharest, RO",Romania,RO,188,EUR,231.0,https://valebyte.com/en/servers/intel-xeon-e-2488-32ghz-8-cores-bucharest-ro/?utm_source=github&utm_medium=dataset&utm_campaign=dedicated-server-prices
Intel Xeon E-2488 3.2GHz 8 cores,Intel Xeon E-2488 3.2GHz 8 cores,8,16,,16 GB DDR5,16,240 GB (SSD SATA),240,False,5 TB @ 1 Gbps,"Dublin, IE",Ireland,IE,188,EUR,231.0,https://valebyte.com/en/servers/intel-xeon-e-2488-32ghz-8-cores-dublin-ie/?utm_source=github&utm_medium=dataset&utm_campaign=dedicated-server-prices
Intel Xeon E-2488 3.2GHz 8 cores,Intel Xeon E-2488 3.2GHz 8 cores,8,16,,16 GB DDR5,16,240 GB (SSD SATA),240,False,5 TB @ 1 Gbps,"Brussels, BE",Belgium,BE,188,EUR,231.0,https://valebyte.com/en/servers/intel-xeon-e-2488-32ghz-8-cores-brussels-be/?utm_source=github&utm_medium=dataset&utm_campaign=dedicated-server-prices
AMD EPYC 8024P 2.40GHz 8 cores,AMD EPYC 8024P 2.40GHz 8 cores,8,16,20556,64 GB DDR5,64,2 x 960 GB (NVMe),1920,True,Unmetered @ 1 Gbps,"Paris, FR",France,FR,188,EUR,231.0,https://valebyte.com/en/servers/amd-epyc-8024p-2-40ghz-8-64gb-1920gb-paris-fr-fbb105/?utm_source=github&utm_medium=dataset&utm_campaign=dedicated-server-prices
Intel Xeon E5 2620v4 2.10GHz 2x 16 cores,Intel Xeon E5 2620v4 2.10GHz 2x 16 cores,16,32,15897,128 GB DDR4,128,2 x 6 TB (HDD SATA),12000,False,Unmetered @ 500 Mbps,"Paris, FR",France,FR,188,EUR,231.0,https://valebyte.com/en/servers/intel-xeon-e5-2620v4-2-10ghz-2x-16-128gb-12000gb-paris-fr-8f8f4a/?utm_source=github&utm_medium=dataset&utm_campaign=dedicated-server-prices
AMD EPYC 7281 2.10GHz 16 cores,AMD EPYC 7281 2.10GHz 16 cores,16,32,21230,96 GB DDR4,96,2 x 1 TB (NVMe SSD),2000,True,Unmetered @ 1 Gbps,"Paris, FR",France,FR,188,EUR,231.0,https://valebyte.com/en/servers/amd-epyc-7281-2-10ghz-16-96gb-2000gb-paris-fr-ff9b65/?utm_source=github&utm_medium=dataset&utm_campaign=dedicated-server-prices
AMD EPYC 8024P 2.40GHz 8 cores,AMD EPYC 8024P 2.40GHz 8 cores,8,16,20556,64 GB DDR5,64,2 x 960 GB (NVMe),1920,True,Unmetered @ 1 Gbps,"Warsaw, PL",Poland,PL,188,EUR,231.0,https://valebyte.com/en/servers/amd-epyc-8024p-2-40ghz-8-64gb-1920gb-warsaw-pl-3d21c5/?utm_source=github&utm_medium=dataset&utm_campaign=dedicated-server-prices
AMD EPYC 7543,AMD EPYC 7543,32,64,,64GB ECC REG DDR4,64,2x 500 GB (NVMe),1000,True,100TB @ 3Gbps,"Chicago, US",United States,US,232,USD,232.0,https://valebyte.com/en/servers/amd-epyc-7543-chicago-us/?utm_source=github&utm_medium=dataset&utm_campaign=dedicated-server-prices
E5-1650v3,E5-1650v3,6,12,,64GB ECC REG DDR4 ,64,2x 250 GB (SSD),500,False,30TB @ 1Gbps,"Siauliai, LT",Lithuania,LT,232,USD,232.0,https://valebyte.com/en/servers/e5-1650v3-siauliai-lt/?utm_source=github&utm_medium=dataset&utm_campaign=dedicated-server-prices
AMD Ryzen 9 5900X 3.7GHz 12 cores,AMD Ryzen 9 5900X 3.7GHz 12 cores,12,24,,32 GB DDR4,32,2x 512 GB (SSD NVMe),1024,True,25 TB @ 1 Gbps,"Singapore, SG",Singapore,SG,190,EUR,234.0,https://valebyte.com/en/servers/amd-ryzen-9-5900x-37ghz-12-cores-singapore-sg/?utm_source=github&utm_medium=dataset&utm_campaign=dedicated-server-prices
Intel Xeon E-2388G 3.2GHz 8 cores,Intel Xeon E-2388G 3.2GHz 8 cores,8,16,,32 GB DDR4,32,2x 512 GB (SSD NVMe),1024,True,25 TB @ 1 Gbps,"Mumbai, IN",India,IN,190,EUR,234.0,https://valebyte.com/en/servers/intel-xeon-e-2388g-32ghz-8-cores-mumbai-in/?utm_source=github&utm_medium=dataset&utm_campaign=dedicated-server-prices
Intel Xeon E5-2650 v4 2.2GHz 12 cores,Intel Xeon E5-2650 v4 2.2GHz 12 cores,12,24,,64 GB DDR4,64,2x 10 TB (HDD SATA),20000,False,10 TB @ 10 Gbps,"Singapore, SG",Singapore,SG,190,EUR,234.0,https://valebyte.com/en/servers/intel-xeon-e5-2650-v4-22ghz-12-cores-singapore-sg/?utm_source=github&utm_medium=dataset&utm_campaign=dedicated-server-prices
Intel Xeon E5-2650 v4 2.2GHz 12 cores,Intel Xeon E5-2650 v4 2.2GHz 12 cores,12,24,,64 GB DDR4,64,2x 10 TB (HDD SATA),20000,False,10 TB @ 10 Gbps,"Tokyo, JP",Japan,JP,190,EUR,234.0,https://valebyte.com/en/servers/intel-xeon-e5-2650-v4-22ghz-12-cores-tokyo-jp/?utm_source=github&utm_medium=dataset&utm_campaign=dedicated-server-prices
Intel Xeon E3-1240 v6 3.7GHz 4 cores,Intel Xeon E3-1240 v6 3.7GHz 4 cores,4,8,,16 GB DDR4,16,250 GB (HDD SATA),250,False,5 TB @ 100 Mbps,"San Jose, CR",Costa Rica,CR,190,EUR,234.0,https://valebyte.com/en/servers/intel-xeon-e3-1240-v6-37ghz-4-cores-san-jose-cr/?utm_source=github&utm_medium=dataset&utm_campaign=dedicated-server-prices
Intel Xeon E-2276G 3.8GHz 6 cores,Intel Xeon E-2276G 3.8GHz 6 cores,6,12,,32 GB DDR4,32,500 GB (HDD SATA),500,False,20 TB @ 1 Gbps,"Luxembourg, LU",Luxembourg,LU,191,EUR,235.0,https://valebyte.com/en/servers/intel-xeon-e-2276g-38ghz-6-cores-luxembourg-lu/?utm_source=github&utm_medium=dataset&utm_campaign=dedicated-server-prices
Intel Xeon E5-2650 v4 2.2GHz 12 cores,Intel Xeon E5-2650 v4 2.2GHz 12 cores,12,24,,16 GB DDR4,16,1 TB (SSD SATA),1000,False,10 TB @ 1 Gbps,"Stockholm, SE",Sweden,SE,191,EUR,235.0,https://valebyte.com/en/servers/intel-xeon-e5-2650-v4-22ghz-12-cores-stockholm-se/?utm_source=github&utm_medium=dataset&utm_campaign=dedicated-server-prices
Intel Xeon E-2356G 3.2GHz 6 cores,Intel Xeon E-2356G 3.2GHz 6 cores,6,12,,32 GB DDR4,32,2x 480 GB (SSD SATA),960,False,50 TB @ 10 Gbps,"Sofia, BG",Bulgaria,BG,191,EUR,235.0,https://valebyte.com/en/servers/intel-xeon-e-2356g-32ghz-6-cores-sofia-bg/?utm_source=github&utm_medium=dataset&utm_campaign=dedicated-server-prices
Intel Xeon E5 1410 v2 2.80GHz 4 cores,Intel Xeon E5 1410 v2 2.80GHz 4 cores,4,8,5715,96 GB DDR3,96,4 x 12 TB (HDD),48000,False,Unmetered @ 1 Gbps,"Warsaw, PL",Poland,PL,191,EUR,235.0,https://valebyte.com/en/servers/intel-xeon-e5-1410-v2-2-80ghz-4-96gb-48001gb-warsaw-pl-5a1632/?utm_source=github&utm_medium=dataset&utm_campaign=dedicated-server-prices
Intel Xeon E5 1410 v2 2.80GHz 4 cores,Intel Xeon E5 1410 v2 2.80GHz 4 cores,4,8,5715,96 GB DDR3,96,4 x 12 TB (HDD),48000,False,Unmetered @ 1 Gbps,"Paris, FR",France,FR,191,EUR,235.0,https://valebyte.com/en/servers/intel-xeon-e5-1410-v2-2-80ghz-4-96gb-48001gb-paris-fr-60f8ea/?utm_source=github&utm_medium=dataset&utm_campaign=dedicated-server-prices
Intel Xeon E5 1410 v2 2.80GHz 4 cores,Intel Xeon E5 1410 v2 2.80GHz 4 cores,4,8,5715,96 GB DDR3,96,4 x 12 TB (HDD),48000,False,Unmetered @ 1 Gbps,"Amsterdam, NL",Netherlands,NL,191,EUR,235.0,https://valebyte.com/en/servers/intel-xeon-e5-1410-v2-2-80ghz-4-96gb-48001gb-amsterdam-nl-2c03a2/?utm_source=github&utm_medium=dataset&utm_campaign=dedicated-server-prices
Intel Xeon E-2246G 3.6GHz 6 cores,Intel Xeon E-2246G 3.6GHz 6 cores,6,12,,32 GB DDR4,32,2x 1 TB (HDD SATA),2000,False,Unmetered @ 1 Gbps,"Riga, LV",Latvia,LV,191,EUR,235.0,https://valebyte.com/en/servers/intel-xeon-e-2246g-36ghz-6-cores-riga-lv/?utm_source=github&utm_medium=dataset&utm_campaign=dedicated-server-prices
AMD Ryzen 9 9900X 4.4GHz 12 cores,AMD Ryzen 9 9900X 4.4GHz 12 cores,12,24,,64 GB DDR5,64,2x 960 GB (SSD NVMe),1920,True,100 TB @ 1 Gbps,"Amsterdam, NL",Netherlands,NL,192,EUR,236.0,https://valebyte.com/en/servers/amd-ryzen-9-9900x-44ghz-12-cores-amsterdam-nl/?utm_source=github&utm_medium=dataset&utm_campaign=dedicated-server-prices
Intel Xeon E-2334 3.4GHz 4 cores,Intel Xeon E-2334 3.4GHz 4 cores,4,8,,32 GB DDR4,32,2x 960 GB (SSD NVMe),1920,True,100 TB @ 10 Gbps,"Zurich, CH",Switzerland,CH,192,EUR,236.0,https://valebyte.com/en/servers/intel-xeon-e-2334-34ghz-4-cores-zurich-ch/?utm_source=github&utm_medium=dataset&utm_campaign=dedicated-server-prices
[Dual] Intel Xeon E5-2640 v4 2.4GHz 10 cores,[Dual] Intel Xeon E5-2640 v4 2.4GHz 10 cores,10,20,,192 GB DDR3,192,3x 6 TB (HDD SATA),18000,False,Unmetered @ 1 Gbps,"Paris, FR",France,FR,192,EUR,236.0,https://valebyte.com/en/servers/dual-intel-xeon-e5-2640-v4-24ghz-10-cores-paris-fr/?utm_source=github&utm_medium=dataset&utm_campaign=dedicated-server-prices
Intel Xeon E-2456 3.3GHz 6 cores,Intel Xeon E-2456 3.3GHz 6 cores,6,12,,16 GB DDR5,16,240 GB (SSD SATA),240,False,5 TB @ 1 Gbps,"Helsinki, FI",Finland,FI,193,EUR,237.0,https://valebyte.com/en/servers/intel-xeon-e-2456-33ghz-6-cores-helsinki-fi/?utm_source=github&utm_medium=dataset&utm_campaign=dedicated-server-prices
AMD Epyc 4545P 128GB,AMD Epyc 4545P,16,32,,128GB DDR5,128,2TB NVMe,2000,True,1 Gbps Unmetered,"New York, US",United States,US,239,USD,239.0,https://valebyte.com/en/servers/amd-epyc-4545p-128gb-new-york-us/?utm_source=github&utm_medium=dataset&utm_campaign=dedicated-server-prices
AMD Epyc 4545P 128GB,AMD Epyc 4545P,16,32,,128GB DDR5,128,2TB NVMe,2000,True,1 Gbps Unmetered,"Los Angeles, US",United States,US,239,USD,239.0,https://valebyte.com/en/servers/amd-epyc-4545p-128gb-los-angeles-us/?utm_source=github&utm_medium=dataset&utm_campaign=dedicated-server-prices
AMD Epyc 4545P 128GB,AMD Epyc 4545P,16,32,,128GB DDR5,128,2TB NVMe,2000,True,1 Gbps Unmetered,"NL, US",United States,US,239,USD,239.0,https://valebyte.com/en/servers/amd-epyc-4545p-128gb-nl-us/?utm_source=github&utm_medium=dataset&utm_campaign=dedicated-server-prices
AMD Epyc 4545P 128GB,AMD Epyc 4545P,16,32,,128GB DDR5,128,2TB NVMe,2000,True,1 Gbps Unmetered,"Miami, US",United States,US,239,USD,239.0,https://valebyte.com/en/servers/amd-epyc-4545p-128gb-miami-us/?utm_source=github&utm_medium=dataset&utm_campaign=dedicated-server-prices
Intel Xeon E5-2620 2GHz 6 cores,Intel Xeon E5-2620 2GHz 6 cores,6,12,,32 GB DDR3,32,2x 1 TB (HDD SATA),2000,False,Unmetered @ 100 Mbps,"Hanoi, VN",Vietnam,VN,196,EUR,241.0,https://valebyte.com/en/servers/intel-xeon-e5-2620-2ghz-6-cores-hanoi-vn/?utm_source=github&utm_medium=dataset&utm_campaign=dedicated-server-prices
AMD Ryzen 7 3700X 3.6GHz 8 cores,AMD Ryzen 7 3700X 3.6GHz 8 cores,8,16,,128 GB DDR4,128,2x 500 GB (SSD SATA),1000,False,100 TB @ 1 Gbps,"Hong Kong, HK",Hong Kong,HK,196,EUR,241.0,https://valebyte.com/en/servers/amd-ryzen-7-3700x-36ghz-8-cores-hong-kong-hk/?utm_source=github&utm_medium=dataset&utm_campaign=dedicated-server-prices
Intel Xeon E5-2620 2GHz 6 cores,Intel Xeon E5-2620 2GHz 6 cores,6,12,,32 GB DDR3,32,2x 1 TB (HDD SATA),2000,False,Unmetered @ 100 Mbps,"Ho Chi Minh City, VN",Vietnam,VN,196,EUR,241.0,https://valebyte.com/en/servers/intel-xeon-e5-2620-2ghz-6-cores-ho-chi-minh-city-vn/?utm_source=github&utm_medium=dataset&utm_campaign=dedicated-server-prices
Intel Xeon E-2388G 3.2GHz 8 cores,Intel Xeon E-2388G 3.2GHz 8 cores,8,16,,32 GB DDR4,32,2x 512 GB (SSD NVMe),1024,True,25 TB @ 1 Gbps,"Singapore, SG",Singapore,SG,196,EUR,241.0,https://valebyte.com/en/servers/intel-xeon-e-2388g-32ghz-8-cores-singapore-sg/?utm_source=github&utm_medium=dataset&utm_campaign=dedicated-server-prices
AMD EPYC 4344P 3.8GHz 8 cores,AMD EPYC 4344P 3.8GHz 8 cores,8,16,,64 GB DDR5 ECC,64,4x 7.68 TB (NVME SoftRAID),30720,True,Unmetered @ 500 Mbps,"Mumbai, IN",India,IN,197,EUR,242.0,https://valebyte.com/en/servers/amd-epyc-4344p-38ghz-8-cores-mumbai-in-3/?utm_source=github&utm_medium=dataset&utm_campaign=dedicated-server-prices
AMD EPYC 4344P 3.8GHz 8 cores,AMD EPYC 4344P 3.8GHz 8 cores,8,16,,128 GB DDR4 ECC,128,2x 960 GB + 2x 7.68 TB (NVME Hybrid SoftRAID),17280,True,Unmetered @ 500 Mbps,"Singapore, SG",Singapore,SG,197,EUR,242.0,https://valebyte.com/en/servers/amd-epyc-4344p-38ghz-8-cores-singapore-sg-3/?utm_source=github&utm_medium=dataset&utm_campaign=dedicated-server-prices
AMD EPYC 4344P 3.8GHz 8 cores,AMD EPYC 4344P 3.8GHz 8 cores,8,16,,192 GB DDR4 ECC,192,4x 960 GB (NVME SoftRAID),3840,True,Unmetered @ 500 Mbps,"Sydney, AU",Australia,AU,197,EUR,242.0,https://valebyte.com/en/servers/amd-epyc-4344p-38ghz-8-cores-sydney-au-4/?utm_source=github&utm_medium=dataset&utm_campaign=dedicated-server-prices
Intel Xeon E5 2670 v2 2.50GHz 2x 20 cores,Intel Xeon E5 2670 v2 2.50GHz 2x 20 cores,20,40,11369,256 GB DDR3,256,2 x 12 TB (HDD),24000,False,Unmetered @ 1 Gbps,"Paris, FR",France,FR,198,EUR,243.0,https://valebyte.com/en/servers/intel-xeon-e5-2670-v2-2-50ghz-2x-20-256gb-24000gb-paris-fr-b7b90a/?utm_source=github&utm_medium=dataset&utm_campaign=dedicated-server-prices
Intel Xeon E5 2670 v2 2.50GHz 2x 20 cores,Intel Xeon E5 2670 v2 2.50GHz 2x 20 cores,20,40,11369,256 GB DDR3,256,2 x 1.02 TB (SSD),2040,False,Unmetered @ 1 Gbps,"Amsterdam, NL",Netherlands,NL,198,EUR,243.0,https://valebyte.com/en/servers/intel-xeon-e5-2670-v2-2-50ghz-2x-20-256gb-2048gb-amsterdam-nl-8ea10e/?utm_source=github&utm_medium=dataset&utm_campaign=dedicated-server-prices
Intel Xeon E5 2670 v2 2.50GHz 2x 20 cores,Intel Xeon E5 2670 v2 2.50GHz 2x 20 cores,20,40,11369,256 GB DDR3,256,2 x 1.02 TB (SSD),2040,False,Unmetered @ 1 Gbps,"Paris, FR",France,FR,198,EUR,243.0,https://valebyte.com/en/servers/intel-xeon-e5-2670-v2-2-50ghz-2x-20-256gb-2048gb-paris-fr-2d5b64/?utm_source=github&utm_medium=dataset&utm_campaign=dedicated-server-prices
Intel Xeon E-2236 3.4GHz 6 cores,Intel Xeon E-2236 3.4GHz 6 cores,6,12,,32 GB DDR4,32,4x 8 TB (HDD SATA),32000,False,Unmetered @ 1 Gbps,"Amsterdam, NL",Netherlands,NL,198,EUR,243.0,https://valebyte.com/en/servers/intel-xeon-e-2236-34ghz-6-cores-amsterdam-nl-2/?utm_source=github&utm_medium=dataset&utm_campaign=dedicated-server-prices
Intel Xeon E-2436 2.9GHz 6 cores,Intel Xeon E-2436 2.9GHz 6 cores,6,12,,32 GB DDR5,32,2x 960 GB (SSD NVMe),1920,True,30 TB @ 10 Gbps,"Glasgow, UK",UK,UK,198,EUR,243.0,https://valebyte.com/en/servers/intel-xeon-e-2436-29ghz-6-cores-glasgow-uk/?utm_source=github&utm_medium=dataset&utm_campaign=dedicated-server-prices
E5-1650v4,E5-1650v4,6,12,,64GB ECC REG DDR4 ,64,2x 500 GB (SSD),1000,False,30TB @ 3Gbps,"Siauliai, LT",Lithuania,LT,245,USD,245.0,https://valebyte.com/en/servers/e5-1650v4-siauliai-lt/?utm_source=github&utm_medium=dataset&utm_campaign=dedicated-server-prices
AMD Ryzen 9700X,AMD Ryzen 9700X,8,16,,96GB DDR5,96,2x 1 TB (NVMe),2000,True,100TB @ 10Gbps,"Chicago, US",United States,US,245,USD,245.0,https://valebyte.com/en/servers/amd-ryzen-9700x-chicago-us/?utm_source=github&utm_medium=dataset&utm_campaign=dedicated-server-prices
AMD EPYC 7351p 2.4GHz 16 cores,AMD EPYC 7351p 2.4GHz 16 cores,16,32,,64 GB DDR4,64,480 GB (SSD SATA),480,False,Unmetered @ 1 Gbps,"Vancouver, CA",Canada,CA,200,EUR,246.0,https://valebyte.com/en/servers/amd-epyc-7351p-24ghz-16-cores-vancouver-ca/?utm_source=github&utm_medium=dataset&utm_campaign=dedicated-server-prices
Apple M2 Pro 3.50GHz 10 cores,Apple M2 Pro 3.50GHz 10 cores,10,10,,16 GB LPDDR5,16,1 x 512 GB (SSD),512,False,Unmetered @ 1 Gbps,"Paris, FR",France,FR,201,EUR,247.0,https://valebyte.com/en/servers/apple-m2-pro-3-50ghz-10-16gb-512gb-paris-fr-347caf/?utm_source=github&utm_medium=dataset&utm_campaign=dedicated-server-prices
Apple M2 Pro for Asahi 3.50GHz 10 cores,Apple M2 Pro for Asahi 3.50GHz 10 cores,10,10,,16 GB LPDDR5,16,1 x 412 GB (SSD),412,False,Unmetered @ 1 Gbps,"Paris, FR",France,FR,201,EUR,247.0,https://valebyte.com/en/servers/apple-m2-pro-for-asahi-3-50ghz-10-16gb-412gb-paris-fr-a177d7/?utm_source=github&utm_medium=dataset&utm_campaign=dedicated-server-prices
[Dual] Intel Xeon E5-2620 v4 2GHz 8 cores,[Dual] Intel Xeon E5-2620 v4 2GHz 8 cores,8,16,,128 GB DDR4,128,4x 8 TB (HDD SATA),32000,False,Unmetered @ 1 Gbps,"Montreal, CA",Canada,CA,202,EUR,248.0,https://valebyte.com/en/servers/dual-intel-xeon-e5-2620-v4-2ghz-8-cores-montreal-ca/?utm_source=github&utm_medium=dataset&utm_campaign=dedicated-server-prices
Intel Xeon E-2234 3.6GHz 4 cores,Intel Xeon E-2234 3.6GHz 4 cores,4,8,,32 GB DDR4,32,1 TB (HDD SATA),1000,False,5 TB @ 1 Gbps,"Taipei, TW",Taiwan,TW,202,EUR,248.0,https://valebyte.com/en/servers/intel-xeon-e-2234-36ghz-4-cores-taipei-tw/?utm_source=github&utm_medium=dataset&utm_campaign=dedicated-server-prices
Intel Xeon Silver 4114 2.20GHz 2x 20 cores,Intel Xeon Silver 4114 2.20GHz 2x 20 cores,20,40,21179,128 GB DDR4,128,2 x 1 TB (NVMe SSD),2000,True,Unmetered @ 1 Gbps,"Paris, FR",France,FR,202,EUR,248.0,https://valebyte.com/en/servers/intel-xeon-silver-4114-2-20ghz-2x-20-128gb-2000gb-paris-fr-4f6d64/?utm_source=github&utm_medium=dataset&utm_campaign=dedicated-server-prices
AMD EPYC 7402P 2.8GHz 24 cores,AMD EPYC 7402P 2.8GHz 24 cores,24,48,,64 GB DDR4,64,2x 480 GB (SSD SATA),960,False,Unmetered @ 1 Gbps,"Dusseldorf, DE",Germany,DE,202,EUR,248.0,https://valebyte.com/en/servers/amd-epyc-7402p-28ghz-24-cores-dusseldorf-de/?utm_source=github&utm_medium=dataset&utm_campaign=dedicated-server-prices
AMD Ryzen 5 5600X 3.7GHz 6 cores,AMD Ryzen 5 5600X 3.7GHz 6 cores,6,12,,32 GB DDR4,32,500 GB (SSD SATA),500,False,Unmetered @ 1 Gbps,"Budapest, HU",Hungary,HU,203,EUR,250.0,https://valebyte.com/en/servers/amd-ryzen-5-5600x-37ghz-6-cores-budapest-hu/?utm_source=github&utm_medium=dataset&utm_campaign=dedicated-server-prices
Intel Xeon E3-1230 v5 3GHz 4 cores,Intel Xeon E3-1230 v5 3GHz 4 cores,4,8,,32 GB DDR4,32,2x 1 TB (HDD SATA),2000,False,10 TB @ 1 Gbps,"Bratislava, SK",Slovakia,SK,203,EUR,250.0,https://valebyte.com/en/servers/intel-xeon-e3-1230-v5-3ghz-4-cores-bratislava-sk-1/?utm_source=github&utm_medium=dataset&utm_campaign=dedicated-server-prices
Intel Xeon E5-2637 v4 3.5GHz 4 cores,Intel Xeon E5-2637 v4 3.5GHz 4 cores,4,8,,32 GB DDR4,32,2x 500 GB (SSD SATA),1000,False,25 TB @ 1 Gbps,"Lisbon, PT",Portugal,PT,203,EUR,250.0,https://valebyte.com/en/servers/intel-xeon-e5-2637-v4-35ghz-4-cores-lisbon-pt-1/?utm_source=github&utm_medium=dataset&utm_campaign=dedicated-server-prices
Intel Xeon E3-1230 v5 3GHz 4 cores,Intel Xeon E3-1230 v5 3GHz 4 cores,4,8,,32 GB DDR4,32,2x 1 TB (HDD SATA),2000,False,10 TB @ 1 Gbps,"Prague, CZ",Czechia (Czech Republic),CZ,203,EUR,250.0,https://valebyte.com/en/servers/intel-xeon-e3-1230-v5-3ghz-4-cores-prague-cz-1/?utm_source=github&utm_medium=dataset&utm_campaign=dedicated-server-prices
AMD EPYC 4465P 3.4GHz 12 cores,AMD EPYC 4465P 3.4GHz 12 cores,12,24,,64 GB DDR5,64,2x 960 GB (SSD NVMe),1920,True,50 TB @ 1 Gbps,"Amsterdam, NL",Netherlands,NL,204,EUR,251.0,https://valebyte.com/en/servers/amd-epyc-4465p-34ghz-12-cores-amsterdam-nl/?utm_source=github&utm_medium=dataset&utm_campaign=dedicated-server-prices
Intel Core i9-13900,Intel Core i9-13900,,,,64 GB DDR5 ECC,64,4x 1.9 TB (NVMe),3800,True,Unmetered @ 1 Gbps,"Helsinki, Finland",Finland,FI,204,EUR,251.0,https://valebyte.com/en/servers/intel-core-i9-13900-helsinki-finland/?utm_source=github&utm_medium=dataset&utm_campaign=dedicated-server-prices
[Dual] Intel Xeon Gold 6132 2.6GHz 14 cores,[Dual] Intel Xeon Gold 6132 2.6GHz 14 cores,14,28,,96 GB DDR4,96,2x 960 GB (SSD NVMe),1920,True,Unmetered @ 1 Gbps,"Lille, FR",France,FR,204,EUR,251.0,https://valebyte.com/en/servers/dual-intel-xeon-gold-6132-26ghz-14-cores-lille-fr/?utm_source=github&utm_medium=dataset&utm_campaign=dedicated-server-prices
AMD EPYC 8024P 2.4GHz 8 cores,AMD EPYC 8024P 2.4GHz 8 cores,8,16,,64 GB DDR5,64,2x 1 TB (SSD NVMe),2000,True,Unmetered @ 1 Gbps,"Amsterdam, NL",Netherlands,NL,204,EUR,251.0,https://valebyte.com/en/servers/amd-epyc-8024p-24ghz-8-cores-amsterdam-nl/?utm_source=github&utm_medium=dataset&utm_campaign=dedicated-server-prices
AMD EPYC 8024P 2.4GHz 8 cores,AMD EPYC 8024P 2.4GHz 8 cores,8,16,,64 GB DDR5,64,2x 1 TB (SSD NVMe),2000,True,Unmetered @ 1 Gbps,"Paris, FR",France,FR,204,EUR,251.0,https://valebyte.com/en/servers/amd-epyc-8024p-24ghz-8-cores-paris-fr/?utm_source=github&utm_medium=dataset&utm_campaign=dedicated-server-prices
AMD EPYC 8024P 2.4GHz 8 cores,AMD EPYC 8024P 2.4GHz 8 cores,8,16,,64 GB DDR5,64,2x 1 TB (SSD NVMe),2000,True,Unmetered @ 1 Gbps,"Warsaw, PL",Poland,PL,204,EUR,251.0,https://valebyte.com/en/servers/amd-epyc-8024p-24ghz-8-cores-warsaw-pl/?utm_source=github&utm_medium=dataset&utm_campaign=dedicated-server-prices
AMD Ryzen 7900 128GB,AMD Ryzen 7900,,,,128GB DDR5,128,2x2TB NVMe,4000,True,1 Gbps Unmetered,"Miami, US",United States,US,251,USD,251.0,https://valebyte.com/en/servers/amd-ryzen-7900-128gb-miami-us/?utm_source=github&utm_medium=dataset&utm_campaign=dedicated-server-prices
[Dual] Intel Xeon E5-2609 v4 1.7GHz 8 cores,[Dual] Intel Xeon E5-2609 v4 1.7GHz 8 cores,8,16,,16 GB DDR4,16,2x 2 TB (HDD SATA),4000,False,5 TB @ 1 Gbps,"Helsinki, FI",Finland,FI,205,EUR,252.0,https://valebyte.com/en/servers/dual-intel-xeon-e5-2609-v4-17ghz-8-cores-helsinki-fi/?utm_source=github&utm_medium=dataset&utm_campaign=dedicated-server-prices
Intel Core i9-12900K,Intel Core i9-12900K,,,,128 GB DDR4,128,2x 1.9 TB (NVMe),3800,True,Unmetered @ 1 Gbps,"Falkenstein, Germany",Germany,DE,206,EUR,253.0,https://valebyte.com/en/servers/intel-core-i9-12900k-falkenstein-germany/?utm_source=github&utm_medium=dataset&utm_campaign=dedicated-server-prices
AMD Ryzen 9900X,AMD Ryzen 9900X,12,24,,96GB DDR5,96,2x 1 TB (NVMe),2000,True,100TB @ 10Gbps,"Chicago, US",United States,US,255,USD,255.0,https://valebyte.com/en/servers/amd-ryzen-9900x-chicago-us/?utm_source=github&utm_medium=dataset&utm_campaign=dedicated-server-prices
Intel Xeon W-2295,Intel Xeon W-2295,,,,128 GB DDR4 ECC,128,2x 960 GB (NVMe),1920,True,Unmetered @ 1 Gbps,"Falkenstein, Germany",Germany,DE,207,EUR,255.0,https://valebyte.com/en/servers/intel-xeon-w-2295-falkenstein-germany/?utm_source=github&utm_medium=dataset&utm_campaign=dedicated-server-prices
Intel Xeon E5-1410 v2 2.8GHz 4 cores,Intel Xeon E5-1410 v2 2.8GHz 4 cores,4,8,,96 GB DDR3,96,4x 12 TB (HDD SATA),48000,False,Unmetered @ 1 Gbps,"Warsaw, PL",Poland,PL,207,EUR,255.0,https://valebyte.com/en/servers/intel-xeon-e5-1410-v2-28ghz-4-cores-warsaw-pl-3/?utm_source=github&utm_medium=dataset&utm_campaign=dedicated-server-prices
Intel Xeon E-2334 3.4GHz 4 cores,Intel Xeon E-2334 3.4GHz 4 cores,4,8,,32 GB DDR4,32,2x 960 GB (SSD NVMe),1920,True,100 TB @ 10 Gbps,"Tokyo, JP",Japan,JP,207,EUR,255.0,https://valebyte.com/en/servers/intel-xeon-e-2334-34ghz-4-cores-tokyo-jp/?utm_source=github&utm_medium=dataset&utm_campaign=dedicated-server-prices
AMD Ryzen 9900X,AMD Ryzen 9900X,12,24,,96GB DDR5,96,2x 1 TB (NVMe),2000,True,100TB @ 10Gbps,"Amsterdam, NL",Netherlands,NL,255,USD,255.0,https://valebyte.com/en/servers/amd-ryzen-9900x-amsterdam-nl/?utm_source=github&utm_medium=dataset&utm_campaign=dedicated-server-prices
Intel Xeon E5-1410 v2 2.8GHz 4 cores,Intel Xeon E5-1410 v2 2.8GHz 4 cores,4,8,,96 GB DDR3,96,4x 12 TB (HDD SATA),48000,False,Unmetered @ 1 Gbps,"Paris, FR",France,FR,207,EUR,255.0,https://valebyte.com/en/servers/intel-xeon-e5-1410-v2-28ghz-4-cores-paris-fr-8/?utm_source=github&utm_medium=dataset&utm_campaign=dedicated-server-prices
Intel Xeon E5-1410 v2 2.8GHz 4 cores,Intel Xeon E5-1410 v2 2.8GHz 4 cores,4,8,,96 GB DDR3,96,4x 12 TB (HDD SATA),48000,False,Unmetered @ 1 Gbps,"Amsterdam, NL",Netherlands,NL,207,EUR,255.0,https://valebyte.com/en/servers/intel-xeon-e5-1410-v2-28ghz-4-cores-amsterdam-nl-3/?utm_source=github&utm_medium=dataset&utm_campaign=dedicated-server-prices
[Dual] Intel Xeon E5-2630 v4 2.2GHz 10 cores,[Dual] Intel Xeon E5-2630 v4 2.2GHz 10 cores,10,20,,128 GB DDR4,128,2x 2 TB (SSD SATA),4000,False,100 TB @ 10 Gbps,"Montreal, CA",Canada,CA,207,EUR,255.0,https://valebyte.com/en/servers/dual-intel-xeon-e5-2630-v4-22ghz-10-cores-montreal-ca-1/?utm_source=github&utm_medium=dataset&utm_campaign=dedicated-server-prices
Intel Xeon E-2246G 3.6GHz 6 cores,Intel Xeon E-2246G 3.6GHz 6 cores,6,12,,64 GB DDR4,64,2x 480 GB (SSD SATA),960,False,50 TB @ 10 Gbps,"Sofia, BG",Bulgaria,BG,209,EUR,257.0,https://valebyte.com/en/servers/intel-xeon-e-2246g-36ghz-6-cores-sofia-bg/?utm_source=github&utm_medium=dataset&utm_campaign=dedicated-server-prices
E5-1660v3,E5-1660v3,8,16,,64GB ECC REG DDR4 ,64,2x 250 GB (SSD),500,False,30TB @ 1Gbps,"Siauliai, LT",Lithuania,LT,258,USD,258.0,https://valebyte.com/en/servers/e5-1660v3-siauliai-lt/?utm_source=github&utm_medium=dataset&utm_campaign=dedicated-server-prices
AMD EPYC 4344P 3.8GHz 8 cores,AMD EPYC 4344P 3.8GHz 8 cores,8,16,,64 GB DDR5,64,2x 960 GB (SSD NVMe),1920,True,Unmetered @ 3 Gbps,"Warsaw, PL",Poland,PL,210,EUR,258.0,https://valebyte.com/en/servers/amd-epyc-4344p-38ghz-8-cores-warsaw-pl/?utm_source=github&utm_medium=dataset&utm_campaign=dedicated-server-prices
Intel Xeon E5-2637 v4 3.5GHz 4 cores,Intel Xeon E5-2637 v4 3.5GHz 4 cores,4,8,,32 GB DDR4,32,2x 500 GB (SSD SATA),1000,False,25 TB @ 1 Gbps,"Porto, PT",Portugal,PT,210,EUR,258.0,https://valebyte.com/en/servers/intel-xeon-e5-2637-v4-35ghz-4-cores-porto-pt-1/?utm_source=github&utm_medium=dataset&utm_campaign=dedicated-server-prices
[Dual] Intel Xeon E5-2609 v4 1.7GHz 8 cores,[Dual] Intel Xeon E5-2609 v4 1.7GHz 8 cores,8,16,,16 GB DDR4,16,2x 2 TB (HDD SATA),4000,False,5 TB @ 1 Gbps,"Sao Paulo, BR",Brazil,BR,212,EUR,261.0,https://valebyte.com/en/servers/dual-intel-xeon-e5-2609-v4-17ghz-8-cores-sao-paulo-br/?utm_source=github&utm_medium=dataset&utm_campaign=dedicated-server-prices
Apple M4 4.40GHz 10 cores,Apple M4 4.40GHz 10 cores,10,10,,16 GB LPDDR5X,16,1 x 256 GB (SSD),256,False,Unmetered @ 1 Gbps,"Paris, FR",France,FR,215,EUR,264.0,https://valebyte.com/en/servers/apple-m4-4-40ghz-10-16gb-256gb-paris-fr-7e3704/?utm_source=github&utm_medium=dataset&utm_campaign=dedicated-server-prices
AMD EPYC 7232P 3.10GHz 8 cores,AMD EPYC 7232P 3.10GHz 8 cores,8,16,17017,128 GB DDR4,128,2 x 2.05 TB (NVMe),4100,True,Unmetered @ 1 Gbps,"Amsterdam, NL",Netherlands,NL,216,EUR,266.0,https://valebyte.com/en/servers/amd-epyc-7232p-3-10ghz-8-128gb-4097gb-amsterdam-nl-7ac934/?utm_source=github&utm_medium=dataset&utm_campaign=dedicated-server-prices
Intel Xeon E3-1220 v2 3.1GHz 4 cores,Intel Xeon E3-1220 v2 3.1GHz 4 cores,4,4,,32 GB DDR3,32,2x 480 GB (SSD SATA),960,False,Unmetered @ 1 Gbps,"Athens, GR",Greece,GR,216,EUR,266.0,https://valebyte.com/en/servers/intel-xeon-e3-1220-v2-31ghz-4-cores-athens-gr/?utm_source=github&utm_medium=dataset&utm_campaign=dedicated-server-prices
AMD EPYC 7232P 3.10GHz 8 cores,AMD EPYC 7232P 3.10GHz 8 cores,8,16,17017,128 GB DDR4,128,2 x 2.05 TB (NVMe),4100,True,Unmetered @ 1 Gbps,"Paris, FR",France,FR,216,EUR,266.0,https://valebyte.com/en/servers/amd-epyc-7232p-3-10ghz-8-128gb-4097gb-paris-fr-c5b1f7/?utm_source=github&utm_medium=dataset&utm_campaign=dedicated-server-prices
Intel Xeon E5 2640v4 2.40GHz 2x 20 cores,Intel Xeon E5 2640v4 2.40GHz 2x 20 cores,20,40,20394,192 GB DDR4,192,3 x 6 TB (HDD SATA),18000,False,Unmetered @ 750 Mbps,"Paris, FR",France,FR,216,EUR,266.0,https://valebyte.com/en/servers/intel-xeon-e5-2640v4-2-40ghz-2x-20-192gb-18000gb-paris-fr-25e29b/?utm_source=github&utm_medium=dataset&utm_campaign=dedicated-server-prices
AMD EPYC 7232P 3.10GHz 8 cores,AMD EPYC 7232P 3.10GHz 8 cores,8,16,17017,128 GB DDR4,128,2 x 2.05 TB (NVMe),4100,True,Unmetered @ 1 Gbps,"Warsaw, PL",Poland,PL,216,EUR,266.0,https://valebyte.com/en/servers/amd-epyc-7232p-3-10ghz-8-128gb-4097gb-warsaw-pl-75ced7/?utm_source=github&utm_medium=dataset&utm_campaign=dedicated-server-prices
AMD Ryzen 5 7600 3.8GHz 6 cores,AMD Ryzen 5 7600 3.8GHz 6 cores,6,12,,64 GB DDR5,64,2x 500 GB (SSD NVMe),1000,True,Unmetered @ 1 Gbps,"Oslo, NO",Norway,NO,216,EUR,266.0,https://valebyte.com/en/servers/amd-ryzen-5-7600-38ghz-6-cores-oslo-no-1/?utm_source=github&utm_medium=dataset&utm_campaign=dedicated-server-prices
AMD EPYC 4245P,"AMD EPYC 4245P, 6C/12T @ 3.9GHz",6,12,,32 GB DDR5,32,2x953GB (NVME),1906,True,Unmetered @ 3 Gbps,"Paris, FR",France,FR,217,EUR,267.0,https://valebyte.com/en/servers/amd-epyc-4245p-paris-fr/?utm_source=github&utm_medium=dataset&utm_campaign=dedicated-server-prices
AMD EPYC 4245P,"AMD EPYC 4245P, 6C/12T @ 3.9GHz",6,12,,32 GB DDR5,32,2x953GB (NVME),1906,True,Unmetered @ 3 Gbps,"Paris, FR",France,FR,217,EUR,267.0,https://valebyte.com/en/servers/amd-epyc-4245p-paris-fr-2/?utm_source=github&utm_medium=dataset&utm_campaign=dedicated-server-prices
AMD RYZEN 9 9950X 4.3GHz 16 cores,AMD RYZEN 9 9950X 4.3GHz 16 cores,16,32,,128 GB DDR4 ECC,128,2x 960 GB (NVME SoftRAID),1920,True,Unmetered @ 1 Gbps,"Beauharnois, CA",Canada,CA,218,EUR,268.0,https://valebyte.com/en/servers/amd-ryzen-9-9950x-43ghz-16-cores-beauharnois-ca/?utm_source=github&utm_medium=dataset&utm_campaign=dedicated-server-prices
AMD RYZEN 9 9950X 4.3GHz 16 cores,AMD RYZEN 9 9950X 4.3GHz 16 cores,16,32,,128 GB DDR4 ECC,128,2x 960 GB (NVME SoftRAID),1920,True,Unmetered @ 1 Gbps,"Roubaix, FR",France,FR,218,EUR,268.0,https://valebyte.com/en/servers/amd-ryzen-9-9950x-43ghz-16-cores-roubaix-fr/?utm_source=github&utm_medium=dataset&utm_campaign=dedicated-server-prices
AMD Ryzen 9 5900X 3.7GHz 12 cores,AMD Ryzen 9 5900X 3.7GHz 12 cores,12,24,,128 GB DDR4,128,2x 1 TB (SSD NVMe),2000,True,100 TB @ 1 Gbps,"Montreal, CA",Canada,CA,218,EUR,268.0,https://valebyte.com/en/servers/amd-ryzen-9-5900x-37ghz-12-cores-montreal-ca-1/?utm_source=github&utm_medium=dataset&utm_campaign=dedicated-server-prices
Intel Core i5-7500 3.4GHz 4 cores,Intel Core i5-7500 3.4GHz 4 cores,4,8,,16 GB DDR4,16,500 GB (HDD SATA),500,False,Unmetered @ 1 Gbps,"Bangkok, TH",Thailand,TH,218,EUR,268.0,https://valebyte.com/en/servers/intel-core-i5-7500-34ghz-4-cores-bangkok-th/?utm_source=github&utm_medium=dataset&utm_campaign=dedicated-server-prices
AMD RYZEN 9 9950X 4.3GHz 16 cores,AMD RYZEN 9 9950X 4.3GHz 16 cores,16,32,,128 GB DDR4 ECC,128,2x 960 GB (NVME SoftRAID),1920,True,Unmetered @ 1 Gbps,"Gravelines, FR",France,FR,218,EUR,268.0,https://valebyte.com/en/servers/amd-ryzen-9-9950x-43ghz-16-cores-gravelines-fr/?utm_source=github&utm_medium=dataset&utm_campaign=dedicated-server-prices
E5-1660v4,E5-1660v4,8,16,,64GB ECC REG DDR4 ,64,2x 500 GB (SSD),1000,False,30TB @ 3Gbps,"Siauliai, LT",Lithuania,LT,271,USD,271.0,https://valebyte.com/en/servers/e5-1660v4-siauliai-lt/?utm_source=github&utm_medium=dataset&utm_campaign=dedicated-server-prices
AMD Ryzen 7 9800X3D 4.7GHz 8 cores,AMD Ryzen 7 9800X3D 4.7GHz 8 cores,8,16,,64 GB DDR5,64,2x 960 GB (SSD NVMe),1920,True,Unmetered @ 1 Gbps,"Warsaw, PL",Poland,PL,222,EUR,273.0,https://valebyte.com/en/servers/amd-ryzen-7-9800x3d-47ghz-8-cores-warsaw-pl/?utm_source=github&utm_medium=dataset&utm_campaign=dedicated-server-prices
Intel Xeon E-2456 3.3GHz 6 cores,Intel Xeon E-2456 3.3GHz 6 cores,6,12,,16 GB DDR5,16,240 GB (SSD SATA),240,False,5 TB @ 1 Gbps,"Hong Kong, HK",Hong Kong,HK,223,EUR,274.0,https://valebyte.com/en/servers/intel-xeon-e-2456-33ghz-6-cores-hong-kong-hk/?utm_source=github&utm_medium=dataset&utm_campaign=dedicated-server-prices
Intel Xeon E3-1230 v3 3.3GHz 4 cores,Intel Xeon E3-1230 v3 3.3GHz 4 cores,4,8,,16 GB DDR3,16,2x 500 GB (SSD SATA),1000,False,Unmetered @ 100 Mbps,"Kuala Lumpur, MY",Malaysia,MY,223,EUR,274.0,https://valebyte.com/en/servers/intel-xeon-e3-1230-v3-33ghz-4-cores-kuala-lumpur-my-1/?utm_source=github&utm_medium=dataset&utm_campaign=dedicated-server-prices
Intel Xeon Silver 4214 2.2GHz 12 cores,Intel Xeon Silver 4214 2.2GHz 12 cores,12,24,,64 GB DDR4,64,4 TB (HDD SATA),4000,False,Unmetered @ 1 Gbps,"Vancouver, CA",Canada,CA,223,EUR,274.0,https://valebyte.com/en/servers/intel-xeon-silver-4214-22ghz-12-cores-vancouver-ca/?utm_source=github&utm_medium=dataset&utm_campaign=dedicated-server-prices
AMD Ryzen 7 PRO 8700GE,AMD Ryzen 7 PRO 8700GE,,,,64 GB DDR5 ECC,64,2x 512 GB (NVMe),1024,True,Unmetered @ 1 Gbps,"Nuremberg, Germany",Germany,DE,226,EUR,278.0,https://valebyte.com/en/servers/amd-ryzen-7-pro-8700ge-nuremberg-germany/?utm_source=github&utm_medium=dataset&utm_campaign=dedicated-server-prices
Intel Xeon E3-1230 v5 3GHz 4 cores,Intel Xeon E3-1230 v5 3GHz 4 cores,4,8,,8 GB DDR4,8,2x 500 GB (HDD SATA),1000,False,Unmetered @ 1 Gbps,"Tirana, AL",Albania,AL,227,EUR,279.0,https://valebyte.com/en/servers/intel-xeon-e3-1230-v5-3ghz-4-cores-tirana-al/?utm_source=github&utm_medium=dataset&utm_campaign=dedicated-server-prices
[Dual] Intel Xeon E5-2650 v4 2.2GHz 12 cores,[Dual] Intel Xeon E5-2650 v4 2.2GHz 12 cores,12,24,,32 GB DDR4,32,2 TB (SSD SATA),2000,False,10 TB @ 1 Gbps,"Stockholm, SE",Sweden,SE,227,EUR,279.0,https://valebyte.com/en/servers/dual-intel-xeon-e5-2650-v4-22ghz-12-cores-stockholm-se/?utm_source=github&utm_medium=dataset&utm_campaign=dedicated-server-prices
Intel Core i5-13600K 3.5GHz 14 cores,Intel Core i5-13600K 3.5GHz 14 cores,14,28,,16 GB DDR4,16,1 TB (SSD NVMe),1000,True,Unmetered @ 1 Gbps,"Bangkok, TH",Thailand,TH,229,EUR,282.0,https://valebyte.com/en/servers/intel-core-i5-13600k-35ghz-14-cores-bangkok-th/?utm_source=github&utm_medium=dataset&utm_campaign=dedicated-server-prices
AMD EPYC 4344P 3.8GHz 8 cores,AMD EPYC 4344P 3.8GHz 8 cores,8,16,,64 GB DDR5,64,2x 960 GB (SSD NVMe),1920,True,25 TB @ 1 Gbps,"Sydney, AU",Australia,AU,229,EUR,282.0,https://valebyte.com/en/servers/amd-epyc-4344p-38ghz-8-cores-sydney-au/?utm_source=github&utm_medium=dataset&utm_campaign=dedicated-server-prices
[Dual] Intel Xeon E5-2609 v4 1.7GHz 8 cores,[Dual] Intel Xeon E5-2609 v4 1.7GHz 8 cores,8,16,,16 GB DDR4,16,2x 2 TB (HDD SATA),4000,False,5 TB @ 1 Gbps,"Sydney, AU",Australia,AU,229,EUR,282.0,https://valebyte.com/en/servers/dual-intel-xeon-e5-2609-v4-17ghz-8-cores-sydney-au/?utm_source=github&utm_medium=dataset&utm_campaign=dedicated-server-prices
Intel Xeon E5 2620 or equivalent,"Intel Xeon E5 2620 or equivalent, 6C/12T @ 2.0GHz",6,12,,192 GB DDR3,192,2x931GB (SSD),1862,False,Unmetered @ 1 Gbps,"Paris, FR",France,FR,231,EUR,284.0,https://valebyte.com/en/servers/intel-xeon-e5-2620-or-equivalent-paris-fr-1/?utm_source=github&utm_medium=dataset&utm_campaign=dedicated-server-prices
Intel Xeon E5 2620 or equivalent,"Intel Xeon E5 2620 or equivalent, 6C/12T @ 2.0GHz",6,12,,192 GB DDR3,192,2x7.45TB (HDD),14900,False,Unmetered @ 1 Gbps,"Paris, FR",France,FR,231,EUR,284.0,https://valebyte.com/en/servers/scaleway-em-b111x-sata-paris-fr/?utm_source=github&utm_medium=dataset&utm_campaign=dedicated-server-prices
AMD EPYC 7272 2.90GHz 12 cores,AMD EPYC 7272 2.90GHz 12 cores,12,24,25568,128 GB DDR4,128,2 x 1 TB (NVMe SSD),2000,True,Unmetered @ 1 Gbps,"Paris, FR",France,FR,231,EUR,284.0,https://valebyte.com/en/servers/amd-epyc-7272-2-90ghz-12-128gb-2000gb-paris-fr-ff2c8c/?utm_source=github&utm_medium=dataset&utm_campaign=dedicated-server-prices
AMD EPYC 4465P 3.40GHz 12 cores,AMD EPYC 4465P 3.40GHz 12 cores,12,24,50216,64 GB DDR5,64,2 x 2.05 TB (NVMe),4100,True,Unmetered @ 3 Gbps,"Paris, FR",France,FR,231,EUR,284.0,https://valebyte.com/en/servers/amd-epyc-4465p-3-40ghz-12-64gb-4097gb-paris-fr-d3e420/?utm_source=github&utm_medium=dataset&utm_campaign=dedicated-server-prices
AMD EPYC 4465P 3.40GHz 12 cores,AMD EPYC 4465P 3.40GHz 12 cores,12,24,50216,64 GB DDR5,64,2 x 2.05 TB (NVMe),4100,True,Unmetered @ 3 Gbps,"Amsterdam, NL",Netherlands,NL,231,EUR,284.0,https://valebyte.com/en/servers/amd-epyc-4465p-3-40ghz-12-64gb-4097gb-amsterdam-nl-caa94d/?utm_source=github&utm_medium=dataset&utm_campaign=dedicated-server-prices
AMD EPYC 7272 2.90GHz 12 cores,AMD EPYC 7272 2.90GHz 12 cores,12,24,25568,128 GB DDR4,128,2 x 1.02 TB (NVMe),2040,True,Unmetered @ 1 Gbps,"Warsaw, PL",Poland,PL,231,EUR,284.0,https://valebyte.com/en/servers/amd-epyc-7272-2-90ghz-12-128gb-2048gb-warsaw-pl-a8b54a/?utm_source=github&utm_medium=dataset&utm_campaign=dedicated-server-prices
AMD EPYC 7272 2.90GHz 12 cores,AMD EPYC 7272 2.90GHz 12 cores,12,24,25568,128 GB DDR4,128,2 x 1.02 TB (NVMe),2040,True,Unmetered @ 1 Gbps,"Paris, FR",France,FR,231,EUR,284.0,https://valebyte.com/en/servers/amd-epyc-7272-2-90ghz-12-128gb-2048gb-paris-fr-9b3986/?utm_source=github&utm_medium=dataset&utm_campaign=dedicated-server-prices
Intel Xeon E5 2620v2 2.10GHz 2x 12 cores,Intel Xeon E5 2620v2 2.10GHz 2x 12 cores,12,24,10778,128 GB DDR3,128,2 x 500 GB (SATA SSD),1000,False,Unmetered @ 400 Mbps,"Paris, FR",France,FR,231,EUR,284.0,https://valebyte.com/en/servers/intel-xeon-e5-2620v2-2-10ghz-2x-12-128gb-1000gb-paris-fr-6d74fb/?utm_source=github&utm_medium=dataset&utm_campaign=dedicated-server-prices
AMD EPYC 7272 2.90GHz 12 cores,AMD EPYC 7272 2.90GHz 12 cores,12,24,25568,128 GB DDR4,128,2 x 1.02 TB (NVMe),2040,True,Unmetered @ 1 Gbps,"Amsterdam, NL",Netherlands,NL,231,EUR,284.0,https://valebyte.com/en/servers/amd-epyc-7272-2-90ghz-12-128gb-2048gb-amsterdam-nl-696557/?utm_source=github&utm_medium=dataset&utm_campaign=dedicated-server-prices
Intel Xeon E5 2620 or equivalent,"Intel Xeon E5 2620 or equivalent, 6C/12T @ 2.0GHz",6,12,,192 GB DDR3,192,2x931GB (SSD),1862,False,Unmetered @ 1 Gbps,"Paris, FR",France,FR,231,EUR,284.0,https://valebyte.com/en/servers/scaleway-em-b112x-ssd-paris-fr/?utm_source=github&utm_medium=dataset&utm_campaign=dedicated-server-prices
Intel Xeon E5 2620 or equivalent,"Intel Xeon E5 2620 or equivalent, 6C/12T @ 2.0GHz",6,12,,192 GB DDR3,192,2x7.45TB (HDD),14900,False,Unmetered @ 1 Gbps,"Paris, FR",France,FR,231,EUR,284.0,https://valebyte.com/en/servers/intel-xeon-e5-2620-or-equivalent-paris-fr/?utm_source=github&utm_medium=dataset&utm_campaign=dedicated-server-prices
Intel Xeon E5 2620 or equivalent,"Intel Xeon E5 2620 or equivalent, 6C/12T @ 2.0GHz",6,12,,192 GB DDR3,192,2x931GB (SSD),1862,False,Unmetered @ 1 Gbps,"Amsterdam, NL",Netherlands,NL,231,EUR,284.0,https://valebyte.com/en/servers/scaleway-em-b112x-ssd-amsterdam-nl/?utm_source=github&utm_medium=dataset&utm_campaign=dedicated-server-prices
Intel Xeon E5 2620 or equivalent,"Intel Xeon E5 2620 or equivalent, 6C/12T @ 2.0GHz",6,12,,192 GB DDR3,192,2x931GB (SSD),1862,False,Unmetered @ 1 Gbps,"Warsaw, PL",Poland,PL,231,EUR,284.0,https://valebyte.com/en/servers/scaleway-em-b112x-ssd-warsaw-pl/?utm_source=github&utm_medium=dataset&utm_campaign=dedicated-server-prices
AMD Epyc 7313 3.0GHz 16 cores,AMD Epyc 7313 3.0GHz 16 cores,16,32,,1 TB DDR4 ECC,1000,2x 6 TB + 2x 960 GB (SATA Hybrid SoftRAID),13920,False,Unmetered @ 1 Gbps,"Strasbourg, FR",France,FR,233,EUR,286.0,https://valebyte.com/en/servers/amd-epyc-7313-30ghz-16-cores-strasbourg-fr-1/?utm_source=github&utm_medium=dataset&utm_campaign=dedicated-server-prices
AMD Epyc 7313 3.0GHz 16 cores,AMD Epyc 7313 3.0GHz 16 cores,16,32,,1 TB DDR4 ECC,1000,2x 6 TB + 2x 960 GB (SATA Hybrid SoftRAID),13920,False,Unmetered @ 1 Gbps,"Roubaix, FR",France,FR,233,EUR,286.0,https://valebyte.com/en/servers/amd-epyc-7313-30ghz-16-cores-roubaix-fr-1/?utm_source=github&utm_medium=dataset&utm_campaign=dedicated-server-prices
AMD Epyc 7313 3.0GHz 16 cores,AMD Epyc 7313 3.0GHz 16 cores,16,32,,128 GB DDR4 ECC,128,2x 4 TB (SATA SoftRAID),8000,False,Unmetered @ 500 Mbps,"Mumbai, IN",India,IN,233,EUR,286.0,https://valebyte.com/en/servers/amd-epyc-7313-30ghz-16-cores-mumbai-in-1/?utm_source=github&utm_medium=dataset&utm_campaign=dedicated-server-prices
AMD Epyc 7313 3.0GHz 16 cores,AMD Epyc 7313 3.0GHz 16 cores,16,32,,1 TB DDR4 ECC,1000,3x 1.92 TB (NVME SoftRAID),5760,True,Unmetered @ 500 Mbps,"Singapore, SG",Singapore,SG,233,EUR,286.0,https://valebyte.com/en/servers/amd-epyc-7313-30ghz-16-cores-singapore-sg-1/?utm_source=github&utm_medium=dataset&utm_campaign=dedicated-server-prices
AMD Epyc 7313 3.0GHz 16 cores,AMD Epyc 7313 3.0GHz 16 cores,16,32,,1 TB DDR4 ECC,1000,2x 6 TB + 2x 960 GB (SATA Hybrid SoftRAID),13920,False,Unmetered @ 1 Gbps,"Beauharnois, CA",Canada,CA,233,EUR,286.0,https://valebyte.com/en/servers/amd-epyc-7313-30ghz-16-cores-beauharnois-ca-1/?utm_source=github&utm_medium=dataset&utm_campaign=dedicated-server-prices
AMD Epyc 7313 3.0GHz 16 cores,AMD Epyc 7313 3.0GHz 16 cores,16,32,,1 TB DDR4 ECC,1000,2x 6 TB + 2x 960 GB (SATA Hybrid SoftRAID),13920,False,Unmetered @ 1 Gbps,"Frankfurt, DE",Germany,DE,233,EUR,286.0,https://valebyte.com/en/servers/amd-epyc-7313-30ghz-16-cores-frankfurt-de-1/?utm_source=github&utm_medium=dataset&utm_campaign=dedicated-server-prices
AMD Epyc 7313 3.0GHz 16 cores,AMD Epyc 7313 3.0GHz 16 cores,16,32,,1 TB DDR4 ECC,1000,2x 6 TB + 2x 960 GB (SATA Hybrid SoftRAID),13920,False,Unmetered @ 1 Gbps,"Gravelines, FR",France,FR,233,EUR,286.0,https://valebyte.com/en/servers/amd-epyc-7313-30ghz-16-cores-gravelines-fr-1/?utm_source=github&utm_medium=dataset&utm_campaign=dedicated-server-prices
AMD Epyc 7313 3.0GHz 16 cores,AMD Epyc 7313 3.0GHz 16 cores,16,32,,1 TB DDR4 ECC,1000,2x 6 TB + 2x 960 GB (SATA Hybrid SoftRAID),13920,False,Unmetered @ 1 Gbps,"London, GB",London,,233,EUR,286.0,https://valebyte.com/en/servers/amd-epyc-7313-30ghz-16-cores-london-gb-1/?utm_source=github&utm_medium=dataset&utm_campaign=dedicated-server-prices
AMD Epyc 7313 3.0GHz 16 cores,AMD Epyc 7313 3.0GHz 16 cores,16,32,,1 TB DDR4 ECC,1000,2x 6 TB + 2x 960 GB (SATA Hybrid SoftRAID),13920,False,Unmetered @ 1 Gbps,"Warsaw, PL",Poland,PL,233,EUR,286.0,https://valebyte.com/en/servers/amd-epyc-7313-30ghz-16-cores-warsaw-pl-1/?utm_source=github&utm_medium=dataset&utm_campaign=dedicated-server-prices
Dual E5-2620 v2,Dual E5-2620 v2,12,24,,64GB,64,1 TB (HDD),1000,False,Unmetered @ 10 Gbps,"Los Angeles, US",United States,US,287,USD,287.0,https://valebyte.com/en/servers/dual-e5-2620-v2-los-angeles-us/?utm_source=github&utm_medium=dataset&utm_campaign=dedicated-server-prices
[Dual] Intel Xeon Silver 4116 2.1GHz 12 cores,[Dual] Intel Xeon Silver 4116 2.1GHz 12 cores,12,24,,256 GB DDR4,256,4x 1 TB (SSD SATA),4000,False,200 TB @ 1 Gbps,"Helsinki, FI",Finland,FI,234,EUR,288.0,https://valebyte.com/en/servers/dual-intel-xeon-silver-4116-21ghz-12-cores-helsinki-fi/?utm_source=github&utm_medium=dataset&utm_campaign=dedicated-server-prices
[Dual] Intel Xeon E5-2690 v4 2.6GHz 14 cores,[Dual] Intel Xeon E5-2690 v4 2.6GHz 14 cores,14,28,,32 GB DDR4,32,2x 240 GB (SSD SATA),480,False,Unmetered @ 1 Gbps,"Nottingham, UK",UK,UK,234,EUR,288.0,https://valebyte.com/en/servers/dual-intel-xeon-e5-2690-v4-26ghz-14-cores-nottingham-uk-1/?utm_source=github&utm_medium=dataset&utm_campaign=dedicated-server-prices
[Dual] Intel Xeon E5-2690 v4 2.6GHz 14 cores,[Dual] Intel Xeon E5-2690 v4 2.6GHz 14 cores,14,28,,32 GB DDR4,32,2x 240 GB (SSD SATA),480,False,Unmetered @ 1 Gbps,"Manchester, UK",UK,UK,234,EUR,288.0,https://valebyte.com/en/servers/dual-intel-xeon-e5-2690-v4-26ghz-14-cores-manchester-uk-1/?utm_source=github&utm_medium=dataset&utm_campaign=dedicated-server-prices
Intel Xeon X3440 2.53GHz 4 cores,Intel Xeon X3440 2.53GHz 4 cores,4,8,,16 GB DDR3,16,240 GB (SSD SATA),240,False,10 TB @ 1 Gbps,"Istanbul, TR",Turkey,TR,234,EUR,288.0,https://valebyte.com/en/servers/intel-xeon-x3440-253ghz-4-cores-istanbul-tr/?utm_source=github&utm_medium=dataset&utm_campaign=dedicated-server-prices
[Dual] Intel Xeon E5-2620 v4 2GHz 8 cores,[Dual] Intel Xeon E5-2620 v4 2GHz 8 cores,8,16,,32 GB DDR4,32,2x 2 TB (HDD SATA),4000,False,5 TB @ 1 Gbps,"Copenhagen, DK",Denmark,DK,234,EUR,288.0,https://valebyte.com/en/servers/dual-intel-xeon-e5-2620-v4-2ghz-8-cores-copenhagen-dk/?utm_source=github&utm_medium=dataset&utm_campaign=dedicated-server-prices
AMD EPYC 4344P 3.8GHz 8 cores,AMD EPYC 4344P 3.8GHz 8 cores,8,16,,64 GB DDR5,64,2x 960 GB (SSD NVMe),1920,True,Unmetered @ 3 Gbps,"Montreal, CA",Canada,CA,235,EUR,289.0,https://valebyte.com/en/servers/amd-epyc-4344p-38ghz-8-cores-montreal-ca/?utm_source=github&utm_medium=dataset&utm_campaign=dedicated-server-prices
Intel Xeon E3-1230 v5 3GHz 4 cores,Intel Xeon E3-1230 v5 3GHz 4 cores,4,8,,8 GB DDR4,8,1 TB (HDD SATA),1000,False,5 TB @ 1 Gbps,"Dubai, AE",United Arab Emirates,AE,235,EUR,289.0,https://valebyte.com/en/servers/intel-xeon-e3-1230-v5-3ghz-4-cores-dubai-ae/?utm_source=github&utm_medium=dataset&utm_campaign=dedicated-server-prices
Dual Silver 4214,Dual Silver 4214,,48,,64GB,64,1 TB (HDD),1000,False,Unmetered @ 1 Gbps,"Amsterdam, NL",Netherlands,NL,293,USD,293.0,https://valebyte.com/en/servers/dual-silver-4214-amsterdam-nl/?utm_source=github&utm_medium=dataset&utm_campaign=dedicated-server-prices
Intel Xeon E-2488 3.2GHz 8 cores,Intel Xeon E-2488 3.2GHz 8 cores,8,16,,16 GB DDR5,16,240 GB (SSD SATA),240,False,5 TB @ 1 Gbps,"Helsinki, FI",Finland,FI,239,EUR,294.0,https://valebyte.com/en/servers/intel-xeon-e-2488-32ghz-8-cores-helsinki-fi-1/?utm_source=github&utm_medium=dataset&utm_campaign=dedicated-server-prices
[Dual] Intel Xeon E5-2680 v2 2.8GHz 10 cores,[Dual] Intel Xeon E5-2680 v2 2.8GHz 10 cores,10,20,,128 GB DDR3,128,2x 512 GB (SSD SATA) & 2x 4 TB (HDD SATA),9024,False,Unmetered @ 1 Gbps,"Riga, LV",Latvia,LV,239,EUR,294.0,https://valebyte.com/en/servers/dual-intel-xeon-e5-2680-v2-28ghz-10-cores-riga-lv/?utm_source=github&utm_medium=dataset&utm_campaign=dedicated-server-prices
Intel Xeon E-2236 3.4GHz 6 cores,Intel Xeon E-2236 3.4GHz 6 cores,6,12,,32 GB DDR4,32,1 TB (SSD NVMe) & 2 TB (HDD SATA),3000,True,100 TB @ 1 Gbps,"Seville, ES",Spain,ES,239,EUR,294.0,https://valebyte.com/en/servers/intel-xeon-e-2236-34ghz-6-cores-seville-es/?utm_source=github&utm_medium=dataset&utm_campaign=dedicated-server-prices
Intel Xeon E-2276G 3.8GHz 6 cores,Intel Xeon E-2276G 3.8GHz 6 cores,6,12,,64 GB DDR4,64,2x 1 TB (SSD NVMe),2000,True,50 TB @ 10 Gbps,"Madrid, ES",Spain,ES,239,EUR,294.0,https://valebyte.com/en/servers/intel-xeon-e-2276g-38ghz-6-cores-madrid-es-1/?utm_source=github&utm_medium=dataset&utm_campaign=dedicated-server-prices
Intel Xeon E-2236 3.4GHz 6 cores,Intel Xeon E-2236 3.4GHz 6 cores,6,12,,32 GB DDR4,32,2x 480 GB (SSD SATA),960,False,30 TB @ 1 Gbps,"Kyiv, UA",Ukraine,UA,239,EUR,294.0,https://valebyte.com/en/servers/intel-xeon-e-2236-34ghz-6-cores-kyiv-ua/?utm_source=github&utm_medium=dataset&utm_campaign=dedicated-server-prices
AMD Ryzen 7 Pro 3700 3.6GHz 8 cores,AMD Ryzen 7 Pro 3700 3.6GHz 8 cores,8,16,,64 GB DDR4 ECC,64,4x 14 TB (SAS SoftRAID),56000,False,Unmetered @ 500 Mbps,"Mumbai, IN",India,IN,240,EUR,295.0,https://valebyte.com/en/servers/amd-ryzen-7-pro-3700-36ghz-8-cores-mumbai-in/?utm_source=github&utm_medium=dataset&utm_campaign=dedicated-server-prices
AMD Ryzen 7 Pro 3700 3.6GHz 8 cores,AMD Ryzen 7 Pro 3700 3.6GHz 8 cores,8,16,,32 GB DDR4 ECC,32,6x 14 TB (SAS SoftRAID),84000,False,Unmetered @ 1 Gbps,"London, GB",London,,240,EUR,295.0,https://valebyte.com/en/servers/amd-ryzen-7-pro-3700-36ghz-8-cores-london-gb/?utm_source=github&utm_medium=dataset&utm_campaign=dedicated-server-prices
AMD Ryzen 7 Pro 3700 3.6GHz 8 cores,AMD Ryzen 7 Pro 3700 3.6GHz 8 cores,8,16,,32 GB DDR4 ECC,32,6x 14 TB (SAS SoftRAID),84000,False,Unmetered @ 1 Gbps,"Frankfurt, DE",Germany,DE,240,EUR,295.0,https://valebyte.com/en/servers/amd-ryzen-7-pro-3700-36ghz-8-cores-frankfurt-de/?utm_source=github&utm_medium=dataset&utm_campaign=dedicated-server-prices
AMD EPYC 4244P 3.8GHz 6 cores,AMD EPYC 4244P 3.8GHz 6 cores,6,12,,32 GB DDR5,32,1 TB (HDD SATA),1000,False,5 TB @ 1 Gbps,"Hong Kong, HK",Hong Kong,HK,240,EUR,295.0,https://valebyte.com/en/servers/amd-epyc-4244p-38ghz-6-cores-hong-kong-hk/?utm_source=github&utm_medium=dataset&utm_campaign=dedicated-server-prices
AMD Ryzen 7 Pro 3700 3.6GHz 8 cores,AMD Ryzen 7 Pro 3700 3.6GHz 8 cores,8,16,,32 GB DDR4 ECC,32,6x 14 TB (SAS SoftRAID),84000,False,Unmetered @ 1 Gbps,"Beauharnois, CA",Canada,CA,240,EUR,295.0,https://valebyte.com/en/servers/amd-ryzen-7-pro-3700-36ghz-8-cores-beauharnois-ca/?utm_source=github&utm_medium=dataset&utm_campaign=dedicated-server-prices
AMD Ryzen 7 Pro 3700 3.6GHz 8 cores,AMD Ryzen 7 Pro 3700 3.6GHz 8 cores,8,16,,32 GB DDR4 ECC,32,6x 14 TB (SAS SoftRAID),84000,False,Unmetered @ 1 Gbps,"Roubaix, FR",France,FR,240,EUR,295.0,https://valebyte.com/en/servers/amd-ryzen-7-pro-3700-36ghz-8-cores-roubaix-fr/?utm_source=github&utm_medium=dataset&utm_campaign=dedicated-server-prices
AMD Ryzen 7 Pro 3700 3.6GHz 8 cores,AMD Ryzen 7 Pro 3700 3.6GHz 8 cores,8,16,,32 GB DDR4 ECC,32,6x 14 TB (SAS SoftRAID),84000,False,Unmetered @ 1 Gbps,"Strasbourg, FR",France,FR,240,EUR,295.0,https://valebyte.com/en/servers/amd-ryzen-7-pro-3700-36ghz-8-cores-strasbourg-fr/?utm_source=github&utm_medium=dataset&utm_campaign=dedicated-server-prices
AMD Ryzen 7 Pro 3700 3.6GHz 8 cores,AMD Ryzen 7 Pro 3700 3.6GHz 8 cores,8,16,,32 GB DDR4 ECC,32,6x 14 TB (SAS SoftRAID),84000,False,Unmetered @ 1 Gbps,"Warsaw, PL",Poland,PL,240,EUR,295.0,https://valebyte.com/en/servers/amd-ryzen-7-pro-3700-36ghz-8-cores-warsaw-pl-1/?utm_source=github&utm_medium=dataset&utm_campaign=dedicated-server-prices
AMD Ryzen 7 Pro 3700 3.6GHz 8 cores,AMD Ryzen 7 Pro 3700 3.6GHz 8 cores,8,16,,32 GB DDR4 ECC,32,6x 14 TB (SAS SoftRAID),84000,False,Unmetered @ 1 Gbps,"Gravelines, FR",France,FR,240,EUR,295.0,https://valebyte.com/en/servers/amd-ryzen-7-pro-3700-36ghz-8-cores-gravelines-fr/?utm_source=github&utm_medium=dataset&utm_campaign=dedicated-server-prices
AMD Ryzen 7 Pro 3700 3.6GHz 8 cores,AMD Ryzen 7 Pro 3700 3.6GHz 8 cores,8,16,,32 GB DDR4 ECC,32,4x 14 TB (SAS SoftRAID),56000,False,Unmetered @ 500 Mbps,"Singapore, SG",Singapore,SG,240,EUR,295.0,https://valebyte.com/en/servers/amd-ryzen-7-pro-3700-36ghz-8-cores-singapore-sg-1/?utm_source=github&utm_medium=dataset&utm_campaign=dedicated-server-prices
Intel Xeon E3-1270 v3 3.5GHz 4 cores,Intel Xeon E3-1270 v3 3.5GHz 4 cores,4,8,,32 GB DDR3,32,2x 480 GB (SSD SATA),960,False,Unmetered @ 1 Gbps,"Athens, GR",Greece,GR,240,EUR,295.0,https://valebyte.com/en/servers/intel-xeon-e3-1270-v3-35ghz-4-cores-athens-gr/?utm_source=github&utm_medium=dataset&utm_campaign=dedicated-server-prices
AMD Ryzen 7 9800X3D 4.7GHz 8 cores,AMD Ryzen 7 9800X3D 4.7GHz 8 cores,8,16,,64 GB DDR5,64,2x 960 GB (SSD NVMe),1920,True,Unmetered @ 1 Gbps,"Montreal, CA",Canada,CA,241,EUR,296.0,https://valebyte.com/en/servers/amd-ryzen-7-9800x3d-47ghz-8-cores-montreal-ca/?utm_source=github&utm_medium=dataset&utm_campaign=dedicated-server-prices
Intel Xeon E5-2670 2.6GHz 8 cores,Intel Xeon E5-2670 2.6GHz 8 cores,8,16,,32 GB DDR3,32,2x 1 TB (HDD SATA),2000,False,Unmetered @ 100 Mbps,"Ho Chi Minh City, VN",Vietnam,VN,241,EUR,296.0,https://valebyte.com/en/servers/intel-xeon-e5-2670-26ghz-8-cores-ho-chi-minh-city-vn/?utm_source=github&utm_medium=dataset&utm_campaign=dedicated-server-prices
Intel Xeon E5-2670 2.6GHz 8 cores,Intel Xeon E5-2670 2.6GHz 8 cores,8,16,,32 GB DDR3,32,2x 1 TB (HDD SATA),2000,False,Unmetered @ 100 Mbps,"Hanoi, VN",Vietnam,VN,241,EUR,296.0,https://valebyte.com/en/servers/intel-xeon-e5-2670-26ghz-8-cores-hanoi-vn/?utm_source=github&utm_medium=dataset&utm_campaign=dedicated-server-prices
Intel Xeon E-2234 3.6GHz 4 cores,Intel Xeon E-2234 3.6GHz 4 cores,4,8,,8 GB DDR4,8,1 TB (HDD SATA),1000,False,5 TB @ 1 Gbps,"Dubai, AE",United Arab Emirates,AE,241,EUR,296.0,https://valebyte.com/en/servers/intel-xeon-e-2234-36ghz-4-cores-dubai-ae/?utm_source=github&utm_medium=dataset&utm_campaign=dedicated-server-prices
Dual E5-2620 v3,Dual E5-2620 v3,12,24,,32GB,32,1 TB (HDD),1000,False,Unmetered @ 10 Gbps,"Los Angeles, US",United States,US,299,USD,299.0,https://valebyte.com/en/servers/dual-e5-2620-v3-los-angeles-us/?utm_source=github&utm_medium=dataset&utm_campaign=dedicated-server-prices
AMD Ryzen 7900 192GB,AMD Ryzen 7900,,,,192 GB,192,,,False,1 Gbps Unmetered,"New York, US",United States,US,299,USD,299.0,https://valebyte.com/en/servers/amd-ryzen-7900-192gb-new-york-us/?utm_source=github&utm_medium=dataset&utm_campaign=dedicated-server-prices
Intel Core i9 14900K 192GB,Intel Core i9 14900K,,,,192GB DDR5,192,2x4TB NVMe,8000,True,1 Gbps Unmetered,"Miami, US",United States,US,299,USD,299.0,https://valebyte.com/en/servers/intel-core-i9-14900k-192gb-miami-us/?utm_source=github&utm_medium=dataset&utm_campaign=dedicated-server-prices
Intel Xeon E-2456 3.3GHz 6 cores,Intel Xeon E-2456 3.3GHz 6 cores,6,12,,16 GB DDR5,16,240 GB (SSD SATA),240,False,5 TB @ 1 Gbps,"Sydney, AU",Australia,AU,245,EUR,301.0,https://valebyte.com/en/servers/intel-xeon-e-2456-33ghz-6-cores-sydney-au/?utm_source=github&utm_medium=dataset&utm_campaign=dedicated-server-prices
Intel Xeon E-2456 3.3GHz 6 cores,Intel Xeon E-2456 3.3GHz 6 cores,6,12,,16 GB DDR5,16,240 GB (SSD SATA),240,False,5 TB @ 1 Gbps,"Sao Paulo, BR",Brazil,BR,245,EUR,301.0,https://valebyte.com/en/servers/intel-xeon-e-2456-33ghz-6-cores-sao-paulo-br/?utm_source=github&utm_medium=dataset&utm_campaign=dedicated-server-prices
Intel Xeon E-2456 3.3GHz 6 cores,Intel Xeon E-2456 3.3GHz 6 cores,6,12,,16 GB DDR5,16,240 GB (SSD SATA),240,False,5 TB @ 1 Gbps,"Singapore, SG",Singapore,SG,245,EUR,301.0,https://valebyte.com/en/servers/intel-xeon-e-2456-33ghz-6-cores-singapore-sg/?utm_source=github&utm_medium=dataset&utm_campaign=dedicated-server-prices
Intel Xeon E-2456 3.3GHz 6 cores,Intel Xeon E-2456 3.3GHz 6 cores,6,12,,16 GB DDR5,16,240 GB (SSD SATA),240,False,5 TB @ 1 Gbps,"Tokyo, JP",Japan,JP,245,EUR,301.0,https://valebyte.com/en/servers/intel-xeon-e-2456-33ghz-6-cores-tokyo-jp/?utm_source=github&utm_medium=dataset&utm_campaign=dedicated-server-prices
Intel Xeon E5 2650v2 2.60GHz 2x 16 cores,Intel Xeon E5 2650v2 2.60GHz 2x 16 cores,16,32,17522,192 GB DDR3,192,3 x 160 GB (SATA SSD),480,False,Unmetered @ 500 Mbps,"Paris, FR",France,FR,245,EUR,301.0,https://valebyte.com/en/servers/intel-xeon-e5-2650v2-2-60ghz-2x-16-192gb-480gb-paris-fr-695daa/?utm_source=github&utm_medium=dataset&utm_campaign=dedicated-server-prices
Intel Xeon E5 2640v3 2.60GHz 2x 16 cores,Intel Xeon E5 2640v3 2.60GHz 2x 16 cores,16,32,18094,192 GB DDR4,192,3 x 6 TB (HDD SATA),18000,False,Unmetered @ 500 Mbps,"Paris, FR",France,FR,245,EUR,301.0,https://valebyte.com/en/servers/intel-xeon-e5-2640v3-2-60ghz-2x-16-192gb-18000gb-paris-fr-eca284/?utm_source=github&utm_medium=dataset&utm_campaign=dedicated-server-prices
Intel Xeon E3-1230 v3 3.3GHz 4 cores,Intel Xeon E3-1230 v3 3.3GHz 4 cores,4,8,,16 GB DDR3,16,240 GB (SSD SATA),240,False,Unmetered @ 100 Mbps,"Taipei, TW",Taiwan,TW,245,EUR,301.0,https://valebyte.com/en/servers/intel-xeon-e3-1230-v3-33ghz-4-cores-taipei-tw/?utm_source=github&utm_medium=dataset&utm_campaign=dedicated-server-prices
[Dual] AMD EPYC 7413 2.65GHz 24 cores,[Dual] AMD EPYC 7413 2.65GHz 24 cores,24,48,,128 GB DDR4,128,2x 960 GB (SSD SATA),1920,False,30 TB @ 1 Gbps,"Montreal, CA",Canada,CA,246,EUR,302.0,https://valebyte.com/en/servers/dual-amd-epyc-7413-265ghz-24-cores-montreal-ca-1/?utm_source=github&utm_medium=dataset&utm_campaign=dedicated-server-prices
AMD Ryzen 9 7900 3.7GHz 12 cores,AMD Ryzen 9 7900 3.7GHz 12 cores,12,24,,64 GB DDR5,64,2x 240 GB (SSD SATA),480,False,5 TB @ 1 Gbps,"Copenhagen, DK",Denmark,DK,246,EUR,302.0,https://valebyte.com/en/servers/amd-ryzen-9-7900-37ghz-12-cores-copenhagen-dk/?utm_source=github&utm_medium=dataset&utm_campaign=dedicated-server-prices
Intel Xeon E5-2620 v3 2.4GHz 6 cores,Intel Xeon E5-2620 v3 2.4GHz 6 cores,6,12,,64 GB DDR3,64,3x 960 GB (SSD SATA),2880,False,Unmetered @ 1 Gbps,"Johannesburg, ZA",South Africa,ZA,246,EUR,302.0,https://valebyte.com/en/servers/intel-xeon-e5-2620-v3-24ghz-6-cores-johannesburg-za/?utm_source=github&utm_medium=dataset&utm_campaign=dedicated-server-prices
Intel Xeon E5-2620 v3 2.4GHz 6 cores,Intel Xeon E5-2620 v3 2.4GHz 6 cores,6,12,,64 GB DDR3,64,3x 960 GB (SSD SATA),2880,False,Unmetered @ 1 Gbps,"Cape Town, ZA",South Africa,ZA,246,EUR,302.0,https://valebyte.com/en/servers/intel-xeon-e5-2620-v3-24ghz-6-cores-cape-town-za/?utm_source=github&utm_medium=dataset&utm_campaign=dedicated-server-prices
AMD EPYC 4464P 3.7GHz 16 cores,AMD EPYC 4464P 3.7GHz 16 cores,12,24,,128 GB DDR4 ECC,128,4x 7.68 TB (NVME SoftRAID),30720,True,Unmetered @ 5 Gbps,"Warsaw, PL",Poland,PL,247,EUR,304.0,https://valebyte.com/en/servers/amd-epyc-4464p-37ghz-16-cores-warsaw-pl-1/?utm_source=github&utm_medium=dataset&utm_campaign=dedicated-server-prices
AMD EPYC 4464P 3.7GHz 16 cores,AMD EPYC 4464P 3.7GHz 16 cores,12,24,,128 GB DDR4 ECC,128,4x 7.68 TB (NVME SoftRAID),30720,True,Unmetered @ 5 Gbps,"Beauharnois, CA",Canada,CA,247,EUR,304.0,https://valebyte.com/en/servers/amd-epyc-4464p-37ghz-16-cores-beauharnois-ca-1/?utm_source=github&utm_medium=dataset&utm_campaign=dedicated-server-prices
AMD Epyc 7402 2.8GHz 24 cores,AMD Epyc 7402 2.8GHz 24 cores,24,48,,128 GB DDR4 ECC,128,4x 1.92 TB (NVME SoftRAID),7680,True,Unmetered @ 3 Gbps,"London, GB",London,,247,EUR,304.0,https://valebyte.com/en/servers/amd-epyc-7402-28ghz-24-cores-london-gb/?utm_source=github&utm_medium=dataset&utm_campaign=dedicated-server-prices
AMD EPYC 4464P 3.7GHz 16 cores,AMD EPYC 4464P 3.7GHz 16 cores,12,24,,128 GB DDR4 ECC,128,4x 7.68 TB (NVME SoftRAID),30720,True,Unmetered @ 5 Gbps,"Frankfurt, DE",Germany,DE,247,EUR,304.0,https://valebyte.com/en/servers/amd-epyc-4464p-37ghz-16-cores-frankfurt-de-1/?utm_source=github&utm_medium=dataset&utm_campaign=dedicated-server-prices
AMD Epyc 7402 2.8GHz 24 cores,AMD Epyc 7402 2.8GHz 24 cores,24,48,,128 GB DDR4 ECC,128,4x 1.92 TB (NVME SoftRAID),7680,True,Unmetered @ 3 Gbps,"Gravelines, FR",France,FR,247,EUR,304.0,https://valebyte.com/en/servers/amd-epyc-7402-28ghz-24-cores-gravelines-fr/?utm_source=github&utm_medium=dataset&utm_campaign=dedicated-server-prices
AMD EPYC 4464P 3.7GHz 16 cores,AMD EPYC 4464P 3.7GHz 16 cores,12,24,,128 GB DDR4 ECC,128,4x 7.68 TB (NVME SoftRAID),30720,True,Unmetered @ 5 Gbps,"Strasbourg, FR",France,FR,247,EUR,304.0,https://valebyte.com/en/servers/amd-epyc-4464p-37ghz-16-cores-strasbourg-fr-1/?utm_source=github&utm_medium=dataset&utm_campaign=dedicated-server-prices
AMD Epyc 7402 2.8GHz 24 cores,AMD Epyc 7402 2.8GHz 24 cores,24,48,,128 GB DDR4 ECC,128,4x 1.92 TB (NVME SoftRAID),7680,True,Unmetered @ 3 Gbps,"Warsaw, PL",Poland,PL,247,EUR,304.0,https://valebyte.com/en/servers/amd-epyc-7402-28ghz-24-cores-warsaw-pl/?utm_source=github&utm_medium=dataset&utm_campaign=dedicated-server-prices
Intel Xeon E5-2620 v3 2.4GHz 6 cores,Intel Xeon E5-2620 v3 2.4GHz 6 cores,6,12,,16 GB DDR4,16,2x 4 TB (HDD SATA),8000,False,5 TB @ 1 Gbps,"Baku, AZ",Azerbaijan,AZ,251,EUR,309.0,https://valebyte.com/en/servers/intel-xeon-e5-2620-v3-24ghz-6-cores-baku-az-1/?utm_source=github&utm_medium=dataset&utm_campaign=dedicated-server-prices
AMD Ryzen 9 5900X 3.7GHz 12 cores,AMD Ryzen 9 5900X 3.7GHz 12 cores,12,24,,32 GB DDR4,32,500 GB (SSD SATA),500,False,Unmetered @ 1 Gbps,"Budapest, HU",Hungary,HU,251,EUR,309.0,https://valebyte.com/en/servers/amd-ryzen-9-5900x-37ghz-12-cores-budapest-hu-1/?utm_source=github&utm_medium=dataset&utm_campaign=dedicated-server-prices
Intel Xeon E-2276G 3.8GHz 6 cores,Intel Xeon E-2276G 3.8GHz 6 cores,6,12,,64 GB DDR4,64,2x 960 GB (SSD NVMe),1920,True,50 TB @ 10 Gbps,"Sofia, BG",Bulgaria,BG,251,EUR,309.0,https://valebyte.com/en/servers/intel-xeon-e-2276g-38ghz-6-cores-sofia-bg-1/?utm_source=github&utm_medium=dataset&utm_campaign=dedicated-server-prices
Intel Xeon E5-1620 v4 3.5GHz 4 cores,Intel Xeon E5-1620 v4 3.5GHz 4 cores,4,8,,64 GB DDR4,64,12x 4 TB (HDD SATA),48000,False,Unmetered @ 1 Gbps,"Paris, FR",France,FR,252,EUR,310.0,https://valebyte.com/en/servers/intel-xeon-e5-1620-v4-35ghz-4-cores-paris-fr/?utm_source=github&utm_medium=dataset&utm_campaign=dedicated-server-prices
Intel Xeon E3-1241 v3 3.5GHz 4 cores,Intel Xeon E3-1241 v3 3.5GHz 4 cores,4,8,,32 GB DDR3,32,240 GB (SSD SATA),240,False,Unmetered @ 1 Gbps,"Bangkok, TH",Thailand,TH,252,EUR,310.0,https://valebyte.com/en/servers/intel-xeon-e3-1241-v3-35ghz-4-cores-bangkok-th/?utm_source=github&utm_medium=dataset&utm_campaign=dedicated-server-prices
AMD EPYC 7313 3GHz 16 cores,AMD EPYC 7313 3GHz 16 cores,16,32,,64 GB DDR4,64,2x 4 TB (HDD SATA),8000,False,Unmetered @ 1 Gbps,"Warsaw, PL",Poland,PL,252,EUR,310.0,https://valebyte.com/en/servers/amd-epyc-7313-3ghz-16-cores-warsaw-pl/?utm_source=github&utm_medium=dataset&utm_campaign=dedicated-server-prices
AMD EPYC 7313 3GHz 16 cores,AMD EPYC 7313 3GHz 16 cores,16,32,,64 GB DDR4,64,2x 4 TB (HDD SATA),8000,False,Unmetered @ 1 Gbps,"Lille, FR",France,FR,252,EUR,310.0,https://valebyte.com/en/servers/amd-epyc-7313-3ghz-16-cores-lille-fr/?utm_source=github&utm_medium=dataset&utm_campaign=dedicated-server-prices
AMD EPYC 7313 3GHz 16 cores,AMD EPYC 7313 3GHz 16 cores,16,32,,64 GB DDR4,64,2x 4 TB (HDD SATA),8000,False,Unmetered @ 1 Gbps,"London, UK",UK,UK,252,EUR,310.0,https://valebyte.com/en/servers/amd-epyc-7313-3ghz-16-cores-london-uk/?utm_source=github&utm_medium=dataset&utm_campaign=dedicated-server-prices
AMD EPYC 7313 3GHz 16 cores,AMD EPYC 7313 3GHz 16 cores,16,32,,64 GB DDR4,64,2x 4 TB (HDD SATA),8000,False,Unmetered @ 1 Gbps,"Frankfurt, DE",Germany,DE,252,EUR,310.0,https://valebyte.com/en/servers/amd-epyc-7313-3ghz-16-cores-frankfurt-de/?utm_source=github&utm_medium=dataset&utm_campaign=dedicated-server-prices
AMD Ryzen 5 7600X 4.7GHz 6 cores,AMD Ryzen 5 7600X 4.7GHz 6 cores,6,12,,64 GB DDR5,64,1 TB (SSD NVMe),1000,True,20 TB @ 10 Gbps,"Vancouver, CA",Canada,CA,252,EUR,310.0,https://valebyte.com/en/servers/amd-ryzen-5-7600x-47ghz-6-cores-vancouver-ca/?utm_source=github&utm_medium=dataset&utm_campaign=dedicated-server-prices
AMD EPYC 4244P 3.8GHz 6 cores,AMD EPYC 4244P 3.8GHz 6 cores,6,12,,32 GB DDR5,32,1 TB (HDD SATA),1000,False,5 TB @ 1 Gbps,"Tokyo, JP",Japan,JP,256,EUR,315.0,https://valebyte.com/en/servers/amd-epyc-4244p-38ghz-6-cores-tokyo-jp/?utm_source=github&utm_medium=dataset&utm_campaign=dedicated-server-prices
AMD EPYC 4244P 3.8GHz 6 cores,AMD EPYC 4244P 3.8GHz 6 cores,6,12,,32 GB DDR5,32,1 TB (HDD SATA),1000,False,5 TB @ 1 Gbps,"Singapore, SG",Singapore,SG,256,EUR,315.0,https://valebyte.com/en/servers/amd-epyc-4244p-38ghz-6-cores-singapore-sg-2/?utm_source=github&utm_medium=dataset&utm_campaign=dedicated-server-prices
Intel Xeon E3-1230 v3 3.3GHz 4 cores,Intel Xeon E3-1230 v3 3.3GHz 4 cores,4,8,,32 GB DDR3,32,2x 500 GB (SSD SATA),1000,False,Unmetered @ 100 Mbps,"Kuala Lumpur, MY",Malaysia,MY,256,EUR,315.0,https://valebyte.com/en/servers/intel-xeon-e3-1230-v3-33ghz-4-cores-kuala-lumpur-my-2/?utm_source=github&utm_medium=dataset&utm_campaign=dedicated-server-prices
Intel Xeon E3-1230 v3 3.3GHz 4 cores,Intel Xeon E3-1230 v3 3.3GHz 4 cores,4,8,,32 GB DDR3,32,2x 240 GB (SSD SATA),480,False,Unmetered @ 100 Mbps,"Taipei, TW",Taiwan,TW,256,EUR,315.0,https://valebyte.com/en/servers/intel-xeon-e3-1230-v3-33ghz-4-cores-taipei-tw-1/?utm_source=github&utm_medium=dataset&utm_campaign=dedicated-server-prices
[Dual] Intel Xeon E5-2620 v3 2.4GHz 6 cores,[Dual] Intel Xeon E5-2620 v3 2.4GHz 6 cores,6,12,,64 GB DDR4,64,2x 400 GB (SSD SATA),800,False,Unmetered @ 100 Mbps,"Tunis, TN",Tunisia,TN,257,EUR,316.0,https://valebyte.com/en/servers/dual-intel-xeon-e5-2620-v3-24ghz-6-cores-tunis-tn/?utm_source=github&utm_medium=dataset&utm_campaign=dedicated-server-prices
AMD Ryzen 7 PRO 3700 3.6GHz 8 cores,AMD Ryzen 7 PRO 3700 3.6GHz 8 cores,8,16,,32 GB DDR4,32,2x 480 GB (SSD SATA) & 4x 14 TB (HDD SATA),56960,False,Unmetered @ 1 Gbps,"Lille, FR",France,FR,258,EUR,317.0,https://valebyte.com/en/servers/amd-ryzen-7-pro-3700-36ghz-8-cores-lille-fr/?utm_source=github&utm_medium=dataset&utm_campaign=dedicated-server-prices
AMD Ryzen 7 PRO 3700 3.6GHz 8 cores,AMD Ryzen 7 PRO 3700 3.6GHz 8 cores,8,16,,32 GB DDR4,32,2x 480 GB (SSD SATA) & 4x 14 TB (HDD SATA),56960,False,Unmetered @ 1 Gbps,"Warsaw, PL",Poland,PL,258,EUR,317.0,https://valebyte.com/en/servers/amd-ryzen-7-pro-3700-36ghz-8-cores-warsaw-pl/?utm_source=github&utm_medium=dataset&utm_campaign=dedicated-server-prices
AMD Ryzen 7 PRO 3700 3.6GHz 8 cores,AMD Ryzen 7 PRO 3700 3.6GHz 8 cores,8,16,,32 GB DDR4,32,2x 480 GB (SSD SATA) & 4x 14 TB (HDD SATA),56960,False,Unmetered @ 1 Gbps,"London, UK",UK,UK,258,EUR,317.0,https://valebyte.com/en/servers/amd-ryzen-7-pro-3700-36ghz-8-cores-london-uk/?utm_source=github&utm_medium=dataset&utm_campaign=dedicated-server-prices
[Dual] Intel Xeon E5-2620 v4 2GHz 8 cores,[Dual] Intel Xeon E5-2620 v4 2GHz 8 cores,8,16,,32 GB DDR4,32,2x 2 TB (HDD SATA),4000,False,5 TB @ 1 Gbps,"Oslo, NO",Norway,NO,260,EUR,320.0,https://valebyte.com/en/servers/dual-intel-xeon-e5-2620-v4-2ghz-8-cores-oslo-no/?utm_source=github&utm_medium=dataset&utm_campaign=dedicated-server-prices
[Dual] Intel Xeon E5-2620 v4 2GHz 8 cores,[Dual] Intel Xeon E5-2620 v4 2GHz 8 cores,8,16,,32 GB DDR4,32,2x 2 TB (HDD SATA),4000,False,5 TB @ 1 Gbps,"Dublin, IE",Ireland,IE,260,EUR,320.0,https://valebyte.com/en/servers/dual-intel-xeon-e5-2620-v4-2ghz-8-cores-dublin-ie/?utm_source=github&utm_medium=dataset&utm_campaign=dedicated-server-prices
[Dual] Intel Xeon E5-2620 v4 2GHz 8 cores,[Dual] Intel Xeon E5-2620 v4 2GHz 8 cores,8,16,,32 GB DDR4,32,2x 2 TB (HDD SATA),4000,False,5 TB @ 1 Gbps,"Madrid, ES",Spain,ES,260,EUR,320.0,https://valebyte.com/en/servers/dual-intel-xeon-e5-2620-v4-2ghz-8-cores-madrid-es/?utm_source=github&utm_medium=dataset&utm_campaign=dedicated-server-prices
[Dual] Intel Xeon E5-2620 v4 2GHz 8 cores,[Dual] Intel Xeon E5-2620 v4 2GHz 8 cores,8,16,,32 GB DDR4,32,2x 2 TB (HDD SATA),4000,False,5 TB @ 1 Gbps,"Budapest, HU",Hungary,HU,260,EUR,320.0,https://valebyte.com/en/servers/dual-intel-xeon-e5-2620-v4-2ghz-8-cores-budapest-hu/?utm_source=github&utm_medium=dataset&utm_campaign=dedicated-server-prices
AMD EPYC 7401P 2.00GHz 24 cores,AMD EPYC 7401P 2.00GHz 24 cores,24,48,26392,128 GB DDR4,128,2 x 1 TB (NVMe SSD),2000,True,Unmetered @ 1 Gbps,"Paris, FR",France,FR,260,EUR,320.0,https://valebyte.com/en/servers/amd-epyc-7401p-2-00ghz-24-128gb-2000gb-paris-fr-2c3abd/?utm_source=github&utm_medium=dataset&utm_campaign=dedicated-server-prices
[Dual] Intel Xeon E5-2620 v4 2GHz 8 cores,[Dual] Intel Xeon E5-2620 v4 2GHz 8 cores,8,16,,32 GB DDR4,32,2x 2 TB (HDD SATA),4000,False,5 TB @ 1 Gbps,"Prague, CZ",Czechia (Czech Republic),CZ,260,EUR,320.0,https://valebyte.com/en/servers/dual-intel-xeon-e5-2620-v4-2ghz-8-cores-prague-cz/?utm_source=github&utm_medium=dataset&utm_campaign=dedicated-server-prices
[Dual] Intel Xeon E5-2620 v4 2GHz 8 cores,[Dual] Intel Xeon E5-2620 v4 2GHz 8 cores,8,16,,32 GB DDR4,32,2x 2 TB (HDD SATA),4000,False,5 TB @ 1 Gbps,"Manchester, UK",UK,UK,260,EUR,320.0,https://valebyte.com/en/servers/dual-intel-xeon-e5-2620-v4-2ghz-8-cores-manchester-uk/?utm_source=github&utm_medium=dataset&utm_campaign=dedicated-server-prices
Intel Xeon Silver 4114 2.20GHz 2x 20 cores,Intel Xeon Silver 4114 2.20GHz 2x 20 cores,20,40,21179,192 GB DDR4,192,2 x 1 TB (NVMe SSD),2000,True,Unmetered @ 1 Gbps,"Paris, FR",France,FR,260,EUR,320.0,https://valebyte.com/en/servers/intel-xeon-silver-4114-2-20ghz-2x-20-192gb-2000gb-paris-fr-d714c2/?utm_source=github&utm_medium=dataset&utm_campaign=dedicated-server-prices
[Dual] Intel Xeon E5-2620 v4 2GHz 8 cores,[Dual] Intel Xeon E5-2620 v4 2GHz 8 cores,8,16,,32 GB DDR4,32,2x 2 TB (HDD SATA),4000,False,5 TB @ 1 Gbps,"Bratislava, SK",Slovakia,SK,260,EUR,320.0,https://valebyte.com/en/servers/dual-intel-xeon-e5-2620-v4-2ghz-8-cores-bratislava-sk-1/?utm_source=github&utm_medium=dataset&utm_campaign=dedicated-server-prices
[Dual] Intel Xeon E5-2620 v4 2GHz 8 cores,[Dual] Intel Xeon E5-2620 v4 2GHz 8 cores,8,16,,32 GB DDR4,32,2x 2 TB (HDD SATA),4000,False,5 TB @ 1 Gbps,"Belgrade, RS",Serbia,RS,260,EUR,320.0,https://valebyte.com/en/servers/dual-intel-xeon-e5-2620-v4-2ghz-8-cores-belgrade-rs/?utm_source=github&utm_medium=dataset&utm_campaign=dedicated-server-prices
[Dual] Intel Xeon E5-2620 v4 2GHz 8 cores,[Dual] Intel Xeon E5-2620 v4 2GHz 8 cores,8,16,,32 GB DDR4,32,2x 2 TB (HDD SATA),4000,False,5 TB @ 1 Gbps,"Rome, IT",Italy,IT,260,EUR,320.0,https://valebyte.com/en/servers/dual-intel-xeon-e5-2620-v4-2ghz-8-cores-rome-it/?utm_source=github&utm_medium=dataset&utm_campaign=dedicated-server-prices
[Dual] Intel Xeon E5-2620 v4 2GHz 8 cores,[Dual] Intel Xeon E5-2620 v4 2GHz 8 cores,8,16,,32 GB DDR4,32,2x 2 TB (HDD SATA),4000,False,5 TB @ 1 Gbps,"Bucharest, RO",Romania,RO,260,EUR,320.0,https://valebyte.com/en/servers/dual-intel-xeon-e5-2620-v4-2ghz-8-cores-bucharest-ro/?utm_source=github&utm_medium=dataset&utm_campaign=dedicated-server-prices
[Dual] Intel Xeon E5-2620 v4 2GHz 8 cores,[Dual] Intel Xeon E5-2620 v4 2GHz 8 cores,8,16,,32 GB DDR4,32,2x 2 TB (HDD SATA),4000,False,5 TB @ 1 Gbps,"Vienna, AT",Austria,AT,260,EUR,320.0,https://valebyte.com/en/servers/dual-intel-xeon-e5-2620-v4-2ghz-8-cores-vienna-at/?utm_source=github&utm_medium=dataset&utm_campaign=dedicated-server-prices
[Dual] Intel Xeon E5-2620 v4 2GHz 8 cores,[Dual] Intel Xeon E5-2620 v4 2GHz 8 cores,8,16,,32 GB DDR4,32,2x 2 TB (HDD SATA),4000,False,5 TB @ 1 Gbps,"Milan, IT",Italy,IT,260,EUR,320.0,https://valebyte.com/en/servers/dual-intel-xeon-e5-2620-v4-2ghz-8-cores-milan-it/?utm_source=github&utm_medium=dataset&utm_campaign=dedicated-server-prices
[Dual] Intel Xeon E5-2620 v4 2GHz 8 cores,[Dual] Intel Xeon E5-2620 v4 2GHz 8 cores,8,16,,32 GB DDR4,32,2x 2 TB (HDD SATA),4000,False,5 TB @ 1 Gbps,"Stockholm, SE",Sweden,SE,260,EUR,320.0,https://valebyte.com/en/servers/dual-intel-xeon-e5-2620-v4-2ghz-8-cores-stockholm-se/?utm_source=github&utm_medium=dataset&utm_campaign=dedicated-server-prices
[Dual] Intel Xeon E5-2620 v4 2GHz 8 cores,[Dual] Intel Xeon E5-2620 v4 2GHz 8 cores,8,16,,32 GB DDR4,32,2x 2 TB (HDD SATA),4000,False,5 TB @ 1 Gbps,"Brussels, BE",Belgium,BE,260,EUR,320.0,https://valebyte.com/en/servers/dual-intel-xeon-e5-2620-v4-2ghz-8-cores-brussels-be/?utm_source=github&utm_medium=dataset&utm_campaign=dedicated-server-prices
[Dual] Intel Xeon E5-2620 v4 2GHz 8 cores,[Dual] Intel Xeon E5-2620 v4 2GHz 8 cores,8,16,,32 GB DDR4,32,2x 2 TB (HDD SATA),4000,False,5 TB @ 1 Gbps,"Barcelona, ES",Spain,ES,260,EUR,320.0,https://valebyte.com/en/servers/dual-intel-xeon-e5-2620-v4-2ghz-8-cores-barcelona-es-1/?utm_source=github&utm_medium=dataset&utm_campaign=dedicated-server-prices
[Dual] Intel Xeon E5-2620 v4 2GHz 8 cores,[Dual] Intel Xeon E5-2620 v4 2GHz 8 cores,8,16,,32 GB DDR4,32,2x 2 TB (HDD SATA),4000,False,5 TB @ 1 Gbps,"Zurich, CH",Switzerland,CH,260,EUR,320.0,https://valebyte.com/en/servers/dual-intel-xeon-e5-2620-v4-2ghz-8-cores-zurich-ch/?utm_source=github&utm_medium=dataset&utm_campaign=dedicated-server-prices
AMD Epyc 7413 2.65GHz 24 cores,AMD Epyc 7413 2.65GHz 24 cores,24,48,,256 GB DDR4 ECC,256,2x 3.84 TB (NVME SoftRAID),7680,True,Unmetered @ 1 Gbps,"Gravelines, FR",France,FR,262,EUR,322.0,https://valebyte.com/en/servers/amd-epyc-7413-265ghz-24-cores-gravelines-fr-1/?utm_source=github&utm_medium=dataset&utm_campaign=dedicated-server-prices
Intel Xeon E-2488 3.2GHz 8 cores,Intel Xeon E-2488 3.2GHz 8 cores,8,16,,16 GB DDR5,16,240 GB (SSD SATA),240,False,5 TB @ 1 Gbps,"Hong Kong, HK",Hong Kong,HK,262,EUR,322.0,https://valebyte.com/en/servers/intel-xeon-e-2488-32ghz-8-cores-hong-kong-hk/?utm_source=github&utm_medium=dataset&utm_campaign=dedicated-server-prices
AMD Epyc 7413 2.65GHz 24 cores,AMD Epyc 7413 2.65GHz 24 cores,24,48,,256 GB DDR4 ECC,256,2x 3.84 TB (NVME SoftRAID),7680,True,Unmetered @ 1 Gbps,"Roubaix, FR",France,FR,262,EUR,322.0,https://valebyte.com/en/servers/amd-epyc-7413-265ghz-24-cores-roubaix-fr-1/?utm_source=github&utm_medium=dataset&utm_campaign=dedicated-server-prices
AMD Epyc 7413 2.65GHz 24 cores,AMD Epyc 7413 2.65GHz 24 cores,24,48,,256 GB DDR4 ECC,256,2x 3.84 TB (NVME SoftRAID),7680,True,Unmetered @ 1 Gbps,"Warsaw, PL",Poland,PL,262,EUR,322.0,https://valebyte.com/en/servers/amd-epyc-7413-265ghz-24-cores-warsaw-pl-2/?utm_source=github&utm_medium=dataset&utm_campaign=dedicated-server-prices
AMD Epyc 7413 2.65GHz 24 cores,AMD Epyc 7413 2.65GHz 24 cores,24,48,,256 GB DDR4 ECC,256,2x 3.84 TB (NVME SoftRAID),7680,True,Unmetered @ 1 Gbps,"London, GB",London,,262,EUR,322.0,https://valebyte.com/en/servers/amd-epyc-7413-265ghz-24-cores-london-gb-1/?utm_source=github&utm_medium=dataset&utm_campaign=dedicated-server-prices
AMD Epyc 7413 2.65GHz 24 cores,AMD Epyc 7413 2.65GHz 24 cores,24,48,,256 GB DDR4 ECC,256,2x 3.84 TB (NVME SoftRAID),7680,True,Unmetered @ 1 Gbps,"Strasbourg, FR",France,FR,262,EUR,322.0,https://valebyte.com/en/servers/amd-epyc-7413-265ghz-24-cores-strasbourg-fr-1/?utm_source=github&utm_medium=dataset&utm_campaign=dedicated-server-prices
Intel Xeon E-2236 3.4GHz 6 cores,Intel Xeon E-2236 3.4GHz 6 cores,6,12,,16 GB DDR4,16,1 TB (HDD SATA),1000,False,25 TB @ 1 Gbps,"Porto, PT",Portugal,PT,263,EUR,323.0,https://valebyte.com/en/servers/intel-xeon-e-2236-34ghz-6-cores-porto-pt/?utm_source=github&utm_medium=dataset&utm_campaign=dedicated-server-prices
Intel Xeon E3-1270 v6 3.8GHz 4 cores,Intel Xeon E3-1270 v6 3.8GHz 4 cores,4,8,,16 GB DDR4,16,2 TB (HDD SATA),2000,False,5 TB @ 1 Gbps,"Dubai, AE",United Arab Emirates,AE,263,EUR,323.0,https://valebyte.com/en/servers/intel-xeon-e3-1270-v6-38ghz-4-cores-dubai-ae/?utm_source=github&utm_medium=dataset&utm_campaign=dedicated-server-prices
Intel Xeon E5-2630 v4 2.2GHz 10 cores,Intel Xeon E5-2630 v4 2.2GHz 10 cores,10,20,,128 GB DDR4,128,2x 1 TB (SSD SATA),2000,False,100 TB @ 10 Gbps,"Hong Kong, HK",Hong Kong,HK,263,EUR,323.0,https://valebyte.com/en/servers/intel-xeon-e5-2630-v4-22ghz-10-cores-hong-kong-hk/?utm_source=github&utm_medium=dataset&utm_campaign=dedicated-server-prices
Intel Xeon E5-2630 v4 2.2GHz 10 cores,Intel Xeon E5-2630 v4 2.2GHz 10 cores,10,20,,128 GB DDR4,128,2x 1 TB (HDD SATA),2000,False,10 TB @ 1 Gbps,"Bratislava, SK",Slovakia,SK,263,EUR,323.0,https://valebyte.com/en/servers/intel-xeon-e5-2630-v4-22ghz-10-cores-bratislava-sk/?utm_source=github&utm_medium=dataset&utm_campaign=dedicated-server-prices
Intel Xeon E-2288G 3.7GHz 8 cores,Intel Xeon E-2288G 3.7GHz 8 cores,8,16,,32 GB DDR4,32,500 GB (HDD SATA),500,False,20 TB @ 1 Gbps,"Luxembourg, LU",Luxembourg,LU,263,EUR,323.0,https://valebyte.com/en/servers/intel-xeon-e-2288g-37ghz-8-cores-luxembourg-lu/?utm_source=github&utm_medium=dataset&utm_campaign=dedicated-server-prices
Intel Xeon E-2236 3.4GHz 6 cores,Intel Xeon E-2236 3.4GHz 6 cores,6,12,,16 GB DDR4,16,1 TB (HDD SATA),1000,False,25 TB @ 1 Gbps,"Lisbon, PT",Portugal,PT,263,EUR,323.0,https://valebyte.com/en/servers/intel-xeon-e-2236-34ghz-6-cores-lisbon-pt/?utm_source=github&utm_medium=dataset&utm_campaign=dedicated-server-prices
Intel Xeon E5-2640 v4 2.4GHz 10 cores,Intel Xeon E5-2640 v4 2.4GHz 10 cores,10,20,,64 GB DDR4,64,2x 960 GB (SSD SATA),1920,False,Unmetered @ 1 Gbps,"Novi Travnik, BA",Bosnia and Herzegovina,BA,263,EUR,323.0,https://valebyte.com/en/servers/intel-xeon-e5-2640-v4-24ghz-10-cores-novi-travnik-ba/?utm_source=github&utm_medium=dataset&utm_campaign=dedicated-server-prices
[Dual] AMD EPYC 7402 2.8GHz 24 cores,[Dual] AMD EPYC 7402 2.8GHz 24 cores,24,48,,64 GB DDR4,64,2x 512 GB (SSD SATA),1024,False,Unmetered @ 1 Gbps,"Manchester, UK",UK,UK,264,EUR,324.0,https://valebyte.com/en/servers/dual-amd-epyc-7402-28ghz-24-cores-manchester-uk-1/?utm_source=github&utm_medium=dataset&utm_campaign=dedicated-server-prices
[Dual] AMD EPYC 7402 2.8GHz 24 cores,[Dual] AMD EPYC 7402 2.8GHz 24 cores,24,48,,64 GB DDR4,64,2x 512 GB (SSD SATA),1024,False,Unmetered @ 1 Gbps,"Nottingham, UK",UK,UK,264,EUR,324.0,https://valebyte.com/en/servers/dual-amd-epyc-7402-28ghz-24-cores-nottingham-uk-2/?utm_source=github&utm_medium=dataset&utm_campaign=dedicated-server-prices
AMD EPYC 4244P 3.8GHz 6 cores,AMD EPYC 4244P 3.8GHz 6 cores,6,12,,32 GB DDR5,32,1 TB (HDD SATA),1000,False,5 TB @ 1 Gbps,"Sydney, AU",Australia,AU,267,EUR,328.0,https://valebyte.com/en/servers/amd-epyc-4244p-38ghz-6-cores-sydney-au-4/?utm_source=github&utm_medium=dataset&utm_campaign=dedicated-server-prices
AMD EPYC 4244P 3.8GHz 6 cores,AMD EPYC 4244P 3.8GHz 6 cores,6,12,,32 GB DDR5,32,1 TB (HDD SATA),1000,False,5 TB @ 1 Gbps,"Sao Paulo, BR",Brazil,BR,267,EUR,328.0,https://valebyte.com/en/servers/amd-epyc-4244p-38ghz-6-cores-sao-paulo-br-1/?utm_source=github&utm_medium=dataset&utm_campaign=dedicated-server-prices
AMD EPYC 7502P,AMD EPYC 7502P,,,,128 GB DDR4 ECC,128,1x 1.0 TB (SSD SATA),1000,False,Unmetered @ 1 Gbps,"Falkenstein, Germany",Germany,DE,268,EUR,329.0,https://valebyte.com/en/servers/amd-epyc-7502p-falkenstein-germany/?utm_source=github&utm_medium=dataset&utm_campaign=dedicated-server-prices
AMD EPYC 4464P 3.7GHz 16 cores,AMD EPYC 4464P 3.7GHz 16 cores,12,24,,64 GB DDR5 ECC,64,2x 960 GB (NVME SoftRAID),1920,True,Unmetered @ 500 Mbps,"Mumbai, IN",India,IN,268,EUR,329.0,https://valebyte.com/en/servers/amd-epyc-4464p-37ghz-16-cores-mumbai-in-1/?utm_source=github&utm_medium=dataset&utm_campaign=dedicated-server-prices
AMD EPYC 4464P 3.7GHz 16 cores,AMD EPYC 4464P 3.7GHz 16 cores,12,24,,128 GB DDR4 ECC,128,4x 3.84 TB (NVME SoftRAID),15360,True,Unmetered @ 500 Mbps,"Sydney, AU",Australia,AU,268,EUR,329.0,https://valebyte.com/en/servers/amd-epyc-4464p-37ghz-16-cores-sydney-au-1/?utm_source=github&utm_medium=dataset&utm_campaign=dedicated-server-prices
AMD EPYC 7502P,AMD EPYC 7502P,,,,128 GB DDR4 ECC,128,1x 960 GB (NVMe),960,True,Unmetered @ 1 Gbps,"Helsinki, Finland",Finland,FI,268,EUR,329.0,https://valebyte.com/en/servers/amd-epyc-7502p-helsinki-finland-1/?utm_source=github&utm_medium=dataset&utm_campaign=dedicated-server-prices
Intel Xeon E-2276G 3.8GHz 6 cores,Intel Xeon E-2276G 3.8GHz 6 cores,6,12,,16 GB DDR4,16,1 TB (HDD SATA),1000,False,5 TB @ 1 Gbps,"Dubai, AE",United Arab Emirates,AE,269,EUR,331.0,https://valebyte.com/en/servers/intel-xeon-e-2276g-38ghz-6-cores-dubai-ae/?utm_source=github&utm_medium=dataset&utm_campaign=dedicated-server-prices
AMD Ryzen 7 9700X 3.8GHz 8 cores,AMD Ryzen 7 9700X 3.8GHz 8 cores,8,16,,64 GB DDR5,64,2x 960 GB (SSD NVMe),1920,True,10 TB @ 1 Gbps,"Mumbai, IN",India,IN,269,EUR,331.0,https://valebyte.com/en/servers/amd-ryzen-7-9700x-38ghz-8-cores-mumbai-in/?utm_source=github&utm_medium=dataset&utm_campaign=dedicated-server-prices
[Dual] Intel Xeon E5-2640 v4 2.4GHz 10 cores,[Dual] Intel Xeon E5-2640 v4 2.4GHz 10 cores,10,20,,128 GB DDR4,128,4x 1 TB (SSD SATA),4000,False,Unmetered @ 1 Gbps,"Riga, LV",Latvia,LV,270,EUR,332.0,https://valebyte.com/en/servers/dual-intel-xeon-e5-2640-v4-24ghz-10-cores-riga-lv/?utm_source=github&utm_medium=dataset&utm_campaign=dedicated-server-prices
AMD EPYC 4584PX 4.2GHz 16 cores,AMD EPYC 4584PX 4.2GHz 16 cores,16,32,,64 GB DDR5,64,2x 240 GB (SSD SATA),480,False,5 TB @ 1 Gbps,"Copenhagen, DK",Denmark,DK,270,EUR,332.0,https://valebyte.com/en/servers/amd-epyc-4584px-42ghz-16-cores-copenhagen-dk-1/?utm_source=github&utm_medium=dataset&utm_campaign=dedicated-server-prices
[Dual] Intel Xeon E5-2660 v4 2GHz 14 cores,[Dual] Intel Xeon E5-2660 v4 2GHz 14 cores,14,28,,256 GB DDR4,256,3x 6 TB (HDD SATA),18000,False,Unmetered @ 1 Gbps,"Paris, FR",France,FR,270,EUR,332.0,https://valebyte.com/en/servers/dual-intel-xeon-e5-2660-v4-2ghz-14-cores-paris-fr/?utm_source=github&utm_medium=dataset&utm_campaign=dedicated-server-prices
AMD EPYC 7401P 2GHz 24 cores,AMD EPYC 7401P 2GHz 24 cores,24,48,,256 GB DDR4,256,3x 1 TB (SSD NVMe),3000,True,Unmetered @ 1 Gbps,"Paris, FR",France,FR,270,EUR,332.0,https://valebyte.com/en/servers/amd-epyc-7401p-2ghz-24-cores-paris-fr/?utm_source=github&utm_medium=dataset&utm_campaign=dedicated-server-prices
AMD Epyc 4545P 256GB,AMD Epyc 4545P,16,32,,256GB DDR5,256,4TB NVMe,4000,True,1 Gbps Unmetered,"NL, US",United States,US,335,USD,335.0,https://valebyte.com/en/servers/amd-epyc-4545p-256gb-nl-us/?utm_source=github&utm_medium=dataset&utm_campaign=dedicated-server-prices
AMD Epyc 4564P,AMD Epyc 4564P,16,32,,192GB DDR5,192,2x 1 TB (NVMe),2000,True,100TB @ 10Gbps,"Stockholm, SE",Sweden,SE,336,USD,336.0,https://valebyte.com/en/servers/amd-epyc-4564p-stockholm-se/?utm_source=github&utm_medium=dataset&utm_campaign=dedicated-server-prices
Intel Xeon E-2246G 3.6GHz 6 cores,Intel Xeon E-2246G 3.6GHz 6 cores,6,12,,32 GB DDR4,32,2x 480 GB (SSD SATA),960,False,25 TB @ 10 Gbps,"Mumbai, IN",India,IN,273,EUR,336.0,https://valebyte.com/en/servers/intel-xeon-e-2246g-36ghz-6-cores-mumbai-in/?utm_source=github&utm_medium=dataset&utm_campaign=dedicated-server-prices
AMD EPYC 7272 2.90GHz 12 cores,AMD EPYC 7272 2.90GHz 12 cores,12,24,25568,256 GB DDR4,256,2 x 2.05 TB (NVMe),4100,True,Unmetered @ 1 Gbps,"Warsaw, PL",Poland,PL,274,EUR,337.0,https://valebyte.com/en/servers/amd-epyc-7272-2-90ghz-12-256gb-4097gb-warsaw-pl-712bca/?utm_source=github&utm_medium=dataset&utm_campaign=dedicated-server-prices
AMD EPYC 7272 2.90GHz 12 cores,AMD EPYC 7272 2.90GHz 12 cores,12,24,25568,256 GB DDR4,256,2 x 2.05 TB (NVMe),4100,True,Unmetered @ 1 Gbps,"Paris, FR",France,FR,274,EUR,337.0,https://valebyte.com/en/servers/amd-epyc-7272-2-90ghz-12-256gb-4097gb-paris-fr-89f232/?utm_source=github&utm_medium=dataset&utm_campaign=dedicated-server-prices
AMD EPYC 7313 3GHz 16 cores,AMD EPYC 7313 3GHz 16 cores,16,32,,64 GB DDR4,64,2x 4 TB (HDD SATA),8000,False,Unmetered @ 1 Gbps,"Montreal, CA",Canada,CA,274,EUR,337.0,https://valebyte.com/en/servers/amd-epyc-7313-3ghz-16-cores-montreal-ca/?utm_source=github&utm_medium=dataset&utm_campaign=dedicated-server-prices
AMD EPYC 7272 2.90GHz 12 cores,AMD EPYC 7272 2.90GHz 12 cores,12,24,25568,256 GB DDR4,256,2 x 2 TB (NVMe SSD),4000,True,Unmetered @ 1 Gbps,"Paris, FR",France,FR,274,EUR,337.0,https://valebyte.com/en/servers/amd-epyc-7272-2-90ghz-12-256gb-4000gb-paris-fr-598e45/?utm_source=github&utm_medium=dataset&utm_campaign=dedicated-server-prices
AMD EPYC 7272 2.90GHz 12 cores,AMD EPYC 7272 2.90GHz 12 cores,12,24,25568,256 GB DDR4,256,2 x 2.05 TB (NVMe),4100,True,Unmetered @ 1 Gbps,"Amsterdam, NL",Netherlands,NL,274,EUR,337.0,https://valebyte.com/en/servers/amd-epyc-7272-2-90ghz-12-256gb-4097gb-amsterdam-nl-01b064/?utm_source=github&utm_medium=dataset&utm_campaign=dedicated-server-prices
Intel Xeon E5-2680 v4 2.4GHz 14 cores,Intel Xeon E5-2680 v4 2.4GHz 14 cores,14,28,,64 GB DDR4,64,2x 960 GB (SSD SATA),1920,False,Unmetered @ 1 Gbps,"Novi Travnik, BA",Bosnia and Herzegovina,BA,275,EUR,338.0,https://valebyte.com/en/servers/intel-xeon-e5-2680-v4-24ghz-14-cores-novi-travnik-ba/?utm_source=github&utm_medium=dataset&utm_campaign=dedicated-server-prices
Intel Xeon E5-2620 v4 2GHz 8 cores,Intel Xeon E5-2620 v4 2GHz 8 cores,8,16,,16 GB DDR4,16,2x 500 GB (HDD SATA),1000,False,Unmetered @ 1 Gbps,"Tirana, AL",Albania,AL,275,EUR,338.0,https://valebyte.com/en/servers/intel-xeon-e5-2620-v4-2ghz-8-cores-tirana-al/?utm_source=github&utm_medium=dataset&utm_campaign=dedicated-server-prices
[Dual] Intel Xeon E5-2620 v3 2.4GHz 6 cores,[Dual] Intel Xeon E5-2620 v3 2.4GHz 6 cores,6,12,,96 GB DDR4,96,24x 500 GB (SSD SATA),12000,False,Unmetered @ 1 Gbps,"Paris, FR",France,FR,276,EUR,339.0,https://valebyte.com/en/servers/dual-intel-xeon-e5-2620-v3-24ghz-6-cores-paris-fr-1/?utm_source=github&utm_medium=dataset&utm_campaign=dedicated-server-prices
AMD EPYC 4245P,"AMD EPYC 4245P, 6C/12T @ 3.9GHz",6,12,,64 GB DDR5,64,2x953GB (NVME),1906,True,Unmetered @ 3 Gbps,"Paris, FR",France,FR,276,EUR,339.0,https://valebyte.com/en/servers/amd-epyc-4245p-paris-fr-3/?utm_source=github&utm_medium=dataset&utm_campaign=dedicated-server-prices
AMD Ryzen 9 7900 3.7GHz 12 cores,AMD Ryzen 9 7900 3.7GHz 12 cores,12,24,,64 GB DDR5,64,2x 240 GB (SSD SATA),480,False,5 TB @ 1 Gbps,"Bucharest, RO",Romania,RO,276,EUR,339.0,https://valebyte.com/en/servers/amd-ryzen-9-7900-37ghz-12-cores-bucharest-ro/?utm_source=github&utm_medium=dataset&utm_campaign=dedicated-server-prices
AMD EPYC 7371 3.1GHz 16 cores,AMD EPYC 7371 3.1GHz 16 cores,16,32,,256 GB DDR4,256,2x 960 GB (SSD NVMe),1920,True,Unmetered @ 1 Gbps,"Lille, FR",France,FR,276,EUR,339.0,https://valebyte.com/en/servers/amd-epyc-7371-31ghz-16-cores-lille-fr-1/?utm_source=github&utm_medium=dataset&utm_campaign=dedicated-server-prices
[Dual] Intel Xeon E5-2620 v4 2GHz 8 cores,[Dual] Intel Xeon E5-2620 v4 2GHz 8 cores,8,16,,96 GB DDR4,96,2x 960 GB (SSD SATA) & 10x 10 TB (HDD SATA),101920,False,100 TB @ 1 Gbps,"Amsterdam, NL",Netherlands,NL,276,EUR,339.0,https://valebyte.com/en/servers/dual-intel-xeon-e5-2620-v4-2ghz-8-cores-amsterdam-nl-4/?utm_source=github&utm_medium=dataset&utm_campaign=dedicated-server-prices
AMD Ryzen 9 7900 3.7GHz 12 cores,AMD Ryzen 9 7900 3.7GHz 12 cores,12,24,,64 GB DDR5,64,2x 240 GB (SSD SATA),480,False,5 TB @ 1 Gbps,"Dublin, IE",Ireland,IE,276,EUR,339.0,https://valebyte.com/en/servers/amd-ryzen-9-7900-37ghz-12-cores-dublin-ie/?utm_source=github&utm_medium=dataset&utm_campaign=dedicated-server-prices
AMD Ryzen 9 7900 3.7GHz 12 cores,AMD Ryzen 9 7900 3.7GHz 12 cores,12,24,,64 GB DDR5,64,2x 240 GB (SSD SATA),480,False,5 TB @ 1 Gbps,"Vienna, AT",Austria,AT,276,EUR,339.0,https://valebyte.com/en/servers/amd-ryzen-9-7900-37ghz-12-cores-vienna-at/?utm_source=github&utm_medium=dataset&utm_campaign=dedicated-server-prices
AMD Ryzen 9 7900 3.7GHz 12 cores,AMD Ryzen 9 7900 3.7GHz 12 cores,12,24,,64 GB DDR5,64,2x 240 GB (SSD SATA),480,False,5 TB @ 1 Gbps,"Belgrade, RS",Serbia,RS,276,EUR,339.0,https://valebyte.com/en/servers/amd-ryzen-9-7900-37ghz-12-cores-belgrade-rs/?utm_source=github&utm_medium=dataset&utm_campaign=dedicated-server-prices
AMD Ryzen 9 7900 3.7GHz 12 cores,AMD Ryzen 9 7900 3.7GHz 12 cores,12,24,,64 GB DDR5,64,2x 240 GB (SSD SATA),480,False,5 TB @ 1 Gbps,"Barcelona, ES",Spain,ES,276,EUR,339.0,https://valebyte.com/en/servers/amd-ryzen-9-7900-37ghz-12-cores-barcelona-es-1/?utm_source=github&utm_medium=dataset&utm_campaign=dedicated-server-prices
AMD Ryzen 9 7900 3.7GHz 12 cores,AMD Ryzen 9 7900 3.7GHz 12 cores,12,24,,64 GB DDR5,64,2x 240 GB (SSD SATA),480,False,5 TB @ 1 Gbps,"Stockholm, SE",Sweden,SE,276,EUR,339.0,https://valebyte.com/en/servers/amd-ryzen-9-7900-37ghz-12-cores-stockholm-se/?utm_source=github&utm_medium=dataset&utm_campaign=dedicated-server-prices
AMD Ryzen 9 7900 3.7GHz 12 cores,AMD Ryzen 9 7900 3.7GHz 12 cores,12,24,,64 GB DDR5,64,2x 240 GB (SSD SATA),480,False,5 TB @ 1 Gbps,"Prague, CZ",Czechia (Czech Republic),CZ,276,EUR,339.0,https://valebyte.com/en/servers/amd-ryzen-9-7900-37ghz-12-cores-prague-cz/?utm_source=github&utm_medium=dataset&utm_campaign=dedicated-server-prices
AMD Ryzen 9 7900 3.7GHz 12 cores,AMD Ryzen 9 7900 3.7GHz 12 cores,12,24,,64 GB DDR5,64,2x 240 GB (SSD SATA),480,False,5 TB @ 1 Gbps,"Sofia, BG",Bulgaria,BG,276,EUR,339.0,https://valebyte.com/en/servers/amd-ryzen-9-7900-37ghz-12-cores-sofia-bg/?utm_source=github&utm_medium=dataset&utm_campaign=dedicated-server-prices
AMD Ryzen 9 7900 3.7GHz 12 cores,AMD Ryzen 9 7900 3.7GHz 12 cores,12,24,,64 GB DDR5,64,2x 240 GB (SSD SATA),480,False,5 TB @ 1 Gbps,"Budapest, HU",Hungary,HU,276,EUR,339.0,https://valebyte.com/en/servers/amd-ryzen-9-7900-37ghz-12-cores-budapest-hu/?utm_source=github&utm_medium=dataset&utm_campaign=dedicated-server-prices
AMD EPYC 7371 3.1GHz 16 cores,AMD EPYC 7371 3.1GHz 16 cores,16,32,,256 GB DDR4,256,2x 960 GB (SSD NVMe),1920,True,Unmetered @ 1 Gbps,"Frankfurt, DE",Germany,DE,276,EUR,339.0,https://valebyte.com/en/servers/amd-epyc-7371-31ghz-16-cores-frankfurt-de/?utm_source=github&utm_medium=dataset&utm_campaign=dedicated-server-prices
AMD Ryzen 9 7900 3.7GHz 12 cores,AMD Ryzen 9 7900 3.7GHz 12 cores,12,24,,64 GB DDR5,64,2x 240 GB (SSD SATA),480,False,5 TB @ 1 Gbps,"Bratislava, SK",Slovakia,SK,276,EUR,339.0,https://valebyte.com/en/servers/amd-ryzen-9-7900-37ghz-12-cores-bratislava-sk/?utm_source=github&utm_medium=dataset&utm_campaign=dedicated-server-prices
AMD Ryzen 9 7900 3.7GHz 12 cores,AMD Ryzen 9 7900 3.7GHz 12 cores,12,24,,64 GB DDR5,64,2x 240 GB (SSD SATA),480,False,5 TB @ 1 Gbps,"Brussels, BE",Belgium,BE,276,EUR,339.0,https://valebyte.com/en/servers/amd-ryzen-9-7900-37ghz-12-cores-brussels-be/?utm_source=github&utm_medium=dataset&utm_campaign=dedicated-server-prices
AMD Ryzen 9 7900 3.7GHz 12 cores,AMD Ryzen 9 7900 3.7GHz 12 cores,12,24,,64 GB DDR5,64,2x 240 GB (SSD SATA),480,False,5 TB @ 1 Gbps,"Manchester, UK",UK,UK,276,EUR,339.0,https://valebyte.com/en/servers/amd-ryzen-9-7900-37ghz-12-cores-manchester-uk/?utm_source=github&utm_medium=dataset&utm_campaign=dedicated-server-prices
AMD Ryzen 9 7900 3.7GHz 12 cores,AMD Ryzen 9 7900 3.7GHz 12 cores,12,24,,64 GB DDR5,64,2x 240 GB (SSD SATA),480,False,5 TB @ 1 Gbps,"Rome, IT",Italy,IT,276,EUR,339.0,https://valebyte.com/en/servers/amd-ryzen-9-7900-37ghz-12-cores-rome-it/?utm_source=github&utm_medium=dataset&utm_campaign=dedicated-server-prices
AMD Ryzen 9 7900 3.7GHz 12 cores,AMD Ryzen 9 7900 3.7GHz 12 cores,12,24,,64 GB DDR5,64,2x 240 GB (SSD SATA),480,False,5 TB @ 1 Gbps,"Madrid, ES",Spain,ES,276,EUR,339.0,https://valebyte.com/en/servers/amd-ryzen-9-7900-37ghz-12-cores-madrid-es/?utm_source=github&utm_medium=dataset&utm_campaign=dedicated-server-prices
AMD Ryzen 9 7900 3.7GHz 12 cores,AMD Ryzen 9 7900 3.7GHz 12 cores,12,24,,64 GB DDR5,64,2x 240 GB (SSD SATA),480,False,5 TB @ 1 Gbps,"Oslo, NO",Norway,NO,276,EUR,339.0,https://valebyte.com/en/servers/amd-ryzen-9-7900-37ghz-12-cores-oslo-no/?utm_source=github&utm_medium=dataset&utm_campaign=dedicated-server-prices
AMD Ryzen 9 7900 3.7GHz 12 cores,AMD Ryzen 9 7900 3.7GHz 12 cores,12,24,,64 GB DDR5,64,2x 240 GB (SSD SATA),480,False,5 TB @ 1 Gbps,"Zurich, CH",Switzerland,CH,276,EUR,339.0,https://valebyte.com/en/servers/amd-ryzen-9-7900-37ghz-12-cores-zurich-ch-1/?utm_source=github&utm_medium=dataset&utm_campaign=dedicated-server-prices
[Dual] Intel Xeon E5-2630 v4 2.2GHz 10 cores,[Dual] Intel Xeon E5-2630 v4 2.2GHz 10 cores,10,20,,64 GB DDR4,64,2x 3 TB (HDD SATA),6000,False,5 TB @ 1 Gbps,"Copenhagen, DK",Denmark,DK,276,EUR,339.0,https://valebyte.com/en/servers/dual-intel-xeon-e5-2630-v4-22ghz-10-cores-copenhagen-dk/?utm_source=github&utm_medium=dataset&utm_campaign=dedicated-server-prices
[Dual] Intel Xeon E5-2680 v2 2.8GHz 10 cores,[Dual] Intel Xeon E5-2680 v2 2.8GHz 10 cores,10,20,,128 GB DDR3,128,2x 1 TB (HDD SATA),2000,False,Unmetered @ 1 Gbps,"Tel Aviv, IL",Israel,IL,279,EUR,343.0,https://valebyte.com/en/servers/dual-intel-xeon-e5-2680-v2-28ghz-10-cores-tel-aviv-il/?utm_source=github&utm_medium=dataset&utm_campaign=dedicated-server-prices
AMD EPYC 7313 3GHz 16 cores,AMD EPYC 7313 3GHz 16 cores,16,32,,64 GB DDR4,64,2x 960 GB (SSD NVMe),1920,True,25 TB @ 1 Gbps,"Singapore, SG",Singapore,SG,280,EUR,344.0,https://valebyte.com/en/servers/amd-epyc-7313-3ghz-16-cores-singapore-sg/?utm_source=github&utm_medium=dataset&utm_campaign=dedicated-server-prices
Intel Xeon E3-1220 v6 3GHz 4 cores,Intel Xeon E3-1220 v6 3GHz 4 cores,4,4,,8 GB DDR4,8,1 TB (HDD SATA),1000,False,10 TB @ 1 Gbps,"Reykjavik, IS",Iceland,IS,281,EUR,345.0,https://valebyte.com/en/servers/intel-xeon-e3-1220-v6-3ghz-4-cores-reykjavik-is/?utm_source=github&utm_medium=dataset&utm_campaign=dedicated-server-prices
AMD EPYC 7413 2.65GHz 24 cores,AMD EPYC 7413 2.65GHz 24 cores,24,48,,128 GB DDR4,128,2x 4 TB (HDD SATA),8000,False,Unmetered @ 1 Gbps,"Lille, FR",France,FR,282,EUR,347.0,https://valebyte.com/en/servers/amd-epyc-7413-265ghz-24-cores-lille-fr/?utm_source=github&utm_medium=dataset&utm_campaign=dedicated-server-prices
AMD EPYC 7413 2.65GHz 24 cores,AMD EPYC 7413 2.65GHz 24 cores,24,48,,128 GB DDR4,128,2x 4 TB (HDD SATA),8000,False,Unmetered @ 1 Gbps,"Frankfurt, DE",Germany,DE,282,EUR,347.0,https://valebyte.com/en/servers/amd-epyc-7413-265ghz-24-cores-frankfurt-de/?utm_source=github&utm_medium=dataset&utm_campaign=dedicated-server-prices
Intel Xeon E5 2620 v4 or equivalent,"Intel Xeon E5 2620 v4 or equivalent, 8C/16T @ 2.1GHz",8,16,,256 GB DDR3,256,2x953GB (SSD),1906,False,Unmetered @ 1 Gbps,"Paris, FR",France,FR,282,EUR,347.0,https://valebyte.com/en/servers/intel-xeon-e5-2620-v4-or-equivalent-paris-fr-1/?utm_source=github&utm_medium=dataset&utm_campaign=dedicated-server-prices
AMD EPYC 7413 2.65GHz 24 cores,AMD EPYC 7413 2.65GHz 24 cores,24,48,,128 GB DDR4,128,2x 4 TB (HDD SATA),8000,False,Unmetered @ 1 Gbps,"London, UK",UK,UK,282,EUR,347.0,https://valebyte.com/en/servers/amd-epyc-7413-265ghz-24-cores-london-uk/?utm_source=github&utm_medium=dataset&utm_campaign=dedicated-server-prices
AMD EPYC 7413 2.65GHz 24 cores,AMD EPYC 7413 2.65GHz 24 cores,24,48,,128 GB DDR4,128,2x 4 TB (HDD SATA),8000,False,Unmetered @ 1 Gbps,"Warsaw, PL",Poland,PL,282,EUR,347.0,https://valebyte.com/en/servers/amd-epyc-7413-265ghz-24-cores-warsaw-pl/?utm_source=github&utm_medium=dataset&utm_campaign=dedicated-server-prices
Intel Xeon E5 2620 v4 or equivalent,"Intel Xeon E5 2620 v4 or equivalent, 8C/16T @ 2.1GHz",8,16,,256 GB DDR3,256,2x953GB (SSD),1906,False,Unmetered @ 1 Gbps,"Paris, FR",France,FR,282,EUR,347.0,https://valebyte.com/en/servers/scaleway-em-b212x-ssd-paris-fr/?utm_source=github&utm_medium=dataset&utm_campaign=dedicated-server-prices
Intel Xeon E5 2620 v4 or equivalent,"Intel Xeon E5 2620 v4 or equivalent, 8C/16T @ 2.1GHz",8,16,,256 GB DDR3,256,2x7.45TB (HDD),14900,False,Unmetered @ 1 Gbps,"Paris, FR",France,FR,282,EUR,347.0,https://valebyte.com/en/servers/intel-xeon-e5-2620-v4-or-equivalent-paris-fr/?utm_source=github&utm_medium=dataset&utm_campaign=dedicated-server-prices
Intel Xeon E5 2620 v4 or equivalent,"Intel Xeon E5 2620 v4 or equivalent, 8C/16T @ 2.1GHz",8,16,,256 GB DDR3,256,2x953GB (SSD),1906,False,Unmetered @ 1 Gbps,"Amsterdam, NL",Netherlands,NL,282,EUR,347.0,https://valebyte.com/en/servers/scaleway-em-b212x-ssd-amsterdam-nl/?utm_source=github&utm_medium=dataset&utm_campaign=dedicated-server-prices
Intel Xeon E-2434 3.4GHz 4 cores,Intel Xeon E-2434 3.4GHz 4 cores,4,8,,16 GB DDR5,16,1 TB (SSD SATA),1000,False,Unmetered @ 1 Gbps,"Toronto, CA",Canada,CA,285,EUR,350.0,https://valebyte.com/en/servers/intel-xeon-e-2434-34ghz-4-cores-toronto-ca/?utm_source=github&utm_medium=dataset&utm_campaign=dedicated-server-prices
Intel Xeon E5-2680 2.7GHz 8 cores,Intel Xeon E5-2680 2.7GHz 8 cores,8,16,,32 GB DDR3,32,2x 1 TB (HDD SATA),2000,False,Unmetered @ 100 Mbps,"Hanoi, VN",Vietnam,VN,285,EUR,350.0,https://valebyte.com/en/servers/intel-xeon-e5-2680-27ghz-8-cores-hanoi-vn/?utm_source=github&utm_medium=dataset&utm_campaign=dedicated-server-prices
AMD Ryzen 7 PRO 3700 3.6GHz 8 cores,AMD Ryzen 7 PRO 3700 3.6GHz 8 cores,8,16,,32 GB DDR4,32,2x 480 GB (SSD SATA) & 4x 14 TB (HDD SATA),56960,False,25 TB @ 1 Gbps,"Singapore, SG",Singapore,SG,285,EUR,350.0,https://valebyte.com/en/servers/amd-ryzen-7-pro-3700-36ghz-8-cores-singapore-sg/?utm_source=github&utm_medium=dataset&utm_campaign=dedicated-server-prices
AMD Ryzen 7 PRO 3700 3.6GHz 8 cores,AMD Ryzen 7 PRO 3700 3.6GHz 8 cores,8,16,,32 GB DDR4,32,2x 480 GB (SSD SATA) & 4x 14 TB (HDD SATA),56960,False,Unmetered @ 1 Gbps,"Montreal, CA",Canada,CA,285,EUR,350.0,https://valebyte.com/en/servers/amd-ryzen-7-pro-3700-36ghz-8-cores-montreal-ca/?utm_source=github&utm_medium=dataset&utm_campaign=dedicated-server-prices
Intel Xeon Gold 6210U 2.5GHz 20 cores,Intel Xeon Gold 6210U 2.5GHz 20 cores,20,40,,64 GB DDR4,64,4 TB (HDD SATA),4000,False,Unmetered @ 1 Gbps,"Vancouver, CA",Canada,CA,285,EUR,350.0,https://valebyte.com/en/servers/intel-xeon-gold-6210u-25ghz-20-cores-vancouver-ca/?utm_source=github&utm_medium=dataset&utm_campaign=dedicated-server-prices
Intel Xeon E5-2680 2.7GHz 8 cores,Intel Xeon E5-2680 2.7GHz 8 cores,8,16,,32 GB DDR3,32,2x 1 TB (HDD SATA),2000,False,Unmetered @ 100 Mbps,"Ho Chi Minh City, VN",Vietnam,VN,285,EUR,350.0,https://valebyte.com/en/servers/intel-xeon-e5-2680-27ghz-8-cores-ho-chi-minh-city-vn/?utm_source=github&utm_medium=dataset&utm_campaign=dedicated-server-prices
Dual Silver 4214,Dual Silver 4214,,48,,128GB,128,1 TB (HDD),1000,False,Unmetered @ 1 Gbps,"Ashburn, US",United States,US,353,USD,353.0,https://valebyte.com/en/servers/dual-silver-4214-ashburn-us/?utm_source=github&utm_medium=dataset&utm_campaign=dedicated-server-prices
Apple M4 4.40GHz 10 cores,Apple M4 4.40GHz 10 cores,10,10,,32 GB LPDDR5X,32,1 x 1.02 TB (SSD),1020,False,Unmetered @ 1 Gbps,"Paris, FR",France,FR,287,EUR,353.0,https://valebyte.com/en/servers/apple-m4-4-40ghz-10-32gb-1024gb-paris-fr-0f8f00/?utm_source=github&utm_medium=dataset&utm_campaign=dedicated-server-prices
AMD Ryzen 9 7950X 4.5GHz 16 cores,AMD Ryzen 9 7950X 4.5GHz 16 cores,16,32,,192 GB DDR5,192,2x 1 TB (SSD NVMe),2000,True,Unmetered @ 1 Gbps,"Tirana, AL",Albania,AL,287,EUR,353.0,https://valebyte.com/en/servers/amd-ryzen-9-7950x-45ghz-16-cores-tirana-al/?utm_source=github&utm_medium=dataset&utm_campaign=dedicated-server-prices
Intel Xeon E-2236 3.4GHz 6 cores,Intel Xeon E-2236 3.4GHz 6 cores,6,12,,32 GB DDR4,32,2x 1 TB (HDD SATA),2000,False,25 TB @ 1 Gbps,"Lisbon, PT",Portugal,PT,287,EUR,353.0,https://valebyte.com/en/servers/intel-xeon-e-2236-34ghz-6-cores-lisbon-pt-1/?utm_source=github&utm_medium=dataset&utm_campaign=dedicated-server-prices
Intel Xeon E-2276G 3.8GHz 6 cores,Intel Xeon E-2276G 3.8GHz 6 cores,6,12,,128 GB DDR4,128,2x 1 TB (SSD NVMe),2000,True,50 TB @ 10 Gbps,"Madrid, ES",Spain,ES,287,EUR,353.0,https://valebyte.com/en/servers/intel-xeon-e-2276g-38ghz-6-cores-madrid-es-2/?utm_source=github&utm_medium=dataset&utm_campaign=dedicated-server-prices
AMD EPYC 8124P 2.45GHz 16 cores,AMD EPYC 8124P 2.45GHz 16 cores,16,32,36338,128 GB DDR5,128,2 x 960 GB (NVMe),1920,True,Unmetered @ 1 Gbps,"Paris, FR",France,FR,288,EUR,354.0,https://valebyte.com/en/servers/amd-epyc-8124p-2-45ghz-16-128gb-1920gb-paris-fr-b3582c/?utm_source=github&utm_medium=dataset&utm_campaign=dedicated-server-prices
AMD EPYC 8124P 2.45GHz 16 cores,AMD EPYC 8124P 2.45GHz 16 cores,16,32,36338,128 GB DDR5,128,2 x 960 GB (NVMe),1920,True,Unmetered @ 1 Gbps,"Warsaw, PL",Poland,PL,288,EUR,354.0,https://valebyte.com/en/servers/amd-epyc-8124p-2-45ghz-16-128gb-1920gb-warsaw-pl-5fdfcc/?utm_source=github&utm_medium=dataset&utm_campaign=dedicated-server-prices
AMD EPYC 4545P 3.00GHz 16 cores,AMD EPYC 4545P 3.00GHz 16 cores,16,32,54273,64 GB DDR5,64,2 x 3.84 TB (NVMe),7680,True,Unmetered @ 3 Gbps,"Amsterdam, NL",Netherlands,NL,288,EUR,354.0,https://valebyte.com/en/servers/amd-epyc-4545p-3-00ghz-16-64gb-7680gb-amsterdam-nl-841f68/?utm_source=github&utm_medium=dataset&utm_campaign=dedicated-server-prices
AMD EPYC 4584PX 4.2GHz 16 cores,AMD EPYC 4584PX 4.2GHz 16 cores,16,32,,64 GB DDR5,64,2x 240 GB (SSD SATA),480,False,5 TB @ 1 Gbps,"Prague, CZ",Czechia (Czech Republic),CZ,288,EUR,354.0,https://valebyte.com/en/servers/amd-epyc-4584px-42ghz-16-cores-prague-cz/?utm_source=github&utm_medium=dataset&utm_campaign=dedicated-server-prices
AMD EPYC 4584PX 4.2GHz 16 cores,AMD EPYC 4584PX 4.2GHz 16 cores,16,32,,64 GB DDR5,64,2x 240 GB (SSD SATA),480,False,5 TB @ 1 Gbps,"Madrid, ES",Spain,ES,288,EUR,354.0,https://valebyte.com/en/servers/amd-epyc-4584px-42ghz-16-cores-madrid-es/?utm_source=github&utm_medium=dataset&utm_campaign=dedicated-server-prices
AMD EPYC 4584PX 4.2GHz 16 cores,AMD EPYC 4584PX 4.2GHz 16 cores,16,32,,64 GB DDR5,64,2x 240 GB (SSD SATA),480,False,5 TB @ 1 Gbps,"Dublin, IE",Ireland,IE,288,EUR,354.0,https://valebyte.com/en/servers/amd-epyc-4584px-42ghz-16-cores-dublin-ie-1/?utm_source=github&utm_medium=dataset&utm_campaign=dedicated-server-prices
AMD EPYC 4584PX 4.2GHz 16 cores,AMD EPYC 4584PX 4.2GHz 16 cores,16,32,,64 GB DDR5,64,2x 240 GB (SSD SATA),480,False,5 TB @ 1 Gbps,"Sofia, BG",Bulgaria,BG,288,EUR,354.0,https://valebyte.com/en/servers/amd-epyc-4584px-42ghz-16-cores-sofia-bg-1/?utm_source=github&utm_medium=dataset&utm_campaign=dedicated-server-prices
AMD EPYC 4584PX 4.2GHz 16 cores,AMD EPYC 4584PX 4.2GHz 16 cores,16,32,,64 GB DDR5,64,2x 240 GB (SSD SATA),480,False,5 TB @ 1 Gbps,"Manchester, UK",UK,UK,288,EUR,354.0,https://valebyte.com/en/servers/amd-epyc-4584px-42ghz-16-cores-manchester-uk-1/?utm_source=github&utm_medium=dataset&utm_campaign=dedicated-server-prices
AMD EPYC 4584PX 4.2GHz 16 cores,AMD EPYC 4584PX 4.2GHz 16 cores,16,32,,64 GB DDR5,64,2x 240 GB (SSD SATA),480,False,5 TB @ 1 Gbps,"Zurich, CH",Switzerland,CH,288,EUR,354.0,https://valebyte.com/en/servers/amd-epyc-4584px-42ghz-16-cores-zurich-ch/?utm_source=github&utm_medium=dataset&utm_campaign=dedicated-server-prices
AMD EPYC 4584PX 4.2GHz 16 cores,AMD EPYC 4584PX 4.2GHz 16 cores,16,32,,64 GB DDR5,64,2x 240 GB (SSD SATA),480,False,5 TB @ 1 Gbps,"Stockholm, SE",Sweden,SE,288,EUR,354.0,https://valebyte.com/en/servers/amd-epyc-4584px-42ghz-16-cores-stockholm-se/?utm_source=github&utm_medium=dataset&utm_campaign=dedicated-server-prices
AMD EPYC 4584PX 4.2GHz 16 cores,AMD EPYC 4584PX 4.2GHz 16 cores,16,32,,64 GB DDR5,64,2x 240 GB (SSD SATA),480,False,5 TB @ 1 Gbps,"Milan, IT",Italy,IT,288,EUR,354.0,https://valebyte.com/en/servers/amd-epyc-4584px-42ghz-16-cores-milan-it/?utm_source=github&utm_medium=dataset&utm_campaign=dedicated-server-prices
AMD EPYC 4584PX 4.2GHz 16 cores,AMD EPYC 4584PX 4.2GHz 16 cores,16,32,,64 GB DDR5,64,2x 240 GB (SSD SATA),480,False,5 TB @ 1 Gbps,"Rome, IT",Italy,IT,288,EUR,354.0,https://valebyte.com/en/servers/amd-epyc-4584px-42ghz-16-cores-rome-it/?utm_source=github&utm_medium=dataset&utm_campaign=dedicated-server-prices
AMD EPYC 4584PX 4.2GHz 16 cores,AMD EPYC 4584PX 4.2GHz 16 cores,16,32,,64 GB DDR5,64,2x 240 GB (SSD SATA),480,False,5 TB @ 1 Gbps,"Bucharest, RO",Romania,RO,288,EUR,354.0,https://valebyte.com/en/servers/amd-epyc-4584px-42ghz-16-cores-bucharest-ro-1/?utm_source=github&utm_medium=dataset&utm_campaign=dedicated-server-prices
AMD EPYC 4584PX 4.2GHz 16 cores,AMD EPYC 4584PX 4.2GHz 16 cores,16,32,,64 GB DDR5,64,2x 240 GB (SSD SATA),480,False,5 TB @ 1 Gbps,"Belgrade, RS",Serbia,RS,288,EUR,354.0,https://valebyte.com/en/servers/amd-epyc-4584px-42ghz-16-cores-belgrade-rs/?utm_source=github&utm_medium=dataset&utm_campaign=dedicated-server-prices
AMD EPYC 4584PX 4.2GHz 16 cores,AMD EPYC 4584PX 4.2GHz 16 cores,16,32,,64 GB DDR5,64,2x 240 GB (SSD SATA),480,False,5 TB @ 1 Gbps,"Oslo, NO",Norway,NO,288,EUR,354.0,https://valebyte.com/en/servers/amd-epyc-4584px-42ghz-16-cores-oslo-no/?utm_source=github&utm_medium=dataset&utm_campaign=dedicated-server-prices
AMD EPYC 4584PX 4.2GHz 16 cores,AMD EPYC 4584PX 4.2GHz 16 cores,16,32,,64 GB DDR5,64,2x 240 GB (SSD SATA),480,False,5 TB @ 1 Gbps,"Barcelona, ES",Spain,ES,288,EUR,354.0,https://valebyte.com/en/servers/amd-epyc-4584px-42ghz-16-cores-barcelona-es/?utm_source=github&utm_medium=dataset&utm_campaign=dedicated-server-prices
AMD EPYC 4584PX 4.2GHz 16 cores,AMD EPYC 4584PX 4.2GHz 16 cores,16,32,,64 GB DDR5,64,2x 240 GB (SSD SATA),480,False,5 TB @ 1 Gbps,"Vienna, AT",Austria,AT,288,EUR,354.0,https://valebyte.com/en/servers/amd-epyc-4584px-42ghz-16-cores-vienna-at-1/?utm_source=github&utm_medium=dataset&utm_campaign=dedicated-server-prices
AMD EPYC 4584PX 4.2GHz 16 cores,AMD EPYC 4584PX 4.2GHz 16 cores,16,32,,64 GB DDR5,64,2x 240 GB (SSD SATA),480,False,5 TB @ 1 Gbps,"Bratislava, SK",Slovakia,SK,288,EUR,354.0,https://valebyte.com/en/servers/amd-epyc-4584px-42ghz-16-cores-bratislava-sk-1/?utm_source=github&utm_medium=dataset&utm_campaign=dedicated-server-prices
AMD EPYC 4584PX 4.2GHz 16 cores,AMD EPYC 4584PX 4.2GHz 16 cores,16,32,,64 GB DDR5,64,2x 240 GB (SSD SATA),480,False,5 TB @ 1 Gbps,"Brussels, BE",Belgium,BE,288,EUR,354.0,https://valebyte.com/en/servers/amd-epyc-4584px-42ghz-16-cores-brussels-be-1/?utm_source=github&utm_medium=dataset&utm_campaign=dedicated-server-prices
AMD EPYC 4584PX 4.2GHz 16 cores,AMD EPYC 4584PX 4.2GHz 16 cores,16,32,,64 GB DDR5,64,2x 240 GB (SSD SATA),480,False,5 TB @ 1 Gbps,"Budapest, HU",Hungary,HU,288,EUR,354.0,https://valebyte.com/en/servers/amd-epyc-4584px-42ghz-16-cores-budapest-hu-1/?utm_source=github&utm_medium=dataset&utm_campaign=dedicated-server-prices
Intel Xeon E5 2620v3 2.40GHz 2x 12 cores,Intel Xeon E5 2620v3 2.40GHz 2x 12 cores,12,24,13411,128 GB DDR4,128,4 x 6 TB (HDD SATA),24000,False,Unmetered @ 500 Mbps,"Paris, FR",France,FR,288,EUR,354.0,https://valebyte.com/en/servers/intel-xeon-e5-2620v3-2-40ghz-2x-12-128gb-24000gb-paris-fr-670138/?utm_source=github&utm_medium=dataset&utm_campaign=dedicated-server-prices
AMD EPYC 8124P 2.45GHz 16 cores,AMD EPYC 8124P 2.45GHz 16 cores,16,32,36470,128 GB DDR5,128,2 x 960 GB (NVMe SSD),1920,True,Unmetered @ 1 Gbps,"Paris, FR",France,FR,288,EUR,354.0,https://valebyte.com/en/servers/amd-epyc-8124p-2-45ghz-16-128gb-1920gb-paris-fr-f9e61d/?utm_source=github&utm_medium=dataset&utm_campaign=dedicated-server-prices
AMD EPYC 7232P 3.10GHz 8 cores,AMD EPYC 7232P 3.10GHz 8 cores,8,16,17017,64 GB DDR4,64,4 x 2 TB (NVMe SSD),8000,True,Unmetered @ 1 Gbps,"Paris, FR",France,FR,288,EUR,354.0,https://valebyte.com/en/servers/amd-epyc-7232p-3-10ghz-8-64gb-8000gb-paris-fr-793fce/?utm_source=github&utm_medium=dataset&utm_campaign=dedicated-server-prices
AMD EPYC 4545P 3.00GHz 16 cores,AMD EPYC 4545P 3.00GHz 16 cores,16,32,54273,64 GB DDR5,64,2 x 3.84 TB (NVMe),7680,True,Unmetered @ 3 Gbps,"Paris, FR",France,FR,288,EUR,354.0,https://valebyte.com/en/servers/amd-epyc-4545p-3-00ghz-16-64gb-7680gb-paris-fr-25e58b/?utm_source=github&utm_medium=dataset&utm_campaign=dedicated-server-prices
AMD EPYC 8124P 2.45GHz 16 cores,AMD EPYC 8124P 2.45GHz 16 cores,16,32,36338,128 GB DDR5,128,2 x 960 GB (NVMe),1920,True,Unmetered @ 1 Gbps,"Amsterdam, NL",Netherlands,NL,288,EUR,354.0,https://valebyte.com/en/servers/amd-epyc-8124p-2-45ghz-16-128gb-1920gb-amsterdam-nl-907ae2/?utm_source=github&utm_medium=dataset&utm_campaign=dedicated-server-prices
Intel Xeon E5 2620v3 2.40GHz 2x 12 cores,Intel Xeon E5 2620v3 2.40GHz 2x 12 cores,12,24,13411,96 GB DDR4,96,24 x 500 GB (SATA SSD),12000,False,Unmetered @ 500 Mbps,"Paris, FR",France,FR,288,EUR,354.0,https://valebyte.com/en/servers/intel-xeon-e5-2620v3-2-40ghz-2x-12-96gb-12000gb-paris-fr-450fd1/?utm_source=github&utm_medium=dataset&utm_campaign=dedicated-server-prices
AMD EPYC 8124P 2.45GHz 16 cores,AMD EPYC 8124P 2.45GHz 16 cores,16,32,36470,128 GB DDR5,128,2 x 960 GB (NVMe SSD),1920,True,Unmetered @ 1 Gbps,"Amsterdam, NL",Netherlands,NL,288,EUR,354.0,https://valebyte.com/en/servers/amd-epyc-8124p-2-45ghz-16-128gb-1920gb-amsterdam-nl-db931f/?utm_source=github&utm_medium=dataset&utm_campaign=dedicated-server-prices
Intel Xeon E-2488 3.2GHz 8 cores,Intel Xeon E-2488 3.2GHz 8 cores,8,16,,16 GB DDR5,16,240 GB (SSD SATA),240,False,5 TB @ 1 Gbps,"Sao Paulo, BR",Brazil,BR,290,EUR,356.0,https://valebyte.com/en/servers/intel-xeon-e-2488-32ghz-8-cores-sao-paulo-br/?utm_source=github&utm_medium=dataset&utm_campaign=dedicated-server-prices
Intel Xeon E-2488 3.2GHz 8 cores,Intel Xeon E-2488 3.2GHz 8 cores,8,16,,16 GB DDR5,16,240 GB (SSD SATA),240,False,5 TB @ 1 Gbps,"Tokyo, JP",Japan,JP,290,EUR,356.0,https://valebyte.com/en/servers/intel-xeon-e-2488-32ghz-8-cores-tokyo-jp/?utm_source=github&utm_medium=dataset&utm_campaign=dedicated-server-prices
Intel Xeon E-2488 3.2GHz 8 cores,Intel Xeon E-2488 3.2GHz 8 cores,8,16,,16 GB DDR5,16,240 GB (SSD SATA),240,False,5 TB @ 1 Gbps,"Sydney, AU",Australia,AU,290,EUR,356.0,https://valebyte.com/en/servers/intel-xeon-e-2488-32ghz-8-cores-sydney-au/?utm_source=github&utm_medium=dataset&utm_campaign=dedicated-server-prices
Intel Xeon E-2488 3.2GHz 8 cores,Intel Xeon E-2488 3.2GHz 8 cores,8,16,,16 GB DDR5,16,240 GB (SSD SATA),240,False,5 TB @ 1 Gbps,"Singapore, SG",Singapore,SG,290,EUR,356.0,https://valebyte.com/en/servers/intel-xeon-e-2488-32ghz-8-cores-singapore-sg/?utm_source=github&utm_medium=dataset&utm_campaign=dedicated-server-prices
Intel Xeon E3-1230 v3 3.3GHz 4 cores,Intel Xeon E3-1230 v3 3.3GHz 4 cores,4,8,,32 GB DDR3,32,2x 480 GB (SSD SATA),960,False,Unmetered @ 100 Mbps,"Taipei, TW",Taiwan,TW,290,EUR,356.0,https://valebyte.com/en/servers/intel-xeon-e3-1230-v3-33ghz-4-cores-taipei-tw-2/?utm_source=github&utm_medium=dataset&utm_campaign=dedicated-server-prices
Intel Xeon E5-2450 2.1GHz 8 cores,Intel Xeon E5-2450 2.1GHz 8 cores,8,16,,32 GB DDR3,32,240 GB (SSD SATA),240,False,Unmetered @ 50 Mbps,"Fez, MA",Morocco,MA,290,EUR,356.0,https://valebyte.com/en/servers/intel-xeon-e5-2450-21ghz-8-cores-fez-ma/?utm_source=github&utm_medium=dataset&utm_campaign=dedicated-server-prices
Intel Xeon E3-1241 v3 3.5GHz 4 cores,Intel Xeon E3-1241 v3 3.5GHz 4 cores,4,8,,16 GB DDR3,16,2x 600 GB (HDD SAS),1200,False,10 TB @ 1 Gbps,"Istanbul, TR",Turkey,TR,290,EUR,356.0,https://valebyte.com/en/servers/intel-xeon-e3-1241-v3-35ghz-4-cores-istanbul-tr/?utm_source=github&utm_medium=dataset&utm_campaign=dedicated-server-prices
Intel Xeon E5-2450 2.1GHz 8 cores,Intel Xeon E5-2450 2.1GHz 8 cores,8,16,,32 GB DDR3,32,240 GB (SSD SATA),240,False,Unmetered @ 50 Mbps,"Casablanca, MA",Morocco,MA,290,EUR,356.0,https://valebyte.com/en/servers/intel-xeon-e5-2450-21ghz-8-cores-casablanca-ma/?utm_source=github&utm_medium=dataset&utm_campaign=dedicated-server-prices
AMD EPYC 7371 3.1GHz 16 cores,AMD EPYC 7371 3.1GHz 16 cores,16,32,,256 GB DDR4,256,2x 960 GB (SSD NVMe),1920,True,Unmetered @ 1 Gbps,"Montreal, CA",Canada,CA,291,EUR,358.0,https://valebyte.com/en/servers/amd-epyc-7371-31ghz-16-cores-montreal-ca-1/?utm_source=github&utm_medium=dataset&utm_campaign=dedicated-server-prices
AMD EPYC 4344P 3.8GHz 8 cores,AMD EPYC 4344P 3.8GHz 8 cores,8,16,,32 GB DDR5 ECC,32,2x 22 TB (SAS HardRAID),44000,False,Unmetered @ 3 Gbps,"Frankfurt, DE",Germany,DE,291,EUR,358.0,https://valebyte.com/en/servers/amd-epyc-4344p-38ghz-8-cores-frankfurt-de-4/?utm_source=github&utm_medium=dataset&utm_campaign=dedicated-server-prices
AMD EPYC 4344P 3.8GHz 8 cores,AMD EPYC 4344P 3.8GHz 8 cores,8,16,,32 GB DDR5 ECC,32,2x 22 TB (SAS HardRAID),44000,False,Unmetered @ 3 Gbps,"Beauharnois, CA",Canada,CA,291,EUR,358.0,https://valebyte.com/en/servers/amd-epyc-4344p-38ghz-8-cores-beauharnois-ca-3/?utm_source=github&utm_medium=dataset&utm_campaign=dedicated-server-prices
Intel Xeon Silver 4310 2.1GHz 12 cores,Intel Xeon Silver 4310 2.1GHz 12 cores,12,24,,64 GB DDR4,64,3x 960 GB (SSD SATA),2880,False,Unmetered @ 1 Gbps,"Johannesburg, ZA",South Africa,ZA,291,EUR,358.0,https://valebyte.com/en/servers/intel-xeon-silver-4310-21ghz-12-cores-johannesburg-za/?utm_source=github&utm_medium=dataset&utm_campaign=dedicated-server-prices
Intel Xeon Silver 4310 2.1GHz 12 cores,Intel Xeon Silver 4310 2.1GHz 12 cores,12,24,,64 GB DDR4,64,3x 960 GB (SSD SATA),2880,False,Unmetered @ 1 Gbps,"Cape Town, ZA",South Africa,ZA,291,EUR,358.0,https://valebyte.com/en/servers/intel-xeon-silver-4310-21ghz-12-cores-cape-town-za/?utm_source=github&utm_medium=dataset&utm_campaign=dedicated-server-prices
8 TB,SSD Storage Server,,,,,,8 TB SSD,8000,False,10 Gbps Unmetered,"New York, US",United States,US,359,USD,359.0,https://valebyte.com/en/servers/8-tb-new-york-us/?utm_source=github&utm_medium=dataset&utm_campaign=dedicated-server-prices
AMD EPYC 7232P,"AMD EPYC 7232P, 8C/16T @ 3.1GHz",8,16,,64 GB DDR4,64,2x953GB (NVME),1906,True,Unmetered @ 1 Gbps,"Paris, FR",France,FR,292,EUR,359.0,https://valebyte.com/en/servers/scaleway-em-b220e-nvme-paris-fr/?utm_source=github&utm_medium=dataset&utm_campaign=dedicated-server-prices
AMD EPYC 7232P,"AMD EPYC 7232P, 8C/16T @ 3.1GHz",8,16,,64 GB DDR4,64,2x953GB (NVME),1906,True,Unmetered @ 1 Gbps,"Paris, FR",France,FR,292,EUR,359.0,https://valebyte.com/en/servers/amd-epyc-7232p-paris-fr/?utm_source=github&utm_medium=dataset&utm_campaign=dedicated-server-prices
AMD EPYC 7232P,"AMD EPYC 7232P, 8C/16T @ 3.1GHz",8,16,,64 GB DDR4,64,2x953GB (NVME),1906,True,Unmetered @ 1 Gbps,"Amsterdam, NL",Netherlands,NL,292,EUR,359.0,https://valebyte.com/en/servers/scaleway-em-b220e-nvme-amsterdam-nl/?utm_source=github&utm_medium=dataset&utm_campaign=dedicated-server-prices
AMD EPYC 7232P,"AMD EPYC 7232P, 8C/16T @ 3.1GHz",8,16,,64 GB DDR4,64,2x953GB (NVME),1906,True,Unmetered @ 1 Gbps,"Warsaw, PL",Poland,PL,292,EUR,359.0,https://valebyte.com/en/servers/scaleway-em-b220e-nvme-warsaw-pl/?utm_source=github&utm_medium=dataset&utm_campaign=dedicated-server-prices
AMD Ryzen 9900X 192GB,AMD Ryzen 9900X,,,,192GB DDR5,192,2x4TB NVMe,8000,True,1 Gbps Unmetered,"Miami, US",United States,US,359,USD,359.0,https://valebyte.com/en/servers/amd-ryzen-9900x-192gb-miami-us/?utm_source=github&utm_medium=dataset&utm_campaign=dedicated-server-prices
AMD Ryzen 9900X 192GB,AMD Ryzen 9900X,,,,192GB DDR5,192,2x4TB NVMe,8000,True,1 Gbps Unmetered,"Los Angeles, US",United States,US,359,USD,359.0,https://valebyte.com/en/servers/amd-ryzen-9900x-192gb-los-angeles-us/?utm_source=github&utm_medium=dataset&utm_campaign=dedicated-server-prices
AMD Ryzen 7950X 192GB,AMD Ryzen 7950X,,,,192 GB,192,,,False,1 Gbps Unmetered,"Los Angeles, US",United States,US,359,USD,359.0,https://valebyte.com/en/servers/amd-ryzen-7950x-192gb-los-angeles-us/?utm_source=github&utm_medium=dataset&utm_campaign=dedicated-server-prices
8 TB,SSD Storage Server,,,,,,8 TB SSD,8000,False,10 Gbps Unmetered,"Miami, US",United States,US,359,USD,359.0,https://valebyte.com/en/servers/8-tb-miami-us/?utm_source=github&utm_medium=dataset&utm_campaign=dedicated-server-prices
Intel Xeon E5-2690 v3 2.6GHz 12 cores,Intel Xeon E5-2690 v3 2.6GHz 12 cores,12,24,,64 GB DDR4,64,2x 512 GB (SSD SATA),1024,False,Unmetered @ 1 Gbps,"Belfast, IE",Ireland,IE,294,EUR,361.0,https://valebyte.com/en/servers/intel-xeon-e5-2690-v3-26ghz-12-cores-belfast-ie/?utm_source=github&utm_medium=dataset&utm_campaign=dedicated-server-prices
[Dual] Intel Xeon Silver 4510 2.4GHz 12 cores,[Dual] Intel Xeon Silver 4510 2.4GHz 12 cores,12,24,,64 GB DDR5,64,2x 240 GB (SSD SATA),480,False,5 TB @ 1 Gbps,"Copenhagen, DK",Denmark,DK,294,EUR,361.0,https://valebyte.com/en/servers/dual-intel-xeon-silver-4510-24ghz-12-cores-copenhagen-dk/?utm_source=github&utm_medium=dataset&utm_campaign=dedicated-server-prices
[Dual] AMD EPYC 7532 2.4GHz 32 cores,[Dual] AMD EPYC 7532 2.4GHz 32 cores,32,64,,64 GB DDR4,64,2x 512 GB (SSD SATA),1024,False,Unmetered @ 1 Gbps,"Nottingham, UK",UK,UK,294,EUR,361.0,https://valebyte.com/en/servers/dual-amd-epyc-7532-24ghz-32-cores-nottingham-uk-2/?utm_source=github&utm_medium=dataset&utm_campaign=dedicated-server-prices
[Dual] AMD EPYC 7532 2.4GHz 32 cores,[Dual] AMD EPYC 7532 2.4GHz 32 cores,32,64,,64 GB DDR4,64,2x 512 GB (SSD SATA),1024,False,Unmetered @ 1 Gbps,"Manchester, UK",UK,UK,294,EUR,361.0,https://valebyte.com/en/servers/dual-amd-epyc-7532-24ghz-32-cores-manchester-uk-2/?utm_source=github&utm_medium=dataset&utm_campaign=dedicated-server-prices
Intel Xeon E-2236 3.4GHz 6 cores,Intel Xeon E-2236 3.4GHz 6 cores,6,12,,32 GB DDR4,32,2x 1 TB (HDD SATA),2000,False,25 TB @ 1 Gbps,"Porto, PT",Portugal,PT,294,EUR,361.0,https://valebyte.com/en/servers/intel-xeon-e-2236-34ghz-6-cores-porto-pt-1/?utm_source=github&utm_medium=dataset&utm_campaign=dedicated-server-prices
[Dual] Intel Xeon E5-2620 v4 2GHz 8 cores,[Dual] Intel Xeon E5-2620 v4 2GHz 8 cores,8,16,,32 GB DDR4,32,2x 2 TB (HDD SATA),4000,False,5 TB @ 1 Gbps,"Helsinki, FI",Finland,FI,296,EUR,364.0,https://valebyte.com/en/servers/dual-intel-xeon-e5-2620-v4-2ghz-8-cores-helsinki-fi/?utm_source=github&utm_medium=dataset&utm_campaign=dedicated-server-prices
[Dual] Intel Xeon E5-2620 v4 2GHz 8 cores,[Dual] Intel Xeon E5-2620 v4 2GHz 8 cores,8,16,,32 GB DDR4,32,2x 2 TB (HDD SATA),4000,False,5 TB @ 1 Gbps,"Hong Kong, HK",Hong Kong,HK,296,EUR,364.0,https://valebyte.com/en/servers/dual-intel-xeon-e5-2620-v4-2ghz-8-cores-hong-kong-hk/?utm_source=github&utm_medium=dataset&utm_campaign=dedicated-server-prices
[Dual] Intel Xeon Silver 4214 2.2GHz 12 cores,[Dual] Intel Xeon Silver 4214 2.2GHz 12 cores,12,24,,64 GB DDR4,64,500 GB (SSD SATA),500,False,10 TB @ 1 Gbps,"Seoul, KR",South Korea,KR,296,EUR,364.0,https://valebyte.com/en/servers/dual-intel-xeon-silver-4214-22ghz-12-cores-seoul-kr/?utm_source=github&utm_medium=dataset&utm_campaign=dedicated-server-prices
[Dual] Intel Xeon E5-2670 2.6GHz 8 cores,[Dual] Intel Xeon E5-2670 2.6GHz 8 cores,8,16,,64 GB DDR3,64,4x 256 GB (SSD SATA),1024,False,30 TB @ 1 Gbps,"Vienna, AT",Austria,AT,300,EUR,369.0,https://valebyte.com/en/servers/dual-intel-xeon-e5-2670-26ghz-8-cores-vienna-at/?utm_source=github&utm_medium=dataset&utm_campaign=dedicated-server-prices
[Dual] Intel Xeon E5-2630 v4 2.2GHz 10 cores,[Dual] Intel Xeon E5-2630 v4 2.2GHz 10 cores,10,20,,64 GB DDR4,64,2x 3 TB (HDD SATA),6000,False,5 TB @ 1 Gbps,"Belgrade, RS",Serbia,RS,300,EUR,369.0,https://valebyte.com/en/servers/dual-intel-xeon-e5-2630-v4-22ghz-10-cores-belgrade-rs/?utm_source=github&utm_medium=dataset&utm_campaign=dedicated-server-prices
[Dual] Intel Xeon E5-2630 v4 2.2GHz 10 cores,[Dual] Intel Xeon E5-2630 v4 2.2GHz 10 cores,10,20,,64 GB DDR4,64,2x 3 TB (HDD SATA),6000,False,5 TB @ 1 Gbps,"Dublin, IE",Ireland,IE,300,EUR,369.0,https://valebyte.com/en/servers/dual-intel-xeon-e5-2630-v4-22ghz-10-cores-dublin-ie/?utm_source=github&utm_medium=dataset&utm_campaign=dedicated-server-prices
[Dual] Intel Xeon E5-2630 v4 2.2GHz 10 cores,[Dual] Intel Xeon E5-2630 v4 2.2GHz 10 cores,10,20,,64 GB DDR4,64,2x 3 TB (HDD SATA),6000,False,5 TB @ 1 Gbps,"Milan, IT",Italy,IT,300,EUR,369.0,https://valebyte.com/en/servers/dual-intel-xeon-e5-2630-v4-22ghz-10-cores-milan-it/?utm_source=github&utm_medium=dataset&utm_campaign=dedicated-server-prices
Intel Xeon E5-2650 v4 2.2GHz 12 cores,Intel Xeon E5-2650 v4 2.2GHz 12 cores,12,24,,64 GB DDR4,64,2x 240 GB (SSD SATA) & 10x 8 TB (HDD SATA),80480,False,Unmetered @ 1 Gbps,"Amsterdam, NL",Netherlands,NL,300,EUR,369.0,https://valebyte.com/en/servers/intel-xeon-e5-2650-v4-22ghz-12-cores-amsterdam-nl/?utm_source=github&utm_medium=dataset&utm_campaign=dedicated-server-prices
[Dual] Intel Xeon E5-2630 v4 2.2GHz 10 cores,[Dual] Intel Xeon E5-2630 v4 2.2GHz 10 cores,10,20,,64 GB DDR4,64,2x 3 TB (HDD SATA),6000,False,5 TB @ 1 Gbps,"Rome, IT",Italy,IT,300,EUR,369.0,https://valebyte.com/en/servers/dual-intel-xeon-e5-2630-v4-22ghz-10-cores-rome-it/?utm_source=github&utm_medium=dataset&utm_campaign=dedicated-server-prices
[Dual] Intel Xeon E5-2630 v4 2.2GHz 10 cores,[Dual] Intel Xeon E5-2630 v4 2.2GHz 10 cores,10,20,,64 GB DDR4,64,2x 3 TB (HDD SATA),6000,False,5 TB @ 1 Gbps,"Bucharest, RO",Romania,RO,300,EUR,369.0,https://valebyte.com/en/servers/dual-intel-xeon-e5-2630-v4-22ghz-10-cores-bucharest-ro/?utm_source=github&utm_medium=dataset&utm_campaign=dedicated-server-prices
AMD Ryzen 5 5600 3.5GHz 6 cores,AMD Ryzen 5 5600 3.5GHz 6 cores,6,12,,16 GB DDR4,16,1.92 TB (SSD NVMe),1920,True,30 TB @ 1 Gbps,"Chisinau, MD",Moldova,MD,300,EUR,369.0,https://valebyte.com/en/servers/amd-ryzen-5-5600-35ghz-6-cores-chisinau-md/?utm_source=github&utm_medium=dataset&utm_campaign=dedicated-server-prices
[Dual] Intel Xeon E5-2630 v4 2.2GHz 10 cores,[Dual] Intel Xeon E5-2630 v4 2.2GHz 10 cores,10,20,,64 GB DDR4,64,2x 3 TB (HDD SATA),6000,False,5 TB @ 1 Gbps,"Madrid, ES",Spain,ES,300,EUR,369.0,https://valebyte.com/en/servers/dual-intel-xeon-e5-2630-v4-22ghz-10-cores-madrid-es/?utm_source=github&utm_medium=dataset&utm_campaign=dedicated-server-prices
[Dual] Intel Xeon E5-2630 v4 2.2GHz 10 cores,[Dual] Intel Xeon E5-2630 v4 2.2GHz 10 cores,10,20,,64 GB DDR4,64,2x 3 TB (HDD SATA),6000,False,5 TB @ 1 Gbps,"Oslo, NO",Norway,NO,300,EUR,369.0,https://valebyte.com/en/servers/dual-intel-xeon-e5-2630-v4-22ghz-10-cores-oslo-no/?utm_source=github&utm_medium=dataset&utm_campaign=dedicated-server-prices
[Dual] Intel Xeon E5-2630 v4 2.2GHz 10 cores,[Dual] Intel Xeon E5-2630 v4 2.2GHz 10 cores,10,20,,64 GB DDR4,64,2x 3 TB (HDD SATA),6000,False,5 TB @ 1 Gbps,"Barcelona, ES",Spain,ES,300,EUR,369.0,https://valebyte.com/en/servers/dual-intel-xeon-e5-2630-v4-22ghz-10-cores-barcelona-es/?utm_source=github&utm_medium=dataset&utm_campaign=dedicated-server-prices
[Dual] Intel Xeon E5-2630 v4 2.2GHz 10 cores,[Dual] Intel Xeon E5-2630 v4 2.2GHz 10 cores,10,20,,64 GB DDR4,64,2x 3 TB (HDD SATA),6000,False,5 TB @ 1 Gbps,"Stockholm, SE",Sweden,SE,300,EUR,369.0,https://valebyte.com/en/servers/dual-intel-xeon-e5-2630-v4-22ghz-10-cores-stockholm-se/?utm_source=github&utm_medium=dataset&utm_campaign=dedicated-server-prices
[Dual] Intel Xeon E5-2630 v4 2.2GHz 10 cores,[Dual] Intel Xeon E5-2630 v4 2.2GHz 10 cores,10,20,,64 GB DDR4,64,2x 3 TB (HDD SATA),6000,False,5 TB @ 1 Gbps,"Budapest, HU",Hungary,HU,300,EUR,369.0,https://valebyte.com/en/servers/dual-intel-xeon-e5-2630-v4-22ghz-10-cores-budapest-hu/?utm_source=github&utm_medium=dataset&utm_campaign=dedicated-server-prices
[Dual] Intel Xeon E5-2630 v4 2.2GHz 10 cores,[Dual] Intel Xeon E5-2630 v4 2.2GHz 10 cores,10,20,,64 GB DDR4,64,2x 3 TB (HDD SATA),6000,False,5 TB @ 1 Gbps,"Zurich, CH",Switzerland,CH,300,EUR,369.0,https://valebyte.com/en/servers/dual-intel-xeon-e5-2630-v4-22ghz-10-cores-zurich-ch/?utm_source=github&utm_medium=dataset&utm_campaign=dedicated-server-prices
[Dual] Intel Xeon E5-2630 v4 2.2GHz 10 cores,[Dual] Intel Xeon E5-2630 v4 2.2GHz 10 cores,10,20,,64 GB DDR4,64,2x 3 TB (HDD SATA),6000,False,5 TB @ 1 Gbps,"Brussels, BE",Belgium,BE,300,EUR,369.0,https://valebyte.com/en/servers/dual-intel-xeon-e5-2630-v4-22ghz-10-cores-brussels-be/?utm_source=github&utm_medium=dataset&utm_campaign=dedicated-server-prices
[Dual] Intel Xeon E5-2630 v4 2.2GHz 10 cores,[Dual] Intel Xeon E5-2630 v4 2.2GHz 10 cores,10,20,,64 GB DDR4,64,2x 3 TB (HDD SATA),6000,False,5 TB @ 1 Gbps,"Vienna, AT",Austria,AT,300,EUR,369.0,https://valebyte.com/en/servers/dual-intel-xeon-e5-2630-v4-22ghz-10-cores-vienna-at/?utm_source=github&utm_medium=dataset&utm_campaign=dedicated-server-prices
[Dual] Intel Xeon E5-2630 v4 2.2GHz 10 cores,[Dual] Intel Xeon E5-2630 v4 2.2GHz 10 cores,10,20,,64 GB DDR4,64,2x 3 TB (HDD SATA),6000,False,5 TB @ 1 Gbps,"Bratislava, SK",Slovakia,SK,300,EUR,369.0,https://valebyte.com/en/servers/dual-intel-xeon-e5-2630-v4-22ghz-10-cores-bratislava-sk/?utm_source=github&utm_medium=dataset&utm_campaign=dedicated-server-prices
[Dual] Intel Xeon E5-2630 v4 2.2GHz 10 cores,[Dual] Intel Xeon E5-2630 v4 2.2GHz 10 cores,10,20,,64 GB DDR4,64,2x 3 TB (HDD SATA),6000,False,5 TB @ 1 Gbps,"Prague, CZ",Czechia (Czech Republic),CZ,300,EUR,369.0,https://valebyte.com/en/servers/dual-intel-xeon-e5-2630-v4-22ghz-10-cores-prague-cz/?utm_source=github&utm_medium=dataset&utm_campaign=dedicated-server-prices
[Dual] Intel Xeon E5-2630 v4 2.2GHz 10 cores,[Dual] Intel Xeon E5-2630 v4 2.2GHz 10 cores,10,20,,64 GB DDR4,64,2x 3 TB (HDD SATA),6000,False,5 TB @ 1 Gbps,"Manchester, UK",UK,UK,300,EUR,369.0,https://valebyte.com/en/servers/dual-intel-xeon-e5-2630-v4-22ghz-10-cores-manchester-uk/?utm_source=github&utm_medium=dataset&utm_campaign=dedicated-server-prices
Intel Xeon Gold 6312U 2.4GHz 24 cores,Intel Xeon Gold 6312U 2.4GHz 24 cores,24,48,,1 TB DDR4 ECC,1000,3x 1.92 TB (NVME SoftRAID),5760,True,Unmetered @ 1 Gbps,"Strasbourg, FR",France,FR,305,EUR,375.0,https://valebyte.com/en/servers/intel-xeon-gold-6312u-24ghz-24-cores-strasbourg-fr-1/?utm_source=github&utm_medium=dataset&utm_campaign=dedicated-server-prices
Intel Xeon Gold 6312U 2.4GHz 24 cores,Intel Xeon Gold 6312U 2.4GHz 24 cores,24,48,,1 TB DDR4 ECC,1000,3x 1.92 TB (NVME SoftRAID),5760,True,Unmetered @ 1 Gbps,"Roubaix, FR",France,FR,305,EUR,375.0,https://valebyte.com/en/servers/intel-xeon-gold-6312u-24ghz-24-cores-roubaix-fr-1/?utm_source=github&utm_medium=dataset&utm_campaign=dedicated-server-prices
Intel Xeon Gold 6312U 2.4GHz 24 cores,Intel Xeon Gold 6312U 2.4GHz 24 cores,24,48,,1 TB DDR4 ECC,1000,3x 1.92 TB (NVME SoftRAID),5760,True,Unmetered @ 1 Gbps,"Warsaw, PL",Poland,PL,305,EUR,375.0,https://valebyte.com/en/servers/intel-xeon-gold-6312u-24ghz-24-cores-warsaw-pl-2/?utm_source=github&utm_medium=dataset&utm_campaign=dedicated-server-prices
Intel Xeon Gold 6312U 2.4GHz 24 cores,Intel Xeon Gold 6312U 2.4GHz 24 cores,24,48,,1 TB DDR4 ECC,1000,3x 1.92 TB (NVME SoftRAID),5760,True,Unmetered @ 1 Gbps,"Beauharnois, CA",Canada,CA,305,EUR,375.0,https://valebyte.com/en/servers/intel-xeon-gold-6312u-24ghz-24-cores-beauharnois-ca-1/?utm_source=github&utm_medium=dataset&utm_campaign=dedicated-server-prices
Intel Xeon Gold 6312U 2.4GHz 24 cores,Intel Xeon Gold 6312U 2.4GHz 24 cores,24,48,,1 TB DDR4 ECC,1000,3x 1.92 TB (NVME SoftRAID),5760,True,Unmetered @ 1 Gbps,"Frankfurt, DE",Germany,DE,305,EUR,375.0,https://valebyte.com/en/servers/intel-xeon-gold-6312u-24ghz-24-cores-frankfurt-de-1/?utm_source=github&utm_medium=dataset&utm_campaign=dedicated-server-prices
Intel Xeon Gold 6312U 2.4GHz 24 cores,Intel Xeon Gold 6312U 2.4GHz 24 cores,24,48,,1 TB DDR4 ECC,1000,3x 1.92 TB (NVME SoftRAID),5760,True,Unmetered @ 1 Gbps,"Gravelines, FR",France,FR,305,EUR,375.0,https://valebyte.com/en/servers/intel-xeon-gold-6312u-24ghz-24-cores-gravelines-fr-1/?utm_source=github&utm_medium=dataset&utm_campaign=dedicated-server-prices
Intel Xeon Gold 6312U 2.4GHz 24 cores,Intel Xeon Gold 6312U 2.4GHz 24 cores,24,48,,1 TB DDR4 ECC,1000,3x 1.92 TB (NVME SoftRAID),5760,True,Unmetered @ 1 Gbps,"London, GB",London,,305,EUR,375.0,https://valebyte.com/en/servers/intel-xeon-gold-6312u-24ghz-24-cores-london-gb-1/?utm_source=github&utm_medium=dataset&utm_campaign=dedicated-server-prices
[Dual] Intel Xeon E5-2620 v4 2GHz 8 cores,[Dual] Intel Xeon E5-2620 v4 2GHz 8 cores,8,16,,64 GB DDR4,64,6x 480 GB (SSD SATA),2880,False,100 TB @ 1 Gbps,"Seville, ES",Spain,ES,305,EUR,375.0,https://valebyte.com/en/servers/dual-intel-xeon-e5-2620-v4-2ghz-8-cores-seville-es/?utm_source=github&utm_medium=dataset&utm_campaign=dedicated-server-prices
AMD EPYC 9254 2.9GHz 24 cores,AMD EPYC 9254 2.9GHz 24 cores,24,48,,64 GB DDR4,64,2x 240 GB (SSD SATA),480,False,5 TB @ 1 Gbps,"Copenhagen, DK",Denmark,DK,306,EUR,376.0,https://valebyte.com/en/servers/amd-epyc-9254-29ghz-24-cores-copenhagen-dk/?utm_source=github&utm_medium=dataset&utm_campaign=dedicated-server-prices
AMD Ryzen 9 7900 3.7GHz 12 cores,AMD Ryzen 9 7900 3.7GHz 12 cores,12,24,,64 GB DDR5,64,2x 240 GB (SSD SATA),480,False,5 TB @ 1 Gbps,"Helsinki, FI",Finland,FI,307,EUR,377.0,https://valebyte.com/en/servers/amd-ryzen-9-7900-37ghz-12-cores-helsinki-fi/?utm_source=github&utm_medium=dataset&utm_campaign=dedicated-server-prices
10Gbps Unmetered Special,10Gbps Unmetered Special,,,,32GB,32,500 GB (SSD),500,False,Unmetered @ 10 Gbps,"Los Angeles, US",United States,US,377,USD,377.0,https://valebyte.com/en/servers/10gbps-unmetered-special-los-angeles-us-1/?utm_source=github&utm_medium=dataset&utm_campaign=dedicated-server-prices
Intel Xeon E5-2683 v3 2GHz 14 cores,Intel Xeon E5-2683 v3 2GHz 14 cores,14,28,,32 GB DDR4,32,2x 1 TB (HDD SATA),2000,False,Unmetered @ 100 Mbps,"Hanoi, VN",Vietnam,VN,308,EUR,378.0,https://valebyte.com/en/servers/intel-xeon-e5-2683-v3-2ghz-14-cores-hanoi-vn/?utm_source=github&utm_medium=dataset&utm_campaign=dedicated-server-prices
Intel Xeon E5-2683 v3 2GHz 14 cores,Intel Xeon E5-2683 v3 2GHz 14 cores,14,28,,32 GB DDR4,32,2x 1 TB (HDD SATA),2000,False,Unmetered @ 100 Mbps,"Ho Chi Minh City, VN",Vietnam,VN,308,EUR,378.0,https://valebyte.com/en/servers/intel-xeon-e5-2683-v3-2ghz-14-cores-ho-chi-minh-city-vn/?utm_source=github&utm_medium=dataset&utm_campaign=dedicated-server-prices
AMD EPYC 4464P 3.7GHz 12 cores,AMD EPYC 4464P 3.7GHz 12 cores,12,24,,64 GB DDR5,64,2x 960 GB (SSD NVMe),1920,True,25 TB @ 1 Gbps,"Mumbai, IN",India,IN,308,EUR,378.0,https://valebyte.com/en/servers/amd-epyc-4464p-37ghz-12-cores-mumbai-in/?utm_source=github&utm_medium=dataset&utm_campaign=dedicated-server-prices
AMD EPYC 7413 2.65GHz 24 cores,AMD EPYC 7413 2.65GHz 24 cores,24,48,,128 GB DDR4,128,2x 4 TB (HDD SATA),8000,False,Unmetered @ 1 Gbps,"Montreal, CA",Canada,CA,308,EUR,378.0,https://valebyte.com/en/servers/amd-epyc-7413-265ghz-24-cores-montreal-ca/?utm_source=github&utm_medium=dataset&utm_campaign=dedicated-server-prices
Intel Xeon E5-2690 v4 2.6GHz 14 cores,Intel Xeon E5-2690 v4 2.6GHz 14 cores,14,28,,128 GB DDR4,128,2x 960 GB (SSD SATA),1920,False,5 TB @ 1 Gbps,"Baku, AZ",Azerbaijan,AZ,311,EUR,382.0,https://valebyte.com/en/servers/intel-xeon-e5-2690-v4-26ghz-14-cores-baku-az/?utm_source=github&utm_medium=dataset&utm_campaign=dedicated-server-prices
[Dual] Intel Xeon E5-2680 v4 2.4GHz 14 cores,[Dual] Intel Xeon E5-2680 v4 2.4GHz 14 cores,14,28,,128 GB DDR4,128,2x 960 GB (SSD SATA),1920,False,5 TB @ 1 Gbps,"Baku, AZ",Azerbaijan,AZ,311,EUR,382.0,https://valebyte.com/en/servers/dual-intel-xeon-e5-2680-v4-24ghz-14-cores-baku-az-1/?utm_source=github&utm_medium=dataset&utm_campaign=dedicated-server-prices
[Dual] Intel Xeon Silver 4510 2.4GHz 12 cores,[Dual] Intel Xeon Silver 4510 2.4GHz 12 cores,12,24,,64 GB DDR5,64,2x 240 GB (SSD SATA),480,False,5 TB @ 1 Gbps,"Milan, IT",Italy,IT,312,EUR,383.0,https://valebyte.com/en/servers/dual-intel-xeon-silver-4510-24ghz-12-cores-milan-it/?utm_source=github&utm_medium=dataset&utm_campaign=dedicated-server-prices
AMD EPYC 8124P 2.45GHz 16 cores,AMD EPYC 8124P 2.45GHz 16 cores,16,32,,128 GB DDR5,128,2x 1 TB (SSD NVMe),2000,True,Unmetered @ 1 Gbps,"Paris, FR",France,FR,312,EUR,383.0,https://valebyte.com/en/servers/amd-epyc-8124p-245ghz-16-cores-paris-fr/?utm_source=github&utm_medium=dataset&utm_campaign=dedicated-server-prices
AMD Ryzen 7 5800X 3.8GHz 8 cores,AMD Ryzen 7 5800X 3.8GHz 8 cores,8,16,,32 GB DDR4,32,1.92 TB (SSD NVMe),1920,True,30 TB @ 1 Gbps,"Chisinau, MD",Moldova,MD,312,EUR,383.0,https://valebyte.com/en/servers/amd-ryzen-7-5800x-38ghz-8-cores-chisinau-md/?utm_source=github&utm_medium=dataset&utm_campaign=dedicated-server-prices
[Dual] Intel Xeon E5-2620 2GHz 6 cores,[Dual] Intel Xeon E5-2620 2GHz 6 cores,6,12,,16 GB DDR3,16,500 GB (SSD SATA),500,False,Unmetered @ 100 Mbps,"Nairobi, KE",Kenya,KE,312,EUR,383.0,https://valebyte.com/en/servers/dual-intel-xeon-e5-2620-2ghz-6-cores-nairobi-ke/?utm_source=github&utm_medium=dataset&utm_campaign=dedicated-server-prices
[Dual] Intel Xeon Silver 4510 2.4GHz 12 cores,[Dual] Intel Xeon Silver 4510 2.4GHz 12 cores,12,24,,64 GB DDR5,64,2x 240 GB (SSD SATA),480,False,5 TB @ 1 Gbps,"Oslo, NO",Norway,NO,312,EUR,383.0,https://valebyte.com/en/servers/dual-intel-xeon-silver-4510-24ghz-12-cores-oslo-no/?utm_source=github&utm_medium=dataset&utm_campaign=dedicated-server-prices
[Dual] Intel Xeon Silver 4510 2.4GHz 12 cores,[Dual] Intel Xeon Silver 4510 2.4GHz 12 cores,12,24,,64 GB DDR5,64,2x 240 GB (SSD SATA),480,False,5 TB @ 1 Gbps,"Bucharest, RO",Romania,RO,312,EUR,383.0,https://valebyte.com/en/servers/dual-intel-xeon-silver-4510-24ghz-12-cores-bucharest-ro/?utm_source=github&utm_medium=dataset&utm_campaign=dedicated-server-prices
[Dual] Intel Xeon Silver 4510 2.4GHz 12 cores,[Dual] Intel Xeon Silver 4510 2.4GHz 12 cores,12,24,,64 GB DDR5,64,2x 240 GB (SSD SATA),480,False,5 TB @ 1 Gbps,"Madrid, ES",Spain,ES,312,EUR,383.0,https://valebyte.com/en/servers/dual-intel-xeon-silver-4510-24ghz-12-cores-madrid-es/?utm_source=github&utm_medium=dataset&utm_campaign=dedicated-server-prices
[Dual] Intel Xeon Silver 4510 2.4GHz 12 cores,[Dual] Intel Xeon Silver 4510 2.4GHz 12 cores,12,24,,64 GB DDR5,64,2x 240 GB (SSD SATA),480,False,5 TB @ 1 Gbps,"Vienna, AT",Austria,AT,312,EUR,383.0,https://valebyte.com/en/servers/dual-intel-xeon-silver-4510-24ghz-12-cores-vienna-at/?utm_source=github&utm_medium=dataset&utm_campaign=dedicated-server-prices
[Dual] Intel Xeon Silver 4510 2.4GHz 12 cores,[Dual] Intel Xeon Silver 4510 2.4GHz 12 cores,12,24,,64 GB DDR5,64,2x 240 GB (SSD SATA),480,False,5 TB @ 1 Gbps,"Zurich, CH",Switzerland,CH,312,EUR,383.0,https://valebyte.com/en/servers/dual-intel-xeon-silver-4510-24ghz-12-cores-zurich-ch/?utm_source=github&utm_medium=dataset&utm_campaign=dedicated-server-prices
[Dual] Intel Xeon Silver 4510 2.4GHz 12 cores,[Dual] Intel Xeon Silver 4510 2.4GHz 12 cores,12,24,,64 GB DDR5,64,2x 240 GB (SSD SATA),480,False,5 TB @ 1 Gbps,"Rome, IT",Italy,IT,312,EUR,383.0,https://valebyte.com/en/servers/dual-intel-xeon-silver-4510-24ghz-12-cores-rome-it/?utm_source=github&utm_medium=dataset&utm_campaign=dedicated-server-prices
[Dual] Intel Xeon Silver 4510 2.4GHz 12 cores,[Dual] Intel Xeon Silver 4510 2.4GHz 12 cores,12,24,,64 GB DDR5,64,2x 240 GB (SSD SATA),480,False,5 TB @ 1 Gbps,"Barcelona, ES",Spain,ES,312,EUR,383.0,https://valebyte.com/en/servers/dual-intel-xeon-silver-4510-24ghz-12-cores-barcelona-es/?utm_source=github&utm_medium=dataset&utm_campaign=dedicated-server-prices
[Dual] Intel Xeon Silver 4510 2.4GHz 12 cores,[Dual] Intel Xeon Silver 4510 2.4GHz 12 cores,12,24,,64 GB DDR5,64,2x 240 GB (SSD SATA),480,False,5 TB @ 1 Gbps,"Manchester, UK",UK,UK,312,EUR,383.0,https://valebyte.com/en/servers/dual-intel-xeon-silver-4510-24ghz-12-cores-manchester-uk/?utm_source=github&utm_medium=dataset&utm_campaign=dedicated-server-prices
[Dual] Intel Xeon E5-2620 v4 2GHz 8 cores,[Dual] Intel Xeon E5-2620 v4 2GHz 8 cores,8,16,,32 GB DDR4,32,2x 2 TB (HDD SATA),4000,False,5 TB @ 1 Gbps,"Sao Paulo, BR",Brazil,BR,312,EUR,383.0,https://valebyte.com/en/servers/dual-intel-xeon-e5-2620-v4-2ghz-8-cores-sao-paulo-br/?utm_source=github&utm_medium=dataset&utm_campaign=dedicated-server-prices
[Dual] Intel Xeon Silver 4510 2.4GHz 12 cores,[Dual] Intel Xeon Silver 4510 2.4GHz 12 cores,12,24,,64 GB DDR5,64,2x 240 GB (SSD SATA),480,False,5 TB @ 1 Gbps,"Budapest, HU",Hungary,HU,312,EUR,383.0,https://valebyte.com/en/servers/dual-intel-xeon-silver-4510-24ghz-12-cores-budapest-hu/?utm_source=github&utm_medium=dataset&utm_campaign=dedicated-server-prices
[Dual] Intel Xeon Silver 4510 2.4GHz 12 cores,[Dual] Intel Xeon Silver 4510 2.4GHz 12 cores,12,24,,64 GB DDR5,64,2x 240 GB (SSD SATA),480,False,5 TB @ 1 Gbps,"Brussels, BE",Belgium,BE,312,EUR,383.0,https://valebyte.com/en/servers/dual-intel-xeon-silver-4510-24ghz-12-cores-brussels-be/?utm_source=github&utm_medium=dataset&utm_campaign=dedicated-server-prices
[Dual] Intel Xeon Silver 4510 2.4GHz 12 cores,[Dual] Intel Xeon Silver 4510 2.4GHz 12 cores,12,24,,64 GB DDR5,64,2x 240 GB (SSD SATA),480,False,5 TB @ 1 Gbps,"Prague, CZ",Czechia (Czech Republic),CZ,312,EUR,383.0,https://valebyte.com/en/servers/dual-intel-xeon-silver-4510-24ghz-12-cores-prague-cz/?utm_source=github&utm_medium=dataset&utm_campaign=dedicated-server-prices
[Dual] Intel Xeon Silver 4510 2.4GHz 12 cores,[Dual] Intel Xeon Silver 4510 2.4GHz 12 cores,12,24,,64 GB DDR5,64,2x 240 GB (SSD SATA),480,False,5 TB @ 1 Gbps,"Dublin, IE",Ireland,IE,312,EUR,383.0,https://valebyte.com/en/servers/dual-intel-xeon-silver-4510-24ghz-12-cores-dublin-ie/?utm_source=github&utm_medium=dataset&utm_campaign=dedicated-server-prices
[Dual] Intel Xeon Silver 4510 2.4GHz 12 cores,[Dual] Intel Xeon Silver 4510 2.4GHz 12 cores,12,24,,64 GB DDR5,64,2x 240 GB (SSD SATA),480,False,5 TB @ 1 Gbps,"Belgrade, RS",Serbia,RS,312,EUR,383.0,https://valebyte.com/en/servers/dual-intel-xeon-silver-4510-24ghz-12-cores-belgrade-rs/?utm_source=github&utm_medium=dataset&utm_campaign=dedicated-server-prices
[Dual] Intel Xeon Silver 4510 2.4GHz 12 cores,[Dual] Intel Xeon Silver 4510 2.4GHz 12 cores,12,24,,64 GB DDR5,64,2x 240 GB (SSD SATA),480,False,5 TB @ 1 Gbps,"Sofia, BG",Bulgaria,BG,312,EUR,383.0,https://valebyte.com/en/servers/dual-intel-xeon-silver-4510-24ghz-12-cores-sofia-bg/?utm_source=github&utm_medium=dataset&utm_campaign=dedicated-server-prices
[Dual] Intel Xeon Silver 4510 2.4GHz 12 cores,[Dual] Intel Xeon Silver 4510 2.4GHz 12 cores,12,24,,64 GB DDR5,64,2x 240 GB (SSD SATA),480,False,5 TB @ 1 Gbps,"Bratislava, SK",Slovakia,SK,312,EUR,383.0,https://valebyte.com/en/servers/dual-intel-xeon-silver-4510-24ghz-12-cores-bratislava-sk/?utm_source=github&utm_medium=dataset&utm_campaign=dedicated-server-prices
[Dual] Intel Xeon Silver 4510 2.4GHz 12 cores,[Dual] Intel Xeon Silver 4510 2.4GHz 12 cores,12,24,,64 GB DDR5,64,2x 240 GB (SSD SATA),480,False,5 TB @ 1 Gbps,"Stockholm, SE",Sweden,SE,312,EUR,383.0,https://valebyte.com/en/servers/dual-intel-xeon-silver-4510-24ghz-12-cores-stockholm-se/?utm_source=github&utm_medium=dataset&utm_campaign=dedicated-server-prices
AMD EPYC 8124P 2.45GHz 16 cores,AMD EPYC 8124P 2.45GHz 16 cores,16,32,,128 GB DDR5,128,2x 1 TB (SSD NVMe),2000,True,Unmetered @ 1 Gbps,"Warsaw, PL",Poland,PL,312,EUR,383.0,https://valebyte.com/en/servers/amd-epyc-8124p-245ghz-16-cores-warsaw-pl/?utm_source=github&utm_medium=dataset&utm_campaign=dedicated-server-prices
AMD EPYC 8124P 2.45GHz 16 cores,AMD EPYC 8124P 2.45GHz 16 cores,16,32,,128 GB DDR5,128,2x 1 TB (SSD NVMe),2000,True,Unmetered @ 1 Gbps,"Amsterdam, NL",Netherlands,NL,312,EUR,383.0,https://valebyte.com/en/servers/amd-epyc-8124p-245ghz-16-cores-amsterdam-nl/?utm_source=github&utm_medium=dataset&utm_campaign=dedicated-server-prices
AMD EPYC 4464P 3.7GHz 12 cores,AMD EPYC 4464P 3.7GHz 12 cores,12,24,,64 GB DDR5,64,2x 960 GB (SSD NVMe),1920,True,25 TB @ 1 Gbps,"Sydney, AU",Australia,AU,313,EUR,385.0,https://valebyte.com/en/servers/amd-epyc-4464p-37ghz-12-cores-sydney-au/?utm_source=github&utm_medium=dataset&utm_campaign=dedicated-server-prices
[Dual] Intel Xeon E5-2620 v4 2GHz 8 cores,[Dual] Intel Xeon E5-2620 v4 2GHz 8 cores,8,16,,96 GB DDR4,96,2x 400 GB (SSD SATA),800,False,Unmetered @ 100 Mbps,"Tunis, TN",Tunisia,TN,313,EUR,385.0,https://valebyte.com/en/servers/dual-intel-xeon-e5-2620-v4-2ghz-8-cores-tunis-tn/?utm_source=github&utm_medium=dataset&utm_campaign=dedicated-server-prices
AMD EPYC 4344P 3.8GHz 8 cores,AMD EPYC 4344P 3.8GHz 8 cores,8,16,,192 GB DDR4 ECC,192,2x 22 TB (SAS HardRAID),44000,False,Unmetered @ 500 Mbps,"Mumbai, IN",India,IN,314,EUR,386.0,https://valebyte.com/en/servers/amd-epyc-4344p-38ghz-8-cores-mumbai-in-4/?utm_source=github&utm_medium=dataset&utm_campaign=dedicated-server-prices
AMD EPYC 4344P 3.8GHz 8 cores,AMD EPYC 4344P 3.8GHz 8 cores,8,16,,32 GB DDR5 ECC,32,8x 22 TB (SAS SoftRAID),176000,False,Unmetered @ 500 Mbps,"Singapore, SG",Singapore,SG,314,EUR,386.0,https://valebyte.com/en/servers/amd-epyc-4344p-38ghz-8-cores-singapore-sg-4/?utm_source=github&utm_medium=dataset&utm_campaign=dedicated-server-prices
AMD EPYC 4344P 3.8GHz 8 cores,AMD EPYC 4344P 3.8GHz 8 cores,8,16,,128 GB DDR4 ECC,128,4x 22 TB (SAS SoftRAID),88000,False,Unmetered @ 500 Mbps,"Sydney, AU",Australia,AU,314,EUR,386.0,https://valebyte.com/en/servers/amd-epyc-4344p-38ghz-8-cores-sydney-au-5/?utm_source=github&utm_medium=dataset&utm_campaign=dedicated-server-prices
Intel Xeon E5-2690 v4 2.6GHz 14 cores,Intel Xeon E5-2690 v4 2.6GHz 14 cores,14,28,,64 GB DDR4,64,512 GB (SSD SATA),512,False,Unmetered @ 1 Gbps,"Belfast, IE",Ireland,IE,318,EUR,391.0,https://valebyte.com/en/servers/intel-xeon-e5-2690-v4-26ghz-14-cores-belfast-ie/?utm_source=github&utm_medium=dataset&utm_campaign=dedicated-server-prices
[Dual] Intel Xeon E5-2690 v3 2.6GHz 12 cores,[Dual] Intel Xeon E5-2690 v3 2.6GHz 12 cores,12,24,,64 GB DDR4,64,2x 512 GB (SSD SATA),1024,False,Unmetered @ 1 Gbps,"Belfast, IE",Ireland,IE,318,EUR,391.0,https://valebyte.com/en/servers/dual-intel-xeon-e5-2690-v3-26ghz-12-cores-belfast-ie/?utm_source=github&utm_medium=dataset&utm_campaign=dedicated-server-prices
Intel Xeon E-2276G 3.8GHz 6 cores,Intel Xeon E-2276G 3.8GHz 6 cores,6,12,,64 GB DDR4,64,2x 960 GB (SSD NVMe),1920,True,25 TB @ 10 Gbps,"Mumbai, IN",India,IN,318,EUR,391.0,https://valebyte.com/en/servers/intel-xeon-e-2276g-38ghz-6-cores-mumbai-in/?utm_source=github&utm_medium=dataset&utm_campaign=dedicated-server-prices
[Dual] Intel Xeon E5-2643 v2 3.5GHz 6 cores,[Dual] Intel Xeon E5-2643 v2 3.5GHz 6 cores,6,12,,192 GB DDR3,192,2x 1 TB (SSD SATA) & 2x 8 TB (HDD SATA),18000,False,Unmetered @ 1 Gbps,"Riga, LV",Latvia,LV,318,EUR,391.0,https://valebyte.com/en/servers/dual-intel-xeon-e5-2643-v2-35ghz-6-cores-riga-lv/?utm_source=github&utm_medium=dataset&utm_campaign=dedicated-server-prices
AMD EPYC 4584PX 4.2GHz 16 cores,AMD EPYC 4584PX 4.2GHz 16 cores,16,32,,192 GB DDR4 ECC,192,2x 960 GB (NVME SoftRAID),1920,True,Unmetered @ 3 Gbps,"Beauharnois, CA",Canada,CA,320,EUR,393.0,https://valebyte.com/en/servers/amd-epyc-4584px-42ghz-16-cores-beauharnois-ca-1/?utm_source=github&utm_medium=dataset&utm_campaign=dedicated-server-prices
AMD EPYC 4584PX 4.2GHz 16 cores,AMD EPYC 4584PX 4.2GHz 16 cores,16,32,,192 GB DDR4 ECC,192,2x 960 GB (NVME SoftRAID),1920,True,Unmetered @ 3 Gbps,"London, GB",London,,320,EUR,393.0,https://valebyte.com/en/servers/amd-epyc-4584px-42ghz-16-cores-london-gb-1/?utm_source=github&utm_medium=dataset&utm_campaign=dedicated-server-prices
AMD EPYC 4584PX 4.2GHz 16 cores,AMD EPYC 4584PX 4.2GHz 16 cores,16,32,,192 GB DDR4 ECC,192,2x 960 GB (NVME SoftRAID),1920,True,Unmetered @ 3 Gbps,"Warsaw, PL",Poland,PL,320,EUR,393.0,https://valebyte.com/en/servers/amd-epyc-4584px-42ghz-16-cores-warsaw-pl-1/?utm_source=github&utm_medium=dataset&utm_campaign=dedicated-server-prices
AMD EPYC 4584PX 4.2GHz 16 cores,AMD EPYC 4584PX 4.2GHz 16 cores,16,32,,128 GB DDR4 ECC,128,2x 960 GB (NVME SoftRAID),1920,True,Unmetered @ 500 Mbps,"Sydney, AU",Australia,AU,320,EUR,393.0,https://valebyte.com/en/servers/amd-epyc-4584px-42ghz-16-cores-sydney-au-2/?utm_source=github&utm_medium=dataset&utm_campaign=dedicated-server-prices
AMD EPYC 4584PX 4.2GHz 16 cores,AMD EPYC 4584PX 4.2GHz 16 cores,16,32,,64 GB DDR5 ECC,64,4x 1.92 TB (NVME SoftRAID),7680,True,Unmetered @ 500 Mbps,"Singapore, SG",Singapore,SG,320,EUR,393.0,https://valebyte.com/en/servers/amd-epyc-4584px-42ghz-16-cores-singapore-sg-2/?utm_source=github&utm_medium=dataset&utm_campaign=dedicated-server-prices
AMD EPYC 4584PX 4.2GHz 16 cores,AMD EPYC 4584PX 4.2GHz 16 cores,16,32,,192 GB DDR4 ECC,192,2x 960 GB (NVME SoftRAID),1920,True,Unmetered @ 3 Gbps,"Frankfurt, DE",Germany,DE,320,EUR,393.0,https://valebyte.com/en/servers/amd-epyc-4584px-42ghz-16-cores-frankfurt-de-1/?utm_source=github&utm_medium=dataset&utm_campaign=dedicated-server-prices
AMD EPYC 4584PX 4.2GHz 16 cores,AMD EPYC 4584PX 4.2GHz 16 cores,16,32,,192 GB DDR4 ECC,192,2x 960 GB (NVME SoftRAID),1920,True,Unmetered @ 3 Gbps,"Roubaix, FR",France,FR,320,EUR,393.0,https://valebyte.com/en/servers/amd-epyc-4584px-42ghz-16-cores-roubaix-fr-1/?utm_source=github&utm_medium=dataset&utm_campaign=dedicated-server-prices
AMD EPYC 4584PX 4.2GHz 16 cores,AMD EPYC 4584PX 4.2GHz 16 cores,16,32,,192 GB DDR4 ECC,192,2x 960 GB (NVME SoftRAID),1920,True,Unmetered @ 3 Gbps,"Gravelines, FR",France,FR,320,EUR,393.0,https://valebyte.com/en/servers/amd-epyc-4584px-42ghz-16-cores-gravelines-fr-1/?utm_source=github&utm_medium=dataset&utm_campaign=dedicated-server-prices
Intel Xeon E5 1410 v2,"Intel Xeon E5 1410 v2, 4C/8T @ 2.8GHz",4,8,,96 GB DDR3,96,4x11.18TB (HDD),44720,False,Unmetered @ 1 Gbps,"Amsterdam, NL",Netherlands,NL,321,EUR,394.0,https://valebyte.com/en/servers/scaleway-em-l110x-sata-amsterdam-nl/?utm_source=github&utm_medium=dataset&utm_campaign=dedicated-server-prices
Intel Xeon E5 1410 v2,"Intel Xeon E5 1410 v2, 4C/8T @ 2.8GHz",4,8,,96 GB DDR3,96,4x11.18TB (HDD),44720,False,Unmetered @ 1 Gbps,"Paris, FR",France,FR,321,EUR,394.0,https://valebyte.com/en/servers/scaleway-em-l110x-sata-paris-fr/?utm_source=github&utm_medium=dataset&utm_campaign=dedicated-server-prices
Intel Xeon E5 1410 v2,"Intel Xeon E5 1410 v2, 4C/8T @ 2.8GHz",4,8,,96 GB DDR3,96,4x11.18TB (HDD),44720,False,Unmetered @ 1 Gbps,"Paris, FR",France,FR,321,EUR,394.0,https://valebyte.com/en/servers/intel-xeon-e5-1410-v2-paris-fr-3/?utm_source=github&utm_medium=dataset&utm_campaign=dedicated-server-prices
Intel Xeon E5 1410 v2,"Intel Xeon E5 1410 v2, 4C/8T @ 2.8GHz",4,8,,96 GB DDR3,96,4x11.18TB (HDD),44720,False,Unmetered @ 1 Gbps,"Warsaw, PL",Poland,PL,321,EUR,394.0,https://valebyte.com/en/servers/intel-xeon-e5-1410-v2-warsaw-pl-3/?utm_source=github&utm_medium=dataset&utm_campaign=dedicated-server-prices
Intel Xeon E5-2450 2.1GHz 8 cores,Intel Xeon E5-2450 2.1GHz 8 cores,8,16,,32 GB DDR3,32,4x 900 GB (HDD SAS),3600,False,Unmetered @ 50 Mbps,"Fez, MA",Morocco,MA,323,EUR,397.0,https://valebyte.com/en/servers/intel-xeon-e5-2450-21ghz-8-cores-fez-ma-1/?utm_source=github&utm_medium=dataset&utm_campaign=dedicated-server-prices
[Dual] Intel Xeon E5-2620 v4 2GHz 8 cores,[Dual] Intel Xeon E5-2620 v4 2GHz 8 cores,8,16,,32 GB DDR4,32,2x 500 GB (HDD SATA),1000,False,Unmetered @ 1 Gbps,"Tirana, AL",Albania,AL,323,EUR,397.0,https://valebyte.com/en/servers/dual-intel-xeon-e5-2620-v4-2ghz-8-cores-tirana-al/?utm_source=github&utm_medium=dataset&utm_campaign=dedicated-server-prices
Intel Xeon E5-2450 2.1GHz 8 cores,Intel Xeon E5-2450 2.1GHz 8 cores,8,16,,32 GB DDR3,32,4x 900 GB (HDD SAS),3600,False,Unmetered @ 50 Mbps,"Casablanca, MA",Morocco,MA,323,EUR,397.0,https://valebyte.com/en/servers/intel-xeon-e5-2450-21ghz-8-cores-casablanca-ma-1/?utm_source=github&utm_medium=dataset&utm_campaign=dedicated-server-prices
[Dual] Intel Xeon E5-2650 v3 2.3GHz 10 cores,[Dual] Intel Xeon E5-2650 v3 2.3GHz 10 cores,10,20,,64 GB DDR4,64,2x 480 GB (SSD SATA),960,False,50 TB @ 10 Gbps,"Madrid, ES",Spain,ES,323,EUR,397.0,https://valebyte.com/en/servers/dual-intel-xeon-e5-2650-v3-23ghz-10-cores-madrid-es/?utm_source=github&utm_medium=dataset&utm_campaign=dedicated-server-prices
Intel Xeon E3-1270 v5 3.6GHz 4 cores,Intel Xeon E3-1270 v5 3.6GHz 4 cores,4,8,,16 GB DDR4,16,2x 250 GB (SSD SATA),500,False,10 TB @ 1 Gbps,"Istanbul, TR",Turkey,TR,323,EUR,397.0,https://valebyte.com/en/servers/intel-xeon-e3-1270-v5-36ghz-4-cores-istanbul-tr/?utm_source=github&utm_medium=dataset&utm_campaign=dedicated-server-prices
AMD EPYC 9254 2.9GHz 24 cores,AMD EPYC 9254 2.9GHz 24 cores,24,48,,64 GB DDR4,64,2x 240 GB (SSD SATA),480,False,5 TB @ 1 Gbps,"Vienna, AT",Austria,AT,324,EUR,398.0,https://valebyte.com/en/servers/amd-epyc-9254-29ghz-24-cores-vienna-at/?utm_source=github&utm_medium=dataset&utm_campaign=dedicated-server-prices
AMD EPYC 9254 2.9GHz 24 cores,AMD EPYC 9254 2.9GHz 24 cores,24,48,,64 GB DDR4,64,2x 240 GB (SSD SATA),480,False,5 TB @ 1 Gbps,"Bratislava, SK",Slovakia,SK,324,EUR,398.0,https://valebyte.com/en/servers/amd-epyc-9254-29ghz-24-cores-bratislava-sk/?utm_source=github&utm_medium=dataset&utm_campaign=dedicated-server-prices
AMD EPYC 9254 2.9GHz 24 cores,AMD EPYC 9254 2.9GHz 24 cores,24,48,,64 GB DDR4,64,2x 240 GB (SSD SATA),480,False,5 TB @ 1 Gbps,"Oslo, NO",Norway,NO,324,EUR,398.0,https://valebyte.com/en/servers/amd-epyc-9254-29ghz-24-cores-oslo-no/?utm_source=github&utm_medium=dataset&utm_campaign=dedicated-server-prices
AMD EPYC 9254 2.9GHz 24 cores,AMD EPYC 9254 2.9GHz 24 cores,24,48,,64 GB DDR4,64,2x 240 GB (SSD SATA),480,False,5 TB @ 1 Gbps,"Zurich, CH",Switzerland,CH,324,EUR,398.0,https://valebyte.com/en/servers/amd-epyc-9254-29ghz-24-cores-zurich-ch/?utm_source=github&utm_medium=dataset&utm_campaign=dedicated-server-prices
AMD EPYC 9254 2.9GHz 24 cores,AMD EPYC 9254 2.9GHz 24 cores,24,48,,64 GB DDR4,64,2x 240 GB (SSD SATA),480,False,5 TB @ 1 Gbps,"Dublin, IE",Ireland,IE,324,EUR,398.0,https://valebyte.com/en/servers/amd-epyc-9254-29ghz-24-cores-dublin-ie/?utm_source=github&utm_medium=dataset&utm_campaign=dedicated-server-prices
AMD EPYC 9254 2.9GHz 24 cores,AMD EPYC 9254 2.9GHz 24 cores,24,48,,64 GB DDR4,64,2x 240 GB (SSD SATA),480,False,5 TB @ 1 Gbps,"Barcelona, ES",Spain,ES,324,EUR,398.0,https://valebyte.com/en/servers/amd-epyc-9254-29ghz-24-cores-barcelona-es/?utm_source=github&utm_medium=dataset&utm_campaign=dedicated-server-prices
AMD EPYC 9254 2.9GHz 24 cores,AMD EPYC 9254 2.9GHz 24 cores,24,48,,64 GB DDR4,64,2x 240 GB (SSD SATA),480,False,5 TB @ 1 Gbps,"Manchester, UK",UK,UK,324,EUR,398.0,https://valebyte.com/en/servers/amd-epyc-9254-29ghz-24-cores-manchester-uk/?utm_source=github&utm_medium=dataset&utm_campaign=dedicated-server-prices
AMD EPYC 9254 2.9GHz 24 cores,AMD EPYC 9254 2.9GHz 24 cores,24,48,,64 GB DDR4,64,2x 240 GB (SSD SATA),480,False,5 TB @ 1 Gbps,"Budapest, HU",Hungary,HU,324,EUR,398.0,https://valebyte.com/en/servers/amd-epyc-9254-29ghz-24-cores-budapest-hu/?utm_source=github&utm_medium=dataset&utm_campaign=dedicated-server-prices
AMD EPYC 9254 2.9GHz 24 cores,AMD EPYC 9254 2.9GHz 24 cores,24,48,,64 GB DDR4,64,2x 240 GB (SSD SATA),480,False,5 TB @ 1 Gbps,"Prague, CZ",Czechia (Czech Republic),CZ,324,EUR,398.0,https://valebyte.com/en/servers/amd-epyc-9254-29ghz-24-cores-prague-cz/?utm_source=github&utm_medium=dataset&utm_campaign=dedicated-server-prices
AMD EPYC 9254 2.9GHz 24 cores,AMD EPYC 9254 2.9GHz 24 cores,24,48,,64 GB DDR4,64,2x 240 GB (SSD SATA),480,False,5 TB @ 1 Gbps,"Rome, IT",Italy,IT,324,EUR,398.0,https://valebyte.com/en/servers/amd-epyc-9254-29ghz-24-cores-rome-it/?utm_source=github&utm_medium=dataset&utm_campaign=dedicated-server-prices
AMD EPYC 9254 2.9GHz 24 cores,AMD EPYC 9254 2.9GHz 24 cores,24,48,,64 GB DDR4,64,2x 240 GB (SSD SATA),480,False,5 TB @ 1 Gbps,"Milan, IT",Italy,IT,324,EUR,398.0,https://valebyte.com/en/servers/amd-epyc-9254-29ghz-24-cores-milan-it/?utm_source=github&utm_medium=dataset&utm_campaign=dedicated-server-prices
AMD EPYC 9254 2.9GHz 24 cores,AMD EPYC 9254 2.9GHz 24 cores,24,48,,64 GB DDR4,64,2x 240 GB (SSD SATA),480,False,5 TB @ 1 Gbps,"Madrid, ES",Spain,ES,324,EUR,398.0,https://valebyte.com/en/servers/amd-epyc-9254-29ghz-24-cores-madrid-es/?utm_source=github&utm_medium=dataset&utm_campaign=dedicated-server-prices
AMD EPYC 9254 2.9GHz 24 cores,AMD EPYC 9254 2.9GHz 24 cores,24,48,,64 GB DDR4,64,2x 240 GB (SSD SATA),480,False,5 TB @ 1 Gbps,"Bucharest, RO",Romania,RO,324,EUR,398.0,https://valebyte.com/en/servers/amd-epyc-9254-29ghz-24-cores-bucharest-ro/?utm_source=github&utm_medium=dataset&utm_campaign=dedicated-server-prices
AMD EPYC 9254 2.9GHz 24 cores,AMD EPYC 9254 2.9GHz 24 cores,24,48,,64 GB DDR4,64,2x 240 GB (SSD SATA),480,False,5 TB @ 1 Gbps,"Belgrade, RS",Serbia,RS,324,EUR,398.0,https://valebyte.com/en/servers/amd-epyc-9254-29ghz-24-cores-belgrade-rs/?utm_source=github&utm_medium=dataset&utm_campaign=dedicated-server-prices
AMD EPYC 9254 2.9GHz 24 cores,AMD EPYC 9254 2.9GHz 24 cores,24,48,,64 GB DDR4,64,2x 240 GB (SSD SATA),480,False,5 TB @ 1 Gbps,"Stockholm, SE",Sweden,SE,324,EUR,398.0,https://valebyte.com/en/servers/amd-epyc-9254-29ghz-24-cores-stockholm-se/?utm_source=github&utm_medium=dataset&utm_campaign=dedicated-server-prices
AMD EPYC 9254 2.9GHz 24 cores,AMD EPYC 9254 2.9GHz 24 cores,24,48,,64 GB DDR4,64,2x 240 GB (SSD SATA),480,False,5 TB @ 1 Gbps,"Brussels, BE",Belgium,BE,324,EUR,398.0,https://valebyte.com/en/servers/amd-epyc-9254-29ghz-24-cores-brussels-be/?utm_source=github&utm_medium=dataset&utm_campaign=dedicated-server-prices
AMD EPYC 9254 2.9GHz 24 cores,AMD EPYC 9254 2.9GHz 24 cores,24,48,,64 GB DDR4,64,2x 240 GB (SSD SATA),480,False,5 TB @ 1 Gbps,"Sofia, BG",Bulgaria,BG,324,EUR,398.0,https://valebyte.com/en/servers/amd-epyc-9254-29ghz-24-cores-sofia-bg/?utm_source=github&utm_medium=dataset&utm_campaign=dedicated-server-prices
Intel Xeon E5-2680 v4 2.4GHz 14 cores,Intel Xeon E5-2680 v4 2.4GHz 14 cores,14,28,,32 GB DDR4,32,2x 500 GB (SSD SATA),1000,False,25 TB @ 1 Gbps,"Santiago, CL",Chile,CL,324,EUR,398.0,https://valebyte.com/en/servers/intel-xeon-e5-2680-v4-24ghz-14-cores-santiago-cl/?utm_source=github&utm_medium=dataset&utm_campaign=dedicated-server-prices
[Dual] Intel Xeon Silver 4210 2.2GHz 10 cores,[Dual] Intel Xeon Silver 4210 2.2GHz 10 cores,10,20,,64 GB DDR4,64,2x 4 TB (HDD SATA),8000,False,5 TB @ 1 Gbps,"Copenhagen, DK",Denmark,DK,324,EUR,398.0,https://valebyte.com/en/servers/dual-intel-xeon-silver-4210-22ghz-10-cores-copenhagen-dk/?utm_source=github&utm_medium=dataset&utm_campaign=dedicated-server-prices
[Dual] Intel Xeon E5-2609 v4 1.7GHz 8 cores,[Dual] Intel Xeon E5-2609 v4 1.7GHz 8 cores,8,16,,16 GB DDR4,16,2x 2 TB (HDD SATA),4000,False,5 TB @ 1 Gbps,"Dubai, AE",United Arab Emirates,AE,324,EUR,398.0,https://valebyte.com/en/servers/dual-intel-xeon-e5-2609-v4-17ghz-8-cores-dubai-ae/?utm_source=github&utm_medium=dataset&utm_campaign=dedicated-server-prices
[Dual] Intel Xeon E5-2620 v4 2GHz 8 cores,[Dual] Intel Xeon E5-2620 v4 2GHz 8 cores,8,16,,32 GB DDR4,32,2x 2 TB (HDD SATA),4000,False,5 TB @ 1 Gbps,"Tokyo, JP",Japan,JP,324,EUR,398.0,https://valebyte.com/en/servers/dual-intel-xeon-e5-2620-v4-2ghz-8-cores-tokyo-jp/?utm_source=github&utm_medium=dataset&utm_campaign=dedicated-server-prices
AMD EPYC 8024P,"AMD EPYC 8024P, 8C/16T @ 2.4GHz",8,16,,64 GB DDR5,64,2x894GB (NVME),1788,True,Unmetered @ 1 Gbps,"Amsterdam, NL",Netherlands,NL,325,EUR,399.0,https://valebyte.com/en/servers/amd-epyc-8024p-amsterdam-nl/?utm_source=github&utm_medium=dataset&utm_campaign=dedicated-server-prices
AMD EPYC 8024P,"AMD EPYC 8024P, 8C/16T @ 2.4GHz",8,16,,64 GB DDR5,64,2x894GB (NVME),1788,True,Unmetered @ 1 Gbps,"Paris, FR",France,FR,325,EUR,399.0,https://valebyte.com/en/servers/scaleway-em-i120e-nvme-paris-fr/?utm_source=github&utm_medium=dataset&utm_campaign=dedicated-server-prices
AMD EPYC 8024P,"AMD EPYC 8024P, 8C/16T @ 2.4GHz",8,16,,64 GB DDR5,64,2x894GB (NVME),1788,True,Unmetered @ 1 Gbps,"Amsterdam, NL",Netherlands,NL,325,EUR,399.0,https://valebyte.com/en/servers/scaleway-em-i120e-nvme-amsterdam-nl/?utm_source=github&utm_medium=dataset&utm_campaign=dedicated-server-prices
AMD EPYC 8024P,"AMD EPYC 8024P, 8C/16T @ 2.4GHz",8,16,,64 GB DDR5,64,2x894GB (NVME),1788,True,Unmetered @ 1 Gbps,"Warsaw, PL",Poland,PL,325,EUR,399.0,https://valebyte.com/en/servers/scaleway-em-i120e-nvme-warsaw-pl/?utm_source=github&utm_medium=dataset&utm_campaign=dedicated-server-prices
AMD EPYC 8024P,"AMD EPYC 8024P, 8C/16T @ 2.4GHz",8,16,,64 GB DDR5,64,2x894GB (NVME),1788,True,Unmetered @ 1 Gbps,"Warsaw, PL",Poland,PL,325,EUR,399.0,https://valebyte.com/en/servers/amd-epyc-8024p-warsaw-pl/?utm_source=github&utm_medium=dataset&utm_campaign=dedicated-server-prices
AMD EPYC 4584PX 4.2GHz 16 cores,AMD EPYC 4584PX 4.2GHz 16 cores,16,32,,64 GB DDR5,64,2x 240 GB (SSD SATA),480,False,5 TB @ 1 Gbps,"Helsinki, FI",Finland,FI,330,EUR,405.0,https://valebyte.com/en/servers/amd-epyc-4584px-42ghz-16-cores-helsinki-fi/?utm_source=github&utm_medium=dataset&utm_campaign=dedicated-server-prices
Intel Xeon Gold 6312U 2.4GHz 24 cores,Intel Xeon Gold 6312U 2.4GHz 24 cores,24,48,,128 GB DDR4,128,2x 960 GB (SSD NVMe),1920,True,Unmetered @ 1 Gbps,"Lille, FR",France,FR,330,EUR,405.0,https://valebyte.com/en/servers/intel-xeon-gold-6312u-24ghz-24-cores-lille-fr/?utm_source=github&utm_medium=dataset&utm_campaign=dedicated-server-prices
Intel Xeon Silver 4116 2.1GHz + Tesla T4 16GB,Intel Xeon Silver 4116 2.1GHz,12,24,15146,256 GB DDR4,256,4x 1 TB SSD SATA,4000,False,200 TB @ 1 Gbps,"Helsinki, FI",Finland,FI,406,USD,406.0,https://valebyte.com/en/servers/intel-xeon-silver-4116-21ghz-tesla-t4-16gb-helsinki-fi/?utm_source=github&utm_medium=dataset&utm_campaign=dedicated-server-prices
AMD Opteron 4386 3.10GHz 8 cores,AMD Opteron 4386 3.10GHz 8 cores,8,8,4378,64 GB DDR3,64,12 x 4 TB (HDD SATA),48000,False,Unmetered @ 500 Mbps,"Paris, FR",France,FR,332,EUR,408.0,https://valebyte.com/en/servers/amd-opteron-4386-3-10ghz-8-64gb-48000gb-paris-fr-a709f1/?utm_source=github&utm_medium=dataset&utm_campaign=dedicated-server-prices
Intel Xeon E5 2660v3 2.60GHz 2x 20 cores,Intel Xeon E5 2660v3 2.60GHz 2x 20 cores,20,40,21756,192 GB DDR4,192,5 x 6 TB (HDD SATA),30000,False,Unmetered @ 500 Mbps,"Paris, FR",France,FR,332,EUR,408.0,https://valebyte.com/en/servers/intel-xeon-e5-2660v3-2-60ghz-2x-20-192gb-30000gb-paris-fr-6ad157/?utm_source=github&utm_medium=dataset&utm_campaign=dedicated-server-prices
Intel Xeon E5 2670v2 2.60GHz 2x 20 cores,Intel Xeon E5 2670v2 2.60GHz 2x 20 cores,20,40,20667,256 GB DDR3,256,3 x 160 GB (SATA SSD),480,False,Unmetered @ 500 Mbps,"Paris, FR",France,FR,332,EUR,408.0,https://valebyte.com/en/servers/intel-xeon-e5-2670v2-2-60ghz-2x-20-256gb-480gb-paris-fr-bdba2f/?utm_source=github&utm_medium=dataset&utm_campaign=dedicated-server-prices
Intel Xeon E5 1620v4 3.50GHz 4 cores,Intel Xeon E5 1620v4 3.50GHz 4 cores,4,8,7389,64 GB DDR4,64,12 x 4 TB (HDD SATA),48000,False,Unmetered @ 300 Mbps,"Paris, FR",France,FR,332,EUR,408.0,https://valebyte.com/en/servers/intel-xeon-e5-1620v4-3-50ghz-4-64gb-48000gb-paris-fr-259bb3/?utm_source=github&utm_medium=dataset&utm_campaign=dedicated-server-prices
Intel Xeon E5 2670 v2,"Intel Xeon E5 2670 v2, 10C/20T @ 2.5GHz",10,20,,256 GB DDR3,256,2x11.18TB (HDD),22360,False,Unmetered @ 1 Gbps,"Paris, FR",France,FR,333,EUR,409.0,https://valebyte.com/en/servers/scaleway-em-b311x-sata-paris-fr/?utm_source=github&utm_medium=dataset&utm_campaign=dedicated-server-prices
Intel Xeon E5 2670 v2,"Intel Xeon E5 2670 v2, 10C/20T @ 2.5GHz",10,20,,256 GB DDR3,256,2x953GB (SSD),1906,False,Unmetered @ 1 Gbps,"Paris, FR",France,FR,333,EUR,409.0,https://valebyte.com/en/servers/scaleway-em-b312x-ssd-paris-fr/?utm_source=github&utm_medium=dataset&utm_campaign=dedicated-server-prices
Intel Xeon E5 2670 v2,"Intel Xeon E5 2670 v2, 10C/20T @ 2.5GHz",10,20,,256 GB DDR3,256,2x953GB (SSD),1906,False,Unmetered @ 1 Gbps,"Amsterdam, NL",Netherlands,NL,333,EUR,409.0,https://valebyte.com/en/servers/scaleway-em-b312x-ssd-amsterdam-nl/?utm_source=github&utm_medium=dataset&utm_campaign=dedicated-server-prices
AMD Epyc 7642 2.3GHz 48 cores,AMD Epyc 7642 2.3GHz 48 cores,48,96,,1 TB DDR4 ECC,1000,No disk included,,False,Unmetered @ 1 Gbps,"Roubaix, FR",France,FR,334,EUR,410.0,https://valebyte.com/en/servers/amd-epyc-7642-23ghz-48-cores-roubaix-fr/?utm_source=github&utm_medium=dataset&utm_campaign=dedicated-server-prices
[Dual] Intel Xeon E5-2620 v4 2GHz 8 cores,[Dual] Intel Xeon E5-2620 v4 2GHz 8 cores,8,16,,32 GB DDR4,32,2x 2 TB (HDD SATA),4000,False,5 TB @ 1 Gbps,"Sydney, AU",Australia,AU,334,EUR,410.0,https://valebyte.com/en/servers/dual-intel-xeon-e5-2620-v4-2ghz-8-cores-sydney-au/?utm_source=github&utm_medium=dataset&utm_campaign=dedicated-server-prices
[Dual] Intel Xeon E5-2660 v3 2.6GHz 10 cores,[Dual] Intel Xeon E5-2660 v3 2.6GHz 10 cores,10,20,,64 GB DDR4,64,2x 480 GB (SSD SATA),960,False,50 TB @ 10 Gbps,"Warsaw, PL",Poland,PL,335,EUR,412.0,https://valebyte.com/en/servers/dual-intel-xeon-e5-2660-v3-26ghz-10-cores-warsaw-pl/?utm_source=github&utm_medium=dataset&utm_campaign=dedicated-server-prices
AMD EPYC 7302P 3GHz 16 cores,AMD EPYC 7302P 3GHz 16 cores,16,32,,64 GB DDR4,64,2x 1 TB (SSD NVMe),2000,True,100 TB @ 1 Gbps,"Vilnius, LT",Lithuania,LT,336,EUR,413.0,https://valebyte.com/en/servers/amd-epyc-7302p-3ghz-16-cores-vilnius-lt/?utm_source=github&utm_medium=dataset&utm_campaign=dedicated-server-prices
Intel Xeon Gold 6312U 2.4GHz 24 cores,Intel Xeon Gold 6312U 2.4GHz 24 cores,24,48,,128 GB DDR4,128,2x 960 GB (SSD NVMe),1920,True,Unmetered @ 1 Gbps,"Warsaw, PL",Poland,PL,336,EUR,413.0,https://valebyte.com/en/servers/intel-xeon-gold-6312u-24ghz-24-cores-warsaw-pl/?utm_source=github&utm_medium=dataset&utm_campaign=dedicated-server-prices
[Dual] AMD EPYC 7402 2.8GHz 24 cores,[Dual] AMD EPYC 7402 2.8GHz 24 cores,24,48,,64 GB DDR4,64,2x 1 TB (SSD SATA),2000,False,Unmetered @ 1 Gbps,"Belfast, IE",Ireland,IE,336,EUR,413.0,https://valebyte.com/en/servers/dual-amd-epyc-7402-28ghz-24-cores-belfast-ie/?utm_source=github&utm_medium=dataset&utm_campaign=dedicated-server-prices
[Dual] Intel Xeon Silver 4116 2.1GHz 12 cores,[Dual] Intel Xeon Silver 4116 2.1GHz 12 cores,12,24,,128 GB DDR4,128,4x 2 TB (SSD SATA),8000,False,100 TB @ 10 Gbps,"Amsterdam, NL",Netherlands,NL,336,EUR,413.0,https://valebyte.com/en/servers/dual-intel-xeon-silver-4116-21ghz-12-cores-amsterdam-nl-1/?utm_source=github&utm_medium=dataset&utm_campaign=dedicated-server-prices
[Dual] Intel Xeon E5-2640 2.5GHz 6 cores,[Dual] Intel Xeon E5-2640 2.5GHz 6 cores,6,12,,32 GB DDR3,32,2x 1 TB (HDD SATA),2000,False,Unmetered @ 1 Gbps,"Athens, GR",Greece,GR,336,EUR,413.0,https://valebyte.com/en/servers/dual-intel-xeon-e5-2640-25ghz-6-cores-athens-gr/?utm_source=github&utm_medium=dataset&utm_campaign=dedicated-server-prices
AMD Ryzen 9 7900 3.7GHz 12 cores,AMD Ryzen 9 7900 3.7GHz 12 cores,12,24,,64 GB DDR5,64,2x 240 GB (SSD SATA),480,False,5 TB @ 1 Gbps,"Hong Kong, HK",Hong Kong,HK,340,EUR,418.0,https://valebyte.com/en/servers/amd-ryzen-9-7900-37ghz-12-cores-hong-kong-hk/?utm_source=github&utm_medium=dataset&utm_campaign=dedicated-server-prices
[Dual] Intel Xeon E5-2630 v4 2.2GHz 10 cores,[Dual] Intel Xeon E5-2630 v4 2.2GHz 10 cores,10,20,,64 GB DDR4,64,2x 3 TB (HDD SATA),6000,False,5 TB @ 1 Gbps,"Hong Kong, HK",Hong Kong,HK,341,EUR,419.0,https://valebyte.com/en/servers/dual-intel-xeon-e5-2630-v4-22ghz-10-cores-hong-kong-hk/?utm_source=github&utm_medium=dataset&utm_campaign=dedicated-server-prices
[Dual] Intel Xeon E5-2630 v4 2.2GHz 10 cores,[Dual] Intel Xeon E5-2630 v4 2.2GHz 10 cores,10,20,,64 GB DDR4,64,2x 3 TB (HDD SATA),6000,False,5 TB @ 1 Gbps,"Helsinki, FI",Finland,FI,341,EUR,419.0,https://valebyte.com/en/servers/dual-intel-xeon-e5-2630-v4-22ghz-10-cores-helsinki-fi/?utm_source=github&utm_medium=dataset&utm_campaign=dedicated-server-prices
[Dual] Intel Xeon Silver 4210 2.2GHz 10 cores,[Dual] Intel Xeon Silver 4210 2.2GHz 10 cores,10,20,,64 GB DDR4,64,2x 4 TB (HDD SATA),8000,False,5 TB @ 1 Gbps,"Hong Kong, HK",Hong Kong,HK,341,EUR,419.0,https://valebyte.com/en/servers/dual-intel-xeon-silver-4210-22ghz-10-cores-hong-kong-hk/?utm_source=github&utm_medium=dataset&utm_campaign=dedicated-server-prices
[Dual] Intel Xeon E5-2690 v4 2.6GHz 14 cores,[Dual] Intel Xeon E5-2690 v4 2.6GHz 14 cores,14,28,,64 GB DDR4,64,512 GB (SSD SATA),512,False,Unmetered @ 1 Gbps,"Belfast, IE",Ireland,IE,342,EUR,420.0,https://valebyte.com/en/servers/dual-intel-xeon-e5-2690-v4-26ghz-14-cores-belfast-ie/?utm_source=github&utm_medium=dataset&utm_campaign=dedicated-server-prices
AMD EPYC 7313P 3.00GHz 16 cores,AMD EPYC 7313P 3.00GHz 16 cores,16,32,41609,128 GB DDR4,128,2 x 1.92 TB (NVMe),3840,True,Unmetered @ 1 Gbps,"Paris, FR",France,FR,346,EUR,425.0,https://valebyte.com/en/servers/amd-epyc-7313p-3-00ghz-16-128gb-3841gb-paris-fr-011a6d/?utm_source=github&utm_medium=dataset&utm_campaign=dedicated-server-prices
AMD EPYC 7313P 3.00GHz 16 cores,AMD EPYC 7313P 3.00GHz 16 cores,16,32,41609,128 GB DDR4,128,2 x 1.92 TB (NVMe),3840,True,Unmetered @ 1 Gbps,"Amsterdam, NL",Netherlands,NL,346,EUR,425.0,https://valebyte.com/en/servers/amd-epyc-7313p-3-00ghz-16-128gb-3841gb-amsterdam-nl-53b785/?utm_source=github&utm_medium=dataset&utm_campaign=dedicated-server-prices
[Dual] AMD EPYC 7402 2.8GHz 24 cores,[Dual] AMD EPYC 7402 2.8GHz 24 cores,24,48,,64 GB DDR4,64,2x 512 GB (SSD SATA),1024,False,Unmetered @ 1 Gbps,"Nottingham, UK",UK,UK,347,EUR,426.0,https://valebyte.com/en/servers/dual-amd-epyc-7402-28ghz-24-cores-nottingham-uk-1/?utm_source=github&utm_medium=dataset&utm_campaign=dedicated-server-prices
[Dual] AMD EPYC 7402 2.8GHz 24 cores,[Dual] AMD EPYC 7402 2.8GHz 24 cores,24,48,,64 GB DDR4,64,2x 512 GB (SSD SATA),1024,False,Unmetered @ 1 Gbps,"Manchester, UK",UK,UK,347,EUR,426.0,https://valebyte.com/en/servers/dual-amd-epyc-7402-28ghz-24-cores-manchester-uk/?utm_source=github&utm_medium=dataset&utm_campaign=dedicated-server-prices
[Dual] Intel Xeon E5-2690 v4 2.6GHz 14 cores,[Dual] Intel Xeon E5-2690 v4 2.6GHz 14 cores,14,28,,128 GB DDR4,128,2x 960 GB (SSD SATA),1920,False,5 TB @ 1 Gbps,"Baku, AZ",Azerbaijan,AZ,347,EUR,426.0,https://valebyte.com/en/servers/dual-intel-xeon-e5-2690-v4-26ghz-14-cores-baku-az-1/?utm_source=github&utm_medium=dataset&utm_campaign=dedicated-server-prices
Intel Xeon E5-2680 v4 2.4GHz 14 cores,Intel Xeon E5-2680 v4 2.4GHz 14 cores,14,28,,32 GB DDR4,32,2x 500 GB (SSD SATA),1000,False,20 TB @ 1 Gbps,"Guadalajara, MX",Mexico,MX,347,EUR,426.0,https://valebyte.com/en/servers/intel-xeon-e5-2680-v4-24ghz-14-cores-guadalajara-mx-1/?utm_source=github&utm_medium=dataset&utm_campaign=dedicated-server-prices
Intel Xeon E5-2680 v4 2.4GHz 14 cores,Intel Xeon E5-2680 v4 2.4GHz 14 cores,14,28,,32 GB DDR4,32,2x 500 GB (SSD SATA),1000,False,25 TB @ 1 Gbps,"Sao Paulo, BR",Brazil,BR,347,EUR,426.0,https://valebyte.com/en/servers/intel-xeon-e5-2680-v4-24ghz-14-cores-sao-paulo-br-1/?utm_source=github&utm_medium=dataset&utm_campaign=dedicated-server-prices
Intel Xeon E5-2680 v4 2.4GHz 14 cores,Intel Xeon E5-2680 v4 2.4GHz 14 cores,14,28,,32 GB DDR4,32,2x 500 GB (SSD SATA),1000,False,20 TB @ 1 Gbps,"Bogota, CO",Colombia,CO,347,EUR,426.0,https://valebyte.com/en/servers/intel-xeon-e5-2680-v4-24ghz-14-cores-bogota-co-1/?utm_source=github&utm_medium=dataset&utm_campaign=dedicated-server-prices
Intel Xeon E-2288G 3.7GHz 8 cores,Intel Xeon E-2288G 3.7GHz 8 cores,8,16,,64 GB DDR4,64,2x 480 GB (SSD SATA),960,False,30 TB @ 1 Gbps,"Kyiv, UA",Ukraine,UA,347,EUR,426.0,https://valebyte.com/en/servers/intel-xeon-e-2288g-37ghz-8-cores-kyiv-ua/?utm_source=github&utm_medium=dataset&utm_campaign=dedicated-server-prices
[Dual] Intel Xeon Silver 4210 2.2GHz 10 cores,[Dual] Intel Xeon Silver 4210 2.2GHz 10 cores,10,20,,64 GB DDR4,64,2x 4 TB (HDD SATA),8000,False,5 TB @ 1 Gbps,"Rome, IT",Italy,IT,348,EUR,428.0,https://valebyte.com/en/servers/dual-intel-xeon-silver-4210-22ghz-10-cores-rome-it/?utm_source=github&utm_medium=dataset&utm_campaign=dedicated-server-prices
[Dual] Intel Xeon Silver 4210 2.2GHz 10 cores,[Dual] Intel Xeon Silver 4210 2.2GHz 10 cores,10,20,,64 GB DDR4,64,2x 4 TB (HDD SATA),8000,False,5 TB @ 1 Gbps,"Manchester, UK",UK,UK,348,EUR,428.0,https://valebyte.com/en/servers/dual-intel-xeon-silver-4210-22ghz-10-cores-manchester-uk/?utm_source=github&utm_medium=dataset&utm_campaign=dedicated-server-prices
[Dual] Intel Xeon Silver 4210 2.2GHz 10 cores,[Dual] Intel Xeon Silver 4210 2.2GHz 10 cores,10,20,,64 GB DDR4,64,2x 4 TB (HDD SATA),8000,False,5 TB @ 1 Gbps,"Madrid, ES",Spain,ES,348,EUR,428.0,https://valebyte.com/en/servers/dual-intel-xeon-silver-4210-22ghz-10-cores-madrid-es/?utm_source=github&utm_medium=dataset&utm_campaign=dedicated-server-prices
[Dual] Intel Xeon Silver 4210 2.2GHz 10 cores,[Dual] Intel Xeon Silver 4210 2.2GHz 10 cores,10,20,,64 GB DDR4,64,2x 4 TB (HDD SATA),8000,False,5 TB @ 1 Gbps,"Dublin, IE",Ireland,IE,348,EUR,428.0,https://valebyte.com/en/servers/dual-intel-xeon-silver-4210-22ghz-10-cores-dublin-ie/?utm_source=github&utm_medium=dataset&utm_campaign=dedicated-server-prices
[Dual] Intel Xeon Silver 4210 2.2GHz 10 cores,[Dual] Intel Xeon Silver 4210 2.2GHz 10 cores,10,20,,64 GB DDR4,64,2x 4 TB (HDD SATA),8000,False,5 TB @ 1 Gbps,"Bucharest, RO",Romania,RO,348,EUR,428.0,https://valebyte.com/en/servers/dual-intel-xeon-silver-4210-22ghz-10-cores-bucharest-ro/?utm_source=github&utm_medium=dataset&utm_campaign=dedicated-server-prices
AMD EPYC 7313P 3GHz 16 cores,AMD EPYC 7313P 3GHz 16 cores,16,32,,256 GB DDR4,256,2x 1 TB (SSD NVMe),2000,True,Unmetered @ 1 Gbps,"Oslo, NO",Norway,NO,348,EUR,428.0,https://valebyte.com/en/servers/amd-epyc-7313p-3ghz-16-cores-oslo-no/?utm_source=github&utm_medium=dataset&utm_campaign=dedicated-server-prices
[Dual] Intel Xeon Silver 4210 2.2GHz 10 cores,[Dual] Intel Xeon Silver 4210 2.2GHz 10 cores,10,20,,64 GB DDR4,64,2x 4 TB (HDD SATA),8000,False,5 TB @ 1 Gbps,"Barcelona, ES",Spain,ES,348,EUR,428.0,https://valebyte.com/en/servers/dual-intel-xeon-silver-4210-22ghz-10-cores-barcelona-es/?utm_source=github&utm_medium=dataset&utm_campaign=dedicated-server-prices
[Dual] Intel Xeon Silver 4210 2.2GHz 10 cores,[Dual] Intel Xeon Silver 4210 2.2GHz 10 cores,10,20,,64 GB DDR4,64,2x 4 TB (HDD SATA),8000,False,5 TB @ 1 Gbps,"Oslo, NO",Norway,NO,348,EUR,428.0,https://valebyte.com/en/servers/dual-intel-xeon-silver-4210-22ghz-10-cores-oslo-no/?utm_source=github&utm_medium=dataset&utm_campaign=dedicated-server-prices
[Dual] Intel Xeon Silver 4210 2.2GHz 10 cores,[Dual] Intel Xeon Silver 4210 2.2GHz 10 cores,10,20,,64 GB DDR4,64,2x 4 TB (HDD SATA),8000,False,5 TB @ 1 Gbps,"Brussels, BE",Belgium,BE,348,EUR,428.0,https://valebyte.com/en/servers/dual-intel-xeon-silver-4210-22ghz-10-cores-brussels-be/?utm_source=github&utm_medium=dataset&utm_campaign=dedicated-server-prices
[Dual] Intel Xeon Silver 4210 2.2GHz 10 cores,[Dual] Intel Xeon Silver 4210 2.2GHz 10 cores,10,20,,64 GB DDR4,64,2x 4 TB (HDD SATA),8000,False,5 TB @ 1 Gbps,"Bratislava, SK",Slovakia,SK,348,EUR,428.0,https://valebyte.com/en/servers/dual-intel-xeon-silver-4210-22ghz-10-cores-bratislava-sk/?utm_source=github&utm_medium=dataset&utm_campaign=dedicated-server-prices
[Dual] Intel Xeon Silver 4210 2.2GHz 10 cores,[Dual] Intel Xeon Silver 4210 2.2GHz 10 cores,10,20,,64 GB DDR4,64,2x 4 TB (HDD SATA),8000,False,5 TB @ 1 Gbps,"Budapest, HU",Hungary,HU,348,EUR,428.0,https://valebyte.com/en/servers/dual-intel-xeon-silver-4210-22ghz-10-cores-budapest-hu/?utm_source=github&utm_medium=dataset&utm_campaign=dedicated-server-prices
[Dual] Intel Xeon Silver 4210 2.2GHz 10 cores,[Dual] Intel Xeon Silver 4210 2.2GHz 10 cores,10,20,,64 GB DDR4,64,2x 4 TB (HDD SATA),8000,False,5 TB @ 1 Gbps,"Stockholm, SE",Sweden,SE,348,EUR,428.0,https://valebyte.com/en/servers/dual-intel-xeon-silver-4210-22ghz-10-cores-stockholm-se/?utm_source=github&utm_medium=dataset&utm_campaign=dedicated-server-prices
[Dual] Intel Xeon Silver 4210 2.2GHz 10 cores,[Dual] Intel Xeon Silver 4210 2.2GHz 10 cores,10,20,,64 GB DDR4,64,2x 4 TB (HDD SATA),8000,False,5 TB @ 1 Gbps,"Prague, CZ",Czechia (Czech Republic),CZ,348,EUR,428.0,https://valebyte.com/en/servers/dual-intel-xeon-silver-4210-22ghz-10-cores-prague-cz/?utm_source=github&utm_medium=dataset&utm_campaign=dedicated-server-prices
[Dual] Intel Xeon Silver 4210 2.2GHz 10 cores,[Dual] Intel Xeon Silver 4210 2.2GHz 10 cores,10,20,,64 GB DDR4,64,2x 4 TB (HDD SATA),8000,False,5 TB @ 1 Gbps,"Zurich, CH",Switzerland,CH,348,EUR,428.0,https://valebyte.com/en/servers/dual-intel-xeon-silver-4210-22ghz-10-cores-zurich-ch/?utm_source=github&utm_medium=dataset&utm_campaign=dedicated-server-prices
[Dual] Intel Xeon Silver 4210 2.2GHz 10 cores,[Dual] Intel Xeon Silver 4210 2.2GHz 10 cores,10,20,,64 GB DDR4,64,2x 4 TB (HDD SATA),8000,False,5 TB @ 1 Gbps,"Milan, IT",Italy,IT,348,EUR,428.0,https://valebyte.com/en/servers/dual-intel-xeon-silver-4210-22ghz-10-cores-milan-it/?utm_source=github&utm_medium=dataset&utm_campaign=dedicated-server-prices
[Dual] Intel Xeon Silver 4210 2.2GHz 10 cores,[Dual] Intel Xeon Silver 4210 2.2GHz 10 cores,10,20,,64 GB DDR4,64,2x 4 TB (HDD SATA),8000,False,5 TB @ 1 Gbps,"Belgrade, RS",Serbia,RS,348,EUR,428.0,https://valebyte.com/en/servers/dual-intel-xeon-silver-4210-22ghz-10-cores-belgrade-rs/?utm_source=github&utm_medium=dataset&utm_campaign=dedicated-server-prices
[Dual] Intel Xeon Silver 4210 2.2GHz 10 cores,[Dual] Intel Xeon Silver 4210 2.2GHz 10 cores,10,20,,64 GB DDR4,64,2x 4 TB (HDD SATA),8000,False,5 TB @ 1 Gbps,"Vienna, AT",Austria,AT,348,EUR,428.0,https://valebyte.com/en/servers/dual-intel-xeon-silver-4210-22ghz-10-cores-vienna-at/?utm_source=github&utm_medium=dataset&utm_campaign=dedicated-server-prices
AMD EPYC 4344P 3.8GHz 8 cores,AMD EPYC 4344P 3.8GHz 8 cores,8,16,,32 GB DDR5,32,2x 960 GB (SSD NVMe) & 2x 22 TB (HDD SATA),45920,True,25 TB @ 1 Gbps,"Mumbai, IN",India,IN,352,EUR,432.0,https://valebyte.com/en/servers/amd-epyc-4344p-38ghz-8-cores-mumbai-in/?utm_source=github&utm_medium=dataset&utm_campaign=dedicated-server-prices
Intel Xeon E-2146G 3.5GHz 6 cores,Intel Xeon E-2146G 3.5GHz 6 cores,6,12,,32 GB DDR4,32,240 GB (SSD SATA),240,False,10 TB @ 100 Mbps,"San Jose, CR",Costa Rica,CR,352,EUR,432.0,https://valebyte.com/en/servers/intel-xeon-e-2146g-35ghz-6-cores-san-jose-cr/?utm_source=github&utm_medium=dataset&utm_campaign=dedicated-server-prices
[Dual] Intel Xeon E5-2620 v3 2.4GHz 6 cores,[Dual] Intel Xeon E5-2620 v3 2.4GHz 6 cores,6,12,,64 GB DDR4,64,8x 1 TB (HDD SAS),8000,False,Unmetered @ 100 Mbps,"Tunis, TN",Tunisia,TN,352,EUR,432.0,https://valebyte.com/en/servers/dual-intel-xeon-e5-2620-v3-24ghz-6-cores-tunis-tn-1/?utm_source=github&utm_medium=dataset&utm_campaign=dedicated-server-prices
[Dual] Intel Xeon E5-2620 v4 2GHz 8 cores,[Dual] Intel Xeon E5-2620 v4 2GHz 8 cores,8,16,,128 GB DDR4,128,2x 800 GB (SSD SATA),1600,False,Unmetered @ 100 Mbps,"Tunis, TN",Tunisia,TN,352,EUR,432.0,https://valebyte.com/en/servers/dual-intel-xeon-e5-2620-v4-2ghz-8-cores-tunis-tn-1/?utm_source=github&utm_medium=dataset&utm_campaign=dedicated-server-prices
[Dual] Intel Xeon Silver 4510 2.4GHz 12 cores,[Dual] Intel Xeon Silver 4510 2.4GHz 12 cores,12,24,,64 GB DDR5,64,2x 240 GB (SSD SATA),480,False,5 TB @ 1 Gbps,"Helsinki, FI",Finland,FI,353,EUR,434.0,https://valebyte.com/en/servers/dual-intel-xeon-silver-4510-24ghz-12-cores-helsinki-fi/?utm_source=github&utm_medium=dataset&utm_campaign=dedicated-server-prices
Intel Xeon E3-1220 v6 3GHz 4 cores,Intel Xeon E3-1220 v6 3GHz 4 cores,4,4,,16 GB DDR4,16,240 GB (SSD SATA),240,False,15 TB @ 1 Gbps,"Reykjavik, IS",Iceland,IS,353,EUR,434.0,https://valebyte.com/en/servers/intel-xeon-e3-1220-v6-3ghz-4-cores-reykjavik-is-1/?utm_source=github&utm_medium=dataset&utm_campaign=dedicated-server-prices
Intel Xeon E-2456 3.3GHz 6 cores,Intel Xeon E-2456 3.3GHz 6 cores,6,12,,16 GB DDR5,16,240 GB (SSD SATA),240,False,5 TB @ 1 Gbps,"Dubai, AE",United Arab Emirates,AE,357,EUR,439.0,https://valebyte.com/en/servers/intel-xeon-e-2456-33ghz-6-cores-dubai-ae/?utm_source=github&utm_medium=dataset&utm_campaign=dedicated-server-prices
[Dual] Intel Xeon E5-2630 v4 2.2GHz 10 cores,[Dual] Intel Xeon E5-2630 v4 2.2GHz 10 cores,10,20,,64 GB DDR4,64,2x 3 TB (HDD SATA),6000,False,5 TB @ 1 Gbps,"Sao Paulo, BR",Brazil,BR,357,EUR,439.0,https://valebyte.com/en/servers/dual-intel-xeon-e5-2630-v4-22ghz-10-cores-sao-paulo-br/?utm_source=github&utm_medium=dataset&utm_campaign=dedicated-server-prices
AMD Ryzen 9 9950X 4.3GHz 16 cores,AMD Ryzen 9 9950X 4.3GHz 16 cores,16,32,,128 GB DDR5,128,2x 960 GB (SSD NVMe),1920,True,10 TB @ 1 Gbps,"Mumbai, IN",India,IN,358,EUR,440.0,https://valebyte.com/en/servers/amd-ryzen-9-9950x-43ghz-16-cores-mumbai-in/?utm_source=github&utm_medium=dataset&utm_campaign=dedicated-server-prices
[Dual] Intel Xeon E5-2620 v4 2GHz 8 cores,[Dual] Intel Xeon E5-2620 v4 2GHz 8 cores,8,16,,128 GB DDR4,128,2x 1 TB (HDD SATA),2000,False,10 TB @ 1 Gbps,"Bratislava, SK",Slovakia,SK,359,EUR,441.0,https://valebyte.com/en/servers/dual-intel-xeon-e5-2620-v4-2ghz-8-cores-bratislava-sk/?utm_source=github&utm_medium=dataset&utm_campaign=dedicated-server-prices
[Dual] Intel Xeon E5-2630 v3 2.4GHz 8 cores,[Dual] Intel Xeon E5-2630 v3 2.4GHz 8 cores,8,16,,32 GB DDR4,32,2x 1 TB (HDD SATA),2000,False,20 TB @ 1 Gbps,"Luxembourg, LU",Luxembourg,LU,359,EUR,441.0,https://valebyte.com/en/servers/dual-intel-xeon-e5-2630-v3-24ghz-8-cores-luxembourg-lu/?utm_source=github&utm_medium=dataset&utm_campaign=dedicated-server-prices
AMD EPYC 7401P 2.00GHz 24 cores,AMD EPYC 7401P 2.00GHz 24 cores,24,48,26392,256 GB DDR4,256,3 x 1 TB (NVMe SSD),3000,True,Unmetered @ 1 Gbps,"Paris, FR",France,FR,360,EUR,442.0,https://valebyte.com/en/servers/amd-epyc-7401p-2-00ghz-24-256gb-3000gb-paris-fr-f57b01/?utm_source=github&utm_medium=dataset&utm_campaign=dedicated-server-prices
AMD EPYC 7401P 2.00GHz 24 cores,AMD EPYC 7401P 2.00GHz 24 cores,24,48,26392,256 GB DDR4,256,2 x 1 TB (NVMe SSD),2000,True,Unmetered @ 1 Gbps,"Paris, FR",France,FR,360,EUR,442.0,https://valebyte.com/en/servers/amd-epyc-7401p-2-00ghz-24-256gb-2000gb-paris-fr-203384/?utm_source=github&utm_medium=dataset&utm_campaign=dedicated-server-prices
AMD EPYC 7232P 3.10GHz 8 cores,AMD EPYC 7232P 3.10GHz 8 cores,8,16,17017,64 GB DDR4,64,4 x 2.05 TB (NVMe),8200,True,Unmetered @ 1 Gbps,"Paris, FR",France,FR,360,EUR,442.0,https://valebyte.com/en/servers/amd-epyc-7232p-3-10ghz-8-64gb-8194gb-paris-fr-55890a/?utm_source=github&utm_medium=dataset&utm_campaign=dedicated-server-prices
[Dual] AMD EPYC 7532 2.4GHz 32 cores,[Dual] AMD EPYC 7532 2.4GHz 32 cores,32,64,,64 GB DDR4,64,2x 1 TB (SSD SATA),2000,False,Unmetered @ 1 Gbps,"Belfast, IE",Ireland,IE,360,EUR,442.0,https://valebyte.com/en/servers/dual-amd-epyc-7532-24ghz-32-cores-belfast-ie/?utm_source=github&utm_medium=dataset&utm_campaign=dedicated-server-prices
Intel Xeon E5 2660v4 2.00GHz 2x 28 cores,Intel Xeon E5 2660v4 2.00GHz 2x 28 cores,28,56,27261,256 GB DDR4,256,5 x 960 GB (SATA SSD),4800,False,Unmetered @ 750 Mbps,"Paris, FR",France,FR,360,EUR,442.0,https://valebyte.com/en/servers/intel-xeon-e5-2660v4-2-00ghz-2x-28-256gb-4800gb-paris-fr-62fee2/?utm_source=github&utm_medium=dataset&utm_campaign=dedicated-server-prices
Intel Xeon E5 2660v4 2.00GHz 2x 28 cores,Intel Xeon E5 2660v4 2.00GHz 2x 28 cores,28,56,27261,256 GB DDR4,256,3 x 6 TB (HDD SATA),18000,False,Unmetered @ 750 Mbps,"Paris, FR",France,FR,360,EUR,442.0,https://valebyte.com/en/servers/intel-xeon-e5-2660v4-2-00ghz-2x-28-256gb-18000gb-paris-fr-b818d7/?utm_source=github&utm_medium=dataset&utm_campaign=dedicated-server-prices
AMD Ryzen 9 9950X3D 4.3GHz 16 cores,AMD Ryzen 9 9950X3D 4.3GHz 16 cores,16,32,,128 GB DDR5,128,2x 500 GB (SSD NVMe),1000,True,Unmetered @ 1 Gbps,"Oslo, NO",Norway,NO,360,EUR,442.0,https://valebyte.com/en/servers/amd-ryzen-9-9950x3d-43ghz-16-cores-oslo-no/?utm_source=github&utm_medium=dataset&utm_campaign=dedicated-server-prices
AMD Ryzen 9 7900 3.7GHz 12 cores,AMD Ryzen 9 7900 3.7GHz 12 cores,12,24,,128 GB DDR5,128,2x 960 GB (SSD NVMe),1920,True,100 TB @ 10 Gbps,"London, UK",UK,UK,360,EUR,442.0,https://valebyte.com/en/servers/amd-ryzen-9-7900-37ghz-12-cores-london-uk/?utm_source=github&utm_medium=dataset&utm_campaign=dedicated-server-prices
AMD EPYC 4584PX 4.2GHz 16 cores,AMD EPYC 4584PX 4.2GHz 16 cores,16,32,,64 GB DDR5,64,2x 240 GB (SSD SATA),480,False,5 TB @ 1 Gbps,"Hong Kong, HK",Hong Kong,HK,362,EUR,445.0,https://valebyte.com/en/servers/amd-epyc-4584px-42ghz-16-cores-hong-kong-hk/?utm_source=github&utm_medium=dataset&utm_campaign=dedicated-server-prices
Intel Xeon Gold 6244 3.6GHz 8 cores,Intel Xeon Gold 6244 3.6GHz 8 cores,8,16,,64 GB DDR4,64,2x 960 GB (SSD NVMe),1920,True,10 TB @ 1 Gbps,"Pune, IN",India,IN,363,EUR,446.0,https://valebyte.com/en/servers/intel-xeon-gold-6244-36ghz-8-cores-pune-in/?utm_source=github&utm_medium=dataset&utm_campaign=dedicated-server-prices
Intel Xeon Gold 6244 3.6GHz 8 cores,Intel Xeon Gold 6244 3.6GHz 8 cores,8,16,,64 GB DDR4,64,2x 960 GB (SSD NVMe),1920,True,10 TB @ 1 Gbps,"New Delhi, IN",India,IN,363,EUR,446.0,https://valebyte.com/en/servers/intel-xeon-gold-6244-36ghz-8-cores-new-delhi-in/?utm_source=github&utm_medium=dataset&utm_campaign=dedicated-server-prices
Intel Xeon Gold 6244 3.6GHz 8 cores,Intel Xeon Gold 6244 3.6GHz 8 cores,8,16,,64 GB DDR4,64,2x 960 GB (SSD NVMe),1920,True,10 TB @ 1 Gbps,"Mumbai, IN",India,IN,363,EUR,446.0,https://valebyte.com/en/servers/intel-xeon-gold-6244-36ghz-8-cores-mumbai-in/?utm_source=github&utm_medium=dataset&utm_campaign=dedicated-server-prices
[Dual] Intel Xeon E5-2670 v3 2.3GHz 12 cores,[Dual] Intel Xeon E5-2670 v3 2.3GHz 12 cores,12,24,,64 GB DDR3,64,240 GB (SSD SATA),240,False,10 TB @ 100 Mbps,"San Jose, CR",Costa Rica,CR,363,EUR,446.0,https://valebyte.com/en/servers/dual-intel-xeon-e5-2670-v3-23ghz-12-cores-san-jose-cr/?utm_source=github&utm_medium=dataset&utm_campaign=dedicated-server-prices
Intel Xeon Gold 6312U 2.4GHz 24 cores,Intel Xeon Gold 6312U 2.4GHz 24 cores,24,48,,128 GB DDR4,128,2x 960 GB (SSD NVMe),1920,True,Unmetered @ 1 Gbps,"Montreal, CA",Canada,CA,363,EUR,446.0,https://valebyte.com/en/servers/intel-xeon-gold-6312u-24ghz-24-cores-montreal-ca/?utm_source=github&utm_medium=dataset&utm_campaign=dedicated-server-prices
AMD EPYC 9254 2.9GHz 24 cores,AMD EPYC 9254 2.9GHz 24 cores,24,48,,64 GB DDR4,64,2x 240 GB (SSD SATA),480,False,5 TB @ 1 Gbps,"Helsinki, FI",Finland,FI,364,EUR,447.0,https://valebyte.com/en/servers/amd-epyc-9254-29ghz-24-cores-helsinki-fi/?utm_source=github&utm_medium=dataset&utm_campaign=dedicated-server-prices
AMD EPYC 7232P,"AMD EPYC 7232P, 8C/16T @ 3.1GHz",8,16,,128 GB DDR4,128,2x1.91TB (NVME),3820,True,Unmetered @ 1 Gbps,"Amsterdam, NL",Netherlands,NL,366,EUR,450.0,https://valebyte.com/en/servers/scaleway-em-b320e-nvme-amsterdam-nl/?utm_source=github&utm_medium=dataset&utm_campaign=dedicated-server-prices
AMD EPYC 7232P,"AMD EPYC 7232P, 8C/16T @ 3.1GHz",8,16,,128 GB DDR4,128,2x1.91TB (NVME),3820,True,Unmetered @ 1 Gbps,"Warsaw, PL",Poland,PL,366,EUR,450.0,https://valebyte.com/en/servers/scaleway-em-b320e-nvme-warsaw-pl/?utm_source=github&utm_medium=dataset&utm_campaign=dedicated-server-prices
AMD Ryzen 9 7900 3.7GHz 12 cores,AMD Ryzen 9 7900 3.7GHz 12 cores,12,24,,64 GB DDR5,64,2x 240 GB (SSD SATA),480,False,5 TB @ 1 Gbps,"Sydney, AU",Australia,AU,368,EUR,452.0,https://valebyte.com/en/servers/amd-ryzen-9-7900-37ghz-12-cores-sydney-au/?utm_source=github&utm_medium=dataset&utm_campaign=dedicated-server-prices
AMD EPYC 4344P 3.8GHz 8 cores,AMD EPYC 4344P 3.8GHz 8 cores,8,16,,32 GB DDR5,32,2x 960 GB (SSD NVMe) & 2x 22 TB (HDD SATA),45920,True,25 TB @ 1 Gbps,"Singapore, SG",Singapore,SG,369,EUR,453.0,https://valebyte.com/en/servers/amd-epyc-4344p-38ghz-8-cores-singapore-sg-2/?utm_source=github&utm_medium=dataset&utm_campaign=dedicated-server-prices
Intel Core i9-14900K 3.2GHz 24 cores,Intel Core i9-14900K 3.2GHz 24 cores,24,32,,32 GB DDR4,32,1 TB (SSD NVMe),1000,True,Unmetered @ 1 Gbps,"Bangkok, TH",Thailand,TH,369,EUR,453.0,https://valebyte.com/en/servers/intel-core-i9-14900k-32ghz-24-cores-bangkok-th/?utm_source=github&utm_medium=dataset&utm_campaign=dedicated-server-prices
2x E5-2620v4,2x E5-2620v4,16,32,,128GB ECC REG DDR4 ,128,2x 250 GB (SSD),500,False,100TB @ 3Gbps,"Siauliai, LT",Lithuania,LT,453,USD,453.0,https://valebyte.com/en/servers/2x-e5-2620v4-siauliai-lt/?utm_source=github&utm_medium=dataset&utm_campaign=dedicated-server-prices
[Dual] Intel Xeon Silver 4116 2.1GHz 12 cores,[Dual] Intel Xeon Silver 4116 2.1GHz 12 cores,12,24,,128 GB DDR4,128,4x 2 TB (SSD SATA),8000,False,10 TB @ 10 Gbps,"Singapore, SG",Singapore,SG,369,EUR,453.0,https://valebyte.com/en/servers/dual-intel-xeon-silver-4116-21ghz-12-cores-singapore-sg-1/?utm_source=github&utm_medium=dataset&utm_campaign=dedicated-server-prices
[Dual] Intel Xeon Silver 4116 2.1GHz 12 cores,[Dual] Intel Xeon Silver 4116 2.1GHz 12 cores,12,24,,128 GB DDR4,128,4x 2 TB (SSD SATA),8000,False,10 TB @ 10 Gbps,"Tokyo, JP",Japan,JP,369,EUR,453.0,https://valebyte.com/en/servers/dual-intel-xeon-silver-4116-21ghz-12-cores-tokyo-jp/?utm_source=github&utm_medium=dataset&utm_campaign=dedicated-server-prices
[Dual] Intel Xeon E5-2630 v4 2.2GHz 10 cores,[Dual] Intel Xeon E5-2630 v4 2.2GHz 10 cores,10,20,,64 GB DDR4,64,2x 3 TB (HDD SATA),6000,False,5 TB @ 1 Gbps,"Tokyo, JP",Japan,JP,369,EUR,453.0,https://valebyte.com/en/servers/dual-intel-xeon-e5-2630-v4-22ghz-10-cores-tokyo-jp/?utm_source=github&utm_medium=dataset&utm_campaign=dedicated-server-prices
[Dual] Intel Xeon E5-2680 v4 2.4GHz 14 cores,[Dual] Intel Xeon E5-2680 v4 2.4GHz 14 cores,14,28,,64 GB DDR4,64,2x 960 GB (SSD SATA),1920,False,Unmetered @ 1 Gbps,"Novi Travnik, BA",Bosnia and Herzegovina,BA,371,EUR,456.0,https://valebyte.com/en/servers/dual-intel-xeon-e5-2680-v4-24ghz-14-cores-novi-travnik-ba/?utm_source=github&utm_medium=dataset&utm_campaign=dedicated-server-prices
[Dual] AMD EPYC 7532 2.4GHz 32 cores,[Dual] AMD EPYC 7532 2.4GHz 32 cores,32,64,,64 GB DDR4,64,2x 512 GB (SSD SATA),1024,False,Unmetered @ 1 Gbps,"Manchester, UK",UK,UK,371,EUR,456.0,https://valebyte.com/en/servers/dual-amd-epyc-7532-24ghz-32-cores-manchester-uk-1/?utm_source=github&utm_medium=dataset&utm_campaign=dedicated-server-prices
[Dual] AMD EPYC 7532 2.4GHz 32 cores,[Dual] AMD EPYC 7532 2.4GHz 32 cores,32,64,,64 GB DDR4,64,2x 512 GB (SSD SATA),1024,False,Unmetered @ 1 Gbps,"Nottingham, UK",UK,UK,371,EUR,456.0,https://valebyte.com/en/servers/dual-amd-epyc-7532-24ghz-32-cores-nottingham-uk-1/?utm_source=github&utm_medium=dataset&utm_campaign=dedicated-server-prices
AMD EPYC 7402P 2.8GHz 24 cores,AMD EPYC 7402P 2.8GHz 24 cores,24,48,,64 GB DDR4,64,2x 1 TB (SSD NVMe),2000,True,100 TB @ 1 Gbps,"Vilnius, LT",Lithuania,LT,372,EUR,457.0,https://valebyte.com/en/servers/amd-epyc-7402p-28ghz-24-cores-vilnius-lt-1/?utm_source=github&utm_medium=dataset&utm_campaign=dedicated-server-prices
[Dual] Intel Xeon Gold 6230 2.1GHz 20 cores,[Dual] Intel Xeon Gold 6230 2.1GHz 20 cores,20,40,,256 GB DDR4,256,4x 1 TB (SSD SATA),4000,False,200 TB @ 1 Gbps,"Helsinki, FI",Finland,FI,372,EUR,457.0,https://valebyte.com/en/servers/dual-intel-xeon-gold-6230-21ghz-20-cores-helsinki-fi/?utm_source=github&utm_medium=dataset&utm_campaign=dedicated-server-prices
Intel Xeon Silver 4116 2.1GHz + Quadro P6000 24GB,Intel Xeon Silver 4116 2.1GHz,12,24,15146,256 GB DDR4,256,4x 1 TB SSD SATA,4000,False,200 TB @ 1 Gbps,"Helsinki, FI",Finland,FI,458,USD,458.0,https://valebyte.com/en/servers/intel-xeon-silver-4116-21ghz-quadro-p6000-24gb-helsinki-fi/?utm_source=github&utm_medium=dataset&utm_campaign=dedicated-server-prices
AMD EPYC 4244P 3.8GHz 6 cores,AMD EPYC 4244P 3.8GHz 6 cores,6,12,,32 GB DDR5,32,1 TB (HDD SATA),1000,False,5 TB @ 1 Gbps,"Dubai, AE",United Arab Emirates,AE,379,EUR,466.0,https://valebyte.com/en/servers/amd-epyc-4244p-38ghz-6-cores-dubai-ae/?utm_source=github&utm_medium=dataset&utm_campaign=dedicated-server-prices
AMD Ryzen 9 7900 3.7GHz 12 cores,AMD Ryzen 9 7900 3.7GHz 12 cores,12,24,,64 GB DDR5,64,2x 240 GB (SSD SATA),480,False,5 TB @ 1 Gbps,"Sao Paulo, BR",Brazil,BR,379,EUR,466.0,https://valebyte.com/en/servers/amd-ryzen-9-7900-37ghz-12-cores-sao-paulo-br/?utm_source=github&utm_medium=dataset&utm_campaign=dedicated-server-prices
AMD Ryzen 9 7900 3.7GHz 12 cores,AMD Ryzen 9 7900 3.7GHz 12 cores,12,24,,64 GB DDR5,64,2x 240 GB (SSD SATA),480,False,5 TB @ 1 Gbps,"Singapore, SG",Singapore,SG,379,EUR,466.0,https://valebyte.com/en/servers/amd-ryzen-9-7900-37ghz-12-cores-singapore-sg/?utm_source=github&utm_medium=dataset&utm_campaign=dedicated-server-prices
AMD Ryzen 9 7900 3.7GHz 12 cores,AMD Ryzen 9 7900 3.7GHz 12 cores,12,24,,64 GB DDR5,64,2x 240 GB (SSD SATA),480,False,5 TB @ 1 Gbps,"Tokyo, JP",Japan,JP,379,EUR,466.0,https://valebyte.com/en/servers/amd-ryzen-9-7900-37ghz-12-cores-tokyo-jp-1/?utm_source=github&utm_medium=dataset&utm_campaign=dedicated-server-prices
AMD EPYC 9124P,AMD EPYC 9124P,16,32,,64GB ECC REG DDR5,64,2x 1 TB (NVMe),2000,True,100TB @ 10Gbps,"Chicago, US",United States,US,466,USD,466.0,https://valebyte.com/en/servers/amd-epyc-9124p-chicago-us/?utm_source=github&utm_medium=dataset&utm_campaign=dedicated-server-prices
AMD EPYC 9124P,AMD EPYC 9124P,16,32,,64GB ECC REG DDR5,64,2x 1 TB (NVMe),2000,True,100TB @ 10Gbps,"Amsterdam, NL",Netherlands,NL,466,USD,466.0,https://valebyte.com/en/servers/amd-epyc-9124p-amsterdam-nl/?utm_source=github&utm_medium=dataset&utm_campaign=dedicated-server-prices
[Dual] Intel Xeon E5-2630 v4 2.2GHz 10 cores,[Dual] Intel Xeon E5-2630 v4 2.2GHz 10 cores,10,20,,64 GB DDR4,64,2x 3 TB (HDD SATA),6000,False,5 TB @ 1 Gbps,"Sydney, AU",Australia,AU,379,EUR,466.0,https://valebyte.com/en/servers/dual-intel-xeon-e5-2630-v4-22ghz-10-cores-sydney-au/?utm_source=github&utm_medium=dataset&utm_campaign=dedicated-server-prices
AMD EPYC 4584PX 4.2GHz 16 cores,AMD EPYC 4584PX 4.2GHz 16 cores,16,32,,64 GB DDR5,64,2x 960 GB (SSD NVMe),1920,True,25 TB @ 1 Gbps,"Singapore, SG",Singapore,SG,380,EUR,467.0,https://valebyte.com/en/servers/amd-epyc-4584px-42ghz-16-cores-singapore-sg/?utm_source=github&utm_medium=dataset&utm_campaign=dedicated-server-prices
AMD EPYC 4584PX 4.2GHz 16 cores,AMD EPYC 4584PX 4.2GHz 16 cores,16,32,,64 GB DDR5,64,2x 960 GB (SSD NVMe),1920,True,25 TB @ 1 Gbps,"Sydney, AU",Australia,AU,380,EUR,467.0,https://valebyte.com/en/servers/amd-epyc-4584px-42ghz-16-cores-sydney-au/?utm_source=github&utm_medium=dataset&utm_campaign=dedicated-server-prices
AMD EPYC 4344P 3.8GHz 8 cores,AMD EPYC 4344P 3.8GHz 8 cores,8,16,,32 GB DDR5,32,2x 960 GB (SSD NVMe) & 2x 22 TB (HDD SATA),45920,True,25 TB @ 1 Gbps,"Sydney, AU",Australia,AU,380,EUR,467.0,https://valebyte.com/en/servers/amd-epyc-4344p-38ghz-8-cores-sydney-au-3/?utm_source=github&utm_medium=dataset&utm_campaign=dedicated-server-prices
[Dual] Intel Xeon Silver 4210 2.2GHz 10 cores,[Dual] Intel Xeon Silver 4210 2.2GHz 10 cores,10,20,,64 GB DDR4,64,2x 4 TB (HDD SATA),8000,False,5 TB @ 1 Gbps,"Tokyo, JP",Japan,JP,380,EUR,467.0,https://valebyte.com/en/servers/dual-intel-xeon-silver-4210-22ghz-10-cores-tokyo-jp/?utm_source=github&utm_medium=dataset&utm_campaign=dedicated-server-prices
AMD Ryzen 9 7950X 4.5GHz 16 cores,AMD Ryzen 9 7950X 4.5GHz 16 cores,16,32,,64 GB DDR4,64,1.92 TB (SSD NVMe) & 6 TB (HDD SATA),7920,True,100 TB @ 1 Gbps,"Seville, ES",Spain,ES,383,EUR,470.0,https://valebyte.com/en/servers/amd-ryzen-9-7950x-45ghz-16-cores-seville-es/?utm_source=github&utm_medium=dataset&utm_campaign=dedicated-server-prices
AMD EPYC 4245P 3.9GHz 6 cores,AMD EPYC 4245P 3.9GHz 6 cores,6,12,,32 GB DDR5,32,2x 480 GB (SSD SATA),960,False,Unmetered @ 1 Gbps,"Zagreb, HR",Croatia,HR,384,EUR,472.0,https://valebyte.com/en/servers/amd-epyc-4245p-39ghz-6-cores-zagreb-hr/?utm_source=github&utm_medium=dataset&utm_campaign=dedicated-server-prices
AMD EPYC 4245P 3.9GHz 6 cores,AMD EPYC 4245P 3.9GHz 6 cores,6,12,,32 GB DDR5,32,2x 480 GB (SSD SATA),960,False,Unmetered @ 1 Gbps,"Bucharest, RO",Romania,RO,384,EUR,472.0,https://valebyte.com/en/servers/amd-epyc-4245p-39ghz-6-cores-bucharest-ro/?utm_source=github&utm_medium=dataset&utm_campaign=dedicated-server-prices
AMD EPYC 4245P 3.9GHz 6 cores,AMD EPYC 4245P 3.9GHz 6 cores,6,12,,32 GB DDR5,32,2x 480 GB (SSD SATA),960,False,Unmetered @ 1 Gbps,"Dublin, IE",Ireland,IE,384,EUR,472.0,https://valebyte.com/en/servers/amd-epyc-4245p-39ghz-6-cores-dublin-ie/?utm_source=github&utm_medium=dataset&utm_campaign=dedicated-server-prices
AMD EPYC 4245P 3.9GHz 6 cores,AMD EPYC 4245P 3.9GHz 6 cores,6,12,,32 GB DDR5,32,2x 480 GB (SSD SATA),960,False,Unmetered @ 1 Gbps,"Sofia, BG",Bulgaria,BG,384,EUR,472.0,https://valebyte.com/en/servers/amd-epyc-4245p-39ghz-6-cores-sofia-bg/?utm_source=github&utm_medium=dataset&utm_campaign=dedicated-server-prices
AMD EPYC 4245P 3.9GHz 6 cores,AMD EPYC 4245P 3.9GHz 6 cores,6,12,,32 GB DDR5,32,2x 480 GB (SSD SATA),960,False,Unmetered @ 1 Gbps,"Budapest, HU",Hungary,HU,384,EUR,472.0,https://valebyte.com/en/servers/amd-epyc-4245p-39ghz-6-cores-budapest-hu/?utm_source=github&utm_medium=dataset&utm_campaign=dedicated-server-prices
AMD EPYC 4245P 3.9GHz 6 cores,AMD EPYC 4245P 3.9GHz 6 cores,6,12,,32 GB DDR5,32,2x 480 GB (SSD SATA),960,False,Unmetered @ 1 Gbps,"Bratislava, SK",Slovakia,SK,384,EUR,472.0,https://valebyte.com/en/servers/amd-epyc-4245p-39ghz-6-cores-bratislava-sk/?utm_source=github&utm_medium=dataset&utm_campaign=dedicated-server-prices
AMD EPYC 4245P 3.9GHz 6 cores,AMD EPYC 4245P 3.9GHz 6 cores,6,12,,32 GB DDR5,32,2x 480 GB (SSD SATA),960,False,Unmetered @ 1 Gbps,"Copenhagen, DK",Denmark,DK,384,EUR,472.0,https://valebyte.com/en/servers/amd-epyc-4245p-39ghz-6-cores-copenhagen-dk/?utm_source=github&utm_medium=dataset&utm_campaign=dedicated-server-prices
AMD EPYC 4245P 3.9GHz 6 cores,AMD EPYC 4245P 3.9GHz 6 cores,6,12,,32 GB DDR5,32,2x 480 GB (SSD SATA),960,False,Unmetered @ 1 Gbps,"Manchester, UK",UK,UK,384,EUR,472.0,https://valebyte.com/en/servers/amd-epyc-4245p-39ghz-6-cores-manchester-uk/?utm_source=github&utm_medium=dataset&utm_campaign=dedicated-server-prices
AMD EPYC 4245P 3.9GHz 6 cores,AMD EPYC 4245P 3.9GHz 6 cores,6,12,,32 GB DDR5,32,2x 480 GB (SSD SATA),960,False,Unmetered @ 1 Gbps,"Vienna, AT",Austria,AT,384,EUR,472.0,https://valebyte.com/en/servers/amd-epyc-4245p-39ghz-6-cores-vienna-at/?utm_source=github&utm_medium=dataset&utm_campaign=dedicated-server-prices
AMD EPYC 4245P 3.9GHz 6 cores,AMD EPYC 4245P 3.9GHz 6 cores,6,12,,32 GB DDR5,32,2x 480 GB (SSD SATA),960,False,Unmetered @ 1 Gbps,"Brussels, BE",Belgium,BE,384,EUR,472.0,https://valebyte.com/en/servers/amd-epyc-4245p-39ghz-6-cores-brussels-be/?utm_source=github&utm_medium=dataset&utm_campaign=dedicated-server-prices
AMD EPYC 4245P 3.9GHz 6 cores,AMD EPYC 4245P 3.9GHz 6 cores,6,12,,32 GB DDR5,32,2x 480 GB (SSD SATA),960,False,Unmetered @ 1 Gbps,"Athens, GR",Greece,GR,384,EUR,472.0,https://valebyte.com/en/servers/amd-epyc-4245p-39ghz-6-cores-athens-gr/?utm_source=github&utm_medium=dataset&utm_campaign=dedicated-server-prices
[Dual] Intel Xeon Silver 4210 2.2GHz 10 cores,[Dual] Intel Xeon Silver 4210 2.2GHz 10 cores,10,20,,64 GB DDR4,64,2x 4 TB (HDD SATA),8000,False,5 TB @ 1 Gbps,"Helsinki, FI",Finland,FI,387,EUR,475.0,https://valebyte.com/en/servers/dual-intel-xeon-silver-4210-22ghz-10-cores-helsinki-fi/?utm_source=github&utm_medium=dataset&utm_campaign=dedicated-server-prices
AMD EPYC 7272,"AMD EPYC 7272, 12C/24T @ 2.9GHz",12,24,,128 GB DDR4,128,2x953GB (NVME),1906,True,Unmetered @ 1 Gbps,"Paris, FR",France,FR,389,EUR,478.0,https://valebyte.com/en/servers/amd-epyc-7272-paris-fr/?utm_source=github&utm_medium=dataset&utm_campaign=dedicated-server-prices
AMD EPYC 7272,"AMD EPYC 7272, 12C/24T @ 2.9GHz",12,24,,128 GB DDR4,128,2x953GB (NVME),1906,True,Unmetered @ 1 Gbps,"Paris, FR",France,FR,389,EUR,478.0,https://valebyte.com/en/servers/scaleway-em-b420e-nvme-paris-fr/?utm_source=github&utm_medium=dataset&utm_campaign=dedicated-server-prices
AMD EPYC 7272,"AMD EPYC 7272, 12C/24T @ 2.9GHz",12,24,,128 GB DDR4,128,2x953GB (NVME),1906,True,Unmetered @ 1 Gbps,"Amsterdam, NL",Netherlands,NL,389,EUR,478.0,https://valebyte.com/en/servers/scaleway-em-b420e-nvme-amsterdam-nl/?utm_source=github&utm_medium=dataset&utm_campaign=dedicated-server-prices
AMD EPYC 7272,"AMD EPYC 7272, 12C/24T @ 2.9GHz",12,24,,128 GB DDR4,128,2x953GB (NVME),1906,True,Unmetered @ 1 Gbps,"Warsaw, PL",Poland,PL,389,EUR,478.0,https://valebyte.com/en/servers/scaleway-em-b420e-nvme-warsaw-pl/?utm_source=github&utm_medium=dataset&utm_campaign=dedicated-server-prices
AMD Ryzen 9950X 256GB,AMD Ryzen 9950X,,,,256GB DDR5,256,2x4TB NVMe,8000,True,1 Gbps Unmetered,"New York, US",United States,US,479,USD,479.0,https://valebyte.com/en/servers/amd-ryzen-9950x-256gb-new-york-us-1/?utm_source=github&utm_medium=dataset&utm_campaign=dedicated-server-prices
[Dual] Intel Xeon Silver 4210 2.2GHz 10 cores,[Dual] Intel Xeon Silver 4210 2.2GHz 10 cores,10,20,,64 GB DDR4,64,2x 4 TB (HDD SATA),8000,False,5 TB @ 1 Gbps,"Sao Paulo, BR",Brazil,BR,390,EUR,479.0,https://valebyte.com/en/servers/dual-intel-xeon-silver-4210-22ghz-10-cores-sao-paulo-br-1/?utm_source=github&utm_medium=dataset&utm_campaign=dedicated-server-prices
AMD EPYC 4584PX 4.2GHz 16 cores,AMD EPYC 4584PX 4.2GHz 16 cores,16,32,,64 GB DDR5,64,2x 240 GB (SSD SATA),480,False,5 TB @ 1 Gbps,"Tokyo, JP",Japan,JP,390,EUR,479.0,https://valebyte.com/en/servers/amd-epyc-4584px-42ghz-16-cores-tokyo-jp/?utm_source=github&utm_medium=dataset&utm_campaign=dedicated-server-prices
AMD EPYC 4584PX 4.2GHz 16 cores,AMD EPYC 4584PX 4.2GHz 16 cores,16,32,,64 GB DDR5,64,2x 240 GB (SSD SATA),480,False,5 TB @ 1 Gbps,"Singapore, SG",Singapore,SG,390,EUR,479.0,https://valebyte.com/en/servers/amd-epyc-4584px-42ghz-16-cores-singapore-sg-3/?utm_source=github&utm_medium=dataset&utm_campaign=dedicated-server-prices
[Dual] Intel Xeon Silver 4510 2.4GHz 12 cores,[Dual] Intel Xeon Silver 4510 2.4GHz 12 cores,12,24,,64 GB DDR5,64,2x 240 GB (SSD SATA),480,False,5 TB @ 1 Gbps,"Hong Kong, HK",Hong Kong,HK,390,EUR,479.0,https://valebyte.com/en/servers/dual-intel-xeon-silver-4510-24ghz-12-cores-hong-kong-hk/?utm_source=github&utm_medium=dataset&utm_campaign=dedicated-server-prices
2x Intel GOLD 6330,2x Intel GOLD 6330 56c/112t - 2.0GHz,56,112,,256GB ECC REG DDR4,256,2x 500 GB (NVMe),1000,True,100TB @ 3Gbps,"Chicago, US",United States,US,479,USD,479.0,https://valebyte.com/en/servers/2x-intel-gold-6330-chicago-us/?utm_source=github&utm_medium=dataset&utm_campaign=dedicated-server-prices
2x E5-2630Lv4,2x E5-2630Lv4,20,40,,128GB ECC REG DDR4 ,128,2x 4 TB (HDD),8000,False,100TB @ 3Gbps,"Siauliai, LT",Lithuania,LT,479,USD,479.0,https://valebyte.com/en/servers/2x-e5-2630lv4-siauliai-lt/?utm_source=github&utm_medium=dataset&utm_campaign=dedicated-server-prices
[Dual] Intel Xeon E5-2643 v3 3.4GHz 6 cores,[Dual] Intel Xeon E5-2643 v3 3.4GHz 6 cores,6,12,,128 GB DDR4,128,2x 1 TB (SSD SATA),2000,False,Unmetered @ 1 Gbps,"Tel Aviv, IL",Israel,IL,390,EUR,479.0,https://valebyte.com/en/servers/dual-intel-xeon-e5-2643-v3-34ghz-6-cores-tel-aviv-il/?utm_source=github&utm_medium=dataset&utm_campaign=dedicated-server-prices
AMD Ryzen 9950X 256GB,AMD Ryzen 9950X,,,,256GB DDR5,256,2x4TB NVMe,8000,True,1 Gbps Unmetered,"Los Angeles, US",United States,US,479,USD,479.0,https://valebyte.com/en/servers/amd-ryzen-9950x-256gb-los-angeles-us/?utm_source=github&utm_medium=dataset&utm_campaign=dedicated-server-prices
AMD Ryzen 9950X 256GB,AMD Ryzen 9950X,,,,256GB DDR5,256,2x4TB NVMe,8000,True,1 Gbps Unmetered,"NL, US",United States,US,479,USD,479.0,https://valebyte.com/en/servers/amd-ryzen-9950x-256gb-nl-us/?utm_source=github&utm_medium=dataset&utm_campaign=dedicated-server-prices
Intel Xeon Silver 4208 2.1GHz 8 cores,Intel Xeon Silver 4208 2.1GHz 8 cores,8,16,,32 GB DDR4,32,2x 500 GB (SSD SATA),1000,False,25 TB @ 1 Gbps,"Santiago, CL",Chile,CL,391,EUR,480.0,https://valebyte.com/en/servers/intel-xeon-silver-4208-21ghz-8-cores-santiago-cl/?utm_source=github&utm_medium=dataset&utm_campaign=dedicated-server-prices
[Dual] Intel Xeon E5-2620 v4 2GHz 8 cores,[Dual] Intel Xeon E5-2620 v4 2GHz 8 cores,8,16,,32 GB DDR4,32,2x 2 TB (HDD SATA),4000,False,5 TB @ 1 Gbps,"Dubai, AE",United Arab Emirates,AE,391,EUR,480.0,https://valebyte.com/en/servers/dual-intel-xeon-e5-2620-v4-2ghz-8-cores-dubai-ae/?utm_source=github&utm_medium=dataset&utm_campaign=dedicated-server-prices
Intel Xeon E-2356G 3.2GHz 6 cores,Intel Xeon E-2356G 3.2GHz 6 cores,6,12,,32 GB DDR4,32,2x 480 GB (SSD SATA),960,False,Unmetered @ 1 Gbps,"Sofia, BG",Bulgaria,BG,395,EUR,485.0,https://valebyte.com/en/servers/intel-xeon-e-2356g-32ghz-6-cores-sofia-bg-1/?utm_source=github&utm_medium=dataset&utm_campaign=dedicated-server-prices
AMD EPYC 9254 2.9GHz 24 cores,AMD EPYC 9254 2.9GHz 24 cores,24,48,,64 GB DDR4,64,2x 240 GB (SSD SATA),480,False,5 TB @ 1 Gbps,"Hong Kong, HK",Hong Kong,HK,396,EUR,486.0,https://valebyte.com/en/servers/amd-epyc-9254-29ghz-24-cores-hong-kong-hk/?utm_source=github&utm_medium=dataset&utm_campaign=dedicated-server-prices
AMD EPYC 7443P 2.85GHz 24 cores,AMD EPYC 7443P 2.85GHz 24 cores,24,48,,64 GB DDR4,64,2x 1 TB (SSD NVMe),2000,True,100 TB @ 1 Gbps,"Vilnius, LT",Lithuania,LT,396,EUR,486.0,https://valebyte.com/en/servers/amd-epyc-7443p-285ghz-24-cores-vilnius-lt/?utm_source=github&utm_medium=dataset&utm_campaign=dedicated-server-prices
Intel Xeon E-2388G 3.2GHz 8 cores,Intel Xeon E-2388G 3.2GHz 8 cores,8,16,,64 GB DDR4,64,2x 480 GB (SSD SATA),960,False,5 TB @ 1 Gbps,"Seoul, KR",South Korea,KR,397,EUR,488.0,https://valebyte.com/en/servers/intel-xeon-e-2388g-32ghz-8-cores-seoul-kr/?utm_source=github&utm_medium=dataset&utm_campaign=dedicated-server-prices
Intel Xeon E5-2440 v2 1.9GHz 8 cores,Intel Xeon E5-2440 v2 1.9GHz 8 cores,8,16,,32 GB DDR3,32,4x 2 TB (HDD SAS),8000,False,Unmetered @ 50 Mbps,"Fez, MA",Morocco,MA,401,EUR,493.0,https://valebyte.com/en/servers/intel-xeon-e5-2440-v2-19ghz-8-cores-fez-ma/?utm_source=github&utm_medium=dataset&utm_campaign=dedicated-server-prices
Intel Xeon E5-2440 v2 1.9GHz 8 cores,Intel Xeon E5-2440 v2 1.9GHz 8 cores,8,16,,32 GB DDR3,32,4x 2 TB (HDD SAS),8000,False,Unmetered @ 50 Mbps,"Casablanca, MA",Morocco,MA,401,EUR,493.0,https://valebyte.com/en/servers/intel-xeon-e5-2440-v2-19ghz-8-cores-casablanca-ma/?utm_source=github&utm_medium=dataset&utm_campaign=dedicated-server-prices
AMD EPYC 4584PX 4.2GHz 16 cores,AMD EPYC 4584PX 4.2GHz 16 cores,16,32,,64 GB DDR5,64,2x 240 GB (SSD SATA),480,False,5 TB @ 1 Gbps,"Sydney, AU",Australia,AU,401,EUR,493.0,https://valebyte.com/en/servers/amd-epyc-4584px-42ghz-16-cores-sydney-au-3/?utm_source=github&utm_medium=dataset&utm_campaign=dedicated-server-prices
Intel Xeon E-2488 3.2GHz 8 cores,Intel Xeon E-2488 3.2GHz 8 cores,8,16,,16 GB DDR5,16,240 GB (SSD SATA),240,False,5 TB @ 1 Gbps,"Dubai, AE",United Arab Emirates,AE,401,EUR,493.0,https://valebyte.com/en/servers/intel-xeon-e-2488-32ghz-8-cores-dubai-ae/?utm_source=github&utm_medium=dataset&utm_campaign=dedicated-server-prices
Intel Xeon Gold 6254 3.1GHz 18 cores,Intel Xeon Gold 6254 3.1GHz 18 cores,18,36,,128 GB DDR4,128,2x 960 GB (SSD NVMe),1920,True,10 TB @ 1 Gbps,"Pune, IN",India,IN,403,EUR,495.0,https://valebyte.com/en/servers/intel-xeon-gold-6254-31ghz-18-cores-pune-in/?utm_source=github&utm_medium=dataset&utm_campaign=dedicated-server-prices
Intel Xeon Gold 6254 3.1GHz 18 cores,Intel Xeon Gold 6254 3.1GHz 18 cores,18,36,,128 GB DDR4,128,2x 960 GB (SSD NVMe),1920,True,10 TB @ 1 Gbps,"New Delhi, IN",India,IN,403,EUR,495.0,https://valebyte.com/en/servers/intel-xeon-gold-6254-31ghz-18-cores-new-delhi-in/?utm_source=github&utm_medium=dataset&utm_campaign=dedicated-server-prices
Intel Xeon Gold 6254 3.1GHz 18 cores,Intel Xeon Gold 6254 3.1GHz 18 cores,18,36,,128 GB DDR4,128,2x 960 GB (SSD NVMe),1920,True,10 TB @ 1 Gbps,"Mumbai, IN",India,IN,403,EUR,495.0,https://valebyte.com/en/servers/intel-xeon-gold-6254-31ghz-18-cores-mumbai-in/?utm_source=github&utm_medium=dataset&utm_campaign=dedicated-server-prices
[Dual] Intel Xeon E5-2670 v3 2.3GHz 12 cores,[Dual] Intel Xeon E5-2670 v3 2.3GHz 12 cores,12,24,,64 GB DDR4,64,240 GB (SSD SATA),240,False,Unmetered @ 1 Gbps,"Bangkok, TH",Thailand,TH,403,EUR,495.0,https://valebyte.com/en/servers/dual-intel-xeon-e5-2670-v3-23ghz-12-cores-bangkok-th/?utm_source=github&utm_medium=dataset&utm_campaign=dedicated-server-prices
[Dual] Intel Xeon E5-2650 v4 2.2GHz 12 cores,[Dual] Intel Xeon E5-2650 v4 2.2GHz 12 cores,12,24,,64 GB DDR4,64,2x 480 GB (SSD SATA),960,False,30 TB @ 1 Gbps,"Singapore, SG",Singapore,SG,403,EUR,495.0,https://valebyte.com/en/servers/dual-intel-xeon-e5-2650-v4-22ghz-12-cores-singapore-sg/?utm_source=github&utm_medium=dataset&utm_campaign=dedicated-server-prices
[Dual] Intel Xeon E5-2640 v4 2.4GHz 10 cores,[Dual] Intel Xeon E5-2640 v4 2.4GHz 10 cores,10,20,,128 GB DDR4,128,2x 960 GB (SSD SATA),1920,False,50 TB @ 10 Gbps,"Palermo, IT",Italy,IT,407,EUR,500.0,https://valebyte.com/en/servers/dual-intel-xeon-e5-2640-v4-24ghz-10-cores-palermo-it/?utm_source=github&utm_medium=dataset&utm_campaign=dedicated-server-prices
AMD Epyc 7413 2.65GHz 24 cores,AMD Epyc 7413 2.65GHz 24 cores,24,48,,512 GB DDR4 ECC,512,2x 6 TB + 2x 960 GB (SATA Hybrid SoftRAID),13920,False,Unmetered @ 500 Mbps,"Singapore, SG",Singapore,SG,407,EUR,500.0,https://valebyte.com/en/servers/amd-epyc-7413-265ghz-24-cores-singapore-sg-1/?utm_source=github&utm_medium=dataset&utm_campaign=dedicated-server-prices
AMD Epyc 7413 2.65GHz 24 cores,AMD Epyc 7413 2.65GHz 24 cores,24,48,,1 TB DDR4 ECC,1000,2x 3.84 TB (NVME SoftRAID),7680,True,Unmetered @ 500 Mbps,"Mumbai, IN",India,IN,407,EUR,500.0,https://valebyte.com/en/servers/amd-epyc-7413-265ghz-24-cores-mumbai-in-1/?utm_source=github&utm_medium=dataset&utm_campaign=dedicated-server-prices
[Dual] Intel Xeon E5-2620 v4 2GHz 8 cores,[Dual] Intel Xeon E5-2620 v4 2GHz 8 cores,8,16,,64 GB DDR4,64,2x 240 GB (SSD SATA),480,False,20 TB @ 1 Gbps,"Chisinau, MD",Moldova,MD,407,EUR,500.0,https://valebyte.com/en/servers/dual-intel-xeon-e5-2620-v4-2ghz-8-cores-chisinau-md/?utm_source=github&utm_medium=dataset&utm_campaign=dedicated-server-prices
[Dual] Intel Xeon E5-2680 v3 2.5GHz 12 cores,[Dual] Intel Xeon E5-2680 v3 2.5GHz 12 cores,12,24,,64 GB DDR3,64,240 GB (SSD SATA),240,False,10 TB @ 100 Mbps,"San Jose, CR",Costa Rica,CR,408,EUR,501.0,https://valebyte.com/en/servers/dual-intel-xeon-e5-2680-v3-25ghz-12-cores-san-jose-cr/?utm_source=github&utm_medium=dataset&utm_campaign=dedicated-server-prices
AMD Ryzen 9950X,AMD Ryzen 9950X,16,32,,192GB DDR5,192,2x 1 TB (NVMe),2000,True,100TB @ 10Gbps,"Frankfurt, DE",Germany,DE,505,USD,505.0,https://valebyte.com/en/servers/amd-ryzen-9950x-frankfurt-de/?utm_source=github&utm_medium=dataset&utm_campaign=dedicated-server-prices
AMD Ryzen 9950X,AMD Ryzen 9950X,16,32,,192GB DDR5,192,2x 1 TB (NVMe),2000,True,100TB @ 10Gbps,"Stockholm, SE",Sweden,SE,505,USD,505.0,https://valebyte.com/en/servers/amd-ryzen-9950x-stockholm-se/?utm_source=github&utm_medium=dataset&utm_campaign=dedicated-server-prices
AMD Ryzen 9950X,AMD Ryzen 9950X,16,32,,192GB DDR5,192,2x 1 TB (NVMe),2000,True,100TB @ 10Gbps,"Amsterdam, NL",Netherlands,NL,505,USD,505.0,https://valebyte.com/en/servers/amd-ryzen-9950x-amsterdam-nl/?utm_source=github&utm_medium=dataset&utm_campaign=dedicated-server-prices
AMD EPYC 4584PX 4.2GHz 16 cores,AMD EPYC 4584PX 4.2GHz 16 cores,16,32,,64 GB DDR5,64,2x 240 GB (SSD SATA),480,False,5 TB @ 1 Gbps,"Sao Paulo, BR",Brazil,BR,413,EUR,507.0,https://valebyte.com/en/servers/amd-epyc-4584px-42ghz-16-cores-sao-paulo-br/?utm_source=github&utm_medium=dataset&utm_campaign=dedicated-server-prices
[Dual] Intel Xeon E5-2650 v2 2.6GHz 8 cores,[Dual] Intel Xeon E5-2650 v2 2.6GHz 8 cores,8,16,,64 GB DDR3,64,2x 500 GB (SSD SATA),1000,False,10 TB @ 1 Gbps,"Istanbul, TR",Turkey,TR,413,EUR,507.0,https://valebyte.com/en/servers/dual-intel-xeon-e5-2650-v2-26ghz-8-cores-istanbul-tr/?utm_source=github&utm_medium=dataset&utm_campaign=dedicated-server-prices
[Dual] Intel Xeon Silver 4210 2.2GHz 10 cores,[Dual] Intel Xeon Silver 4210 2.2GHz 10 cores,10,20,,64 GB DDR4,64,2x 4 TB (HDD SATA),8000,False,5 TB @ 1 Gbps,"Sydney, AU",Australia,AU,413,EUR,507.0,https://valebyte.com/en/servers/dual-intel-xeon-silver-4210-22ghz-10-cores-sydney-au-1/?utm_source=github&utm_medium=dataset&utm_campaign=dedicated-server-prices
Intel Xeon E5-2680 v4 2.4GHz 14 cores,Intel Xeon E5-2680 v4 2.4GHz 14 cores,14,28,,64 GB DDR4,64,2x 500 GB (SSD SATA),1000,False,20 TB @ 1 Gbps,"Cordoba, AR",Argentina,AR,414,EUR,509.0,https://valebyte.com/en/servers/intel-xeon-e5-2680-v4-24ghz-14-cores-cordoba-ar-1/?utm_source=github&utm_medium=dataset&utm_campaign=dedicated-server-prices
Intel Xeon Silver 4208 2.1GHz 8 cores,Intel Xeon Silver 4208 2.1GHz 8 cores,8,16,,32 GB DDR4,32,2x 500 GB (SSD SATA),1000,False,25 TB @ 1 Gbps,"Sao Paulo, BR",Brazil,BR,414,EUR,509.0,https://valebyte.com/en/servers/intel-xeon-silver-4208-21ghz-8-cores-sao-paulo-br/?utm_source=github&utm_medium=dataset&utm_campaign=dedicated-server-prices
[Dual] Intel Xeon E5-2640 v4 2.4GHz 10 cores,[Dual] Intel Xeon E5-2640 v4 2.4GHz 10 cores,10,20,,128 GB DDR4,128,2x 960 GB (SSD SATA),1920,False,Unmetered @ 100 Mbps,"Tunis, TN",Tunisia,TN,414,EUR,509.0,https://valebyte.com/en/servers/dual-intel-xeon-e5-2640-v4-24ghz-10-cores-tunis-tn/?utm_source=github&utm_medium=dataset&utm_campaign=dedicated-server-prices
Intel Xeon Silver 4208 2.1GHz 8 cores,Intel Xeon Silver 4208 2.1GHz 8 cores,8,16,,32 GB DDR4,32,2x 500 GB (SSD SATA),1000,False,20 TB @ 1 Gbps,"Guadalajara, MX",Mexico,MX,414,EUR,509.0,https://valebyte.com/en/servers/intel-xeon-silver-4208-21ghz-8-cores-guadalajara-mx/?utm_source=github&utm_medium=dataset&utm_campaign=dedicated-server-prices
[Dual] Intel Xeon Silver 4214R 2.4GHz 12 cores,[Dual] Intel Xeon Silver 4214R 2.4GHz 12 cores,12,24,,192 GB DDR4,192,2x 2 TB (SSD NVMe),4000,True,Unmetered @ 10 Gbps,"Amsterdam, NL",Netherlands,NL,414,EUR,509.0,https://valebyte.com/en/servers/dual-intel-xeon-silver-4214r-24ghz-12-cores-amsterdam-nl/?utm_source=github&utm_medium=dataset&utm_campaign=dedicated-server-prices
[Dual] Intel Xeon Silver 4214R 2.4GHz 12 cores,[Dual] Intel Xeon Silver 4214R 2.4GHz 12 cores,12,24,,192 GB DDR4,192,2x 2 TB (SSD NVMe),4000,True,Unmetered @ 10 Gbps,"Paris, FR",France,FR,414,EUR,509.0,https://valebyte.com/en/servers/dual-intel-xeon-silver-4214r-24ghz-12-cores-paris-fr/?utm_source=github&utm_medium=dataset&utm_campaign=dedicated-server-prices
[Dual] Intel Xeon Gold 6244 3.6GHz 8 cores,[Dual] Intel Xeon Gold 6244 3.6GHz 8 cores,8,16,,128 GB DDR4,128,2x 2 TB (SSD NVMe),4000,True,10 TB @ 1 Gbps,"New Delhi, IN",India,IN,419,EUR,515.0,https://valebyte.com/en/servers/dual-intel-xeon-gold-6244-36ghz-8-cores-new-delhi-in/?utm_source=github&utm_medium=dataset&utm_campaign=dedicated-server-prices
[Dual] Intel Xeon Gold 6244 3.6GHz 8 cores,[Dual] Intel Xeon Gold 6244 3.6GHz 8 cores,8,16,,128 GB DDR4,128,2x 2 TB (SSD NVMe),4000,True,10 TB @ 1 Gbps,"Pune, IN",India,IN,419,EUR,515.0,https://valebyte.com/en/servers/dual-intel-xeon-gold-6244-36ghz-8-cores-pune-in/?utm_source=github&utm_medium=dataset&utm_campaign=dedicated-server-prices
[Dual] Intel Xeon Gold 6244 3.6GHz 8 cores,[Dual] Intel Xeon Gold 6244 3.6GHz 8 cores,8,16,,128 GB DDR4,128,2x 2 TB (SSD NVMe),4000,True,10 TB @ 1 Gbps,"Mumbai, IN",India,IN,419,EUR,515.0,https://valebyte.com/en/servers/dual-intel-xeon-gold-6244-36ghz-8-cores-mumbai-in/?utm_source=github&utm_medium=dataset&utm_campaign=dedicated-server-prices
Intel Xeon E-2246G 3.6GHz 6 cores,Intel Xeon E-2246G 3.6GHz 6 cores,6,12,,64 GB DDR4,64,2x 480 GB (SSD SATA),960,False,Unmetered @ 1 Gbps,"Sofia, BG",Bulgaria,BG,419,EUR,515.0,https://valebyte.com/en/servers/intel-xeon-e-2246g-36ghz-6-cores-sofia-bg-1/?utm_source=github&utm_medium=dataset&utm_campaign=dedicated-server-prices
Intel Xeon E-2488 3.2GHz 8 cores,Intel Xeon E-2488 3.2GHz 8 cores,8,16,,128 GB DDR5,128,2x 4 TB (SSD SATA),8000,False,200 TB @ 1 Gbps,"Helsinki, FI",Finland,FI,420,EUR,516.0,https://valebyte.com/en/servers/intel-xeon-e-2488-32ghz-8-cores-helsinki-fi/?utm_source=github&utm_medium=dataset&utm_campaign=dedicated-server-prices
AMD EPYC 8224P 2.55GHz 24 cores,AMD EPYC 8224P 2.55GHz 24 cores,24,48,,576 GB DDR5 ECC,576,2x 960 GB + 2x 1.92 TB (NVME Hybrid SoftRAID),5760,True,Unmetered @ 500 Mbps,"Sydney, AU",Australia,AU,422,EUR,518.0,https://valebyte.com/en/servers/amd-epyc-8224p-255ghz-24-cores-sydney-au-2/?utm_source=github&utm_medium=dataset&utm_campaign=dedicated-server-prices
2x E5-2630v3,2x E5-2630v3,16,32,,128GB ECC REG DDR4 ,128,2x 250 GB (SSD),500,False,100TB @ 3Gbps,"Siauliai, LT",Lithuania,LT,518,USD,518.0,https://valebyte.com/en/servers/2x-e5-2630v3-siauliai-lt/?utm_source=github&utm_medium=dataset&utm_campaign=dedicated-server-prices
AMD EPYC 8224P 2.55GHz 24 cores,AMD EPYC 8224P 2.55GHz 24 cores,24,48,,576 GB DDR5 ECC,576,4x 3.84 TB (NVME SoftRAID),15360,True,Unmetered @ 500 Mbps,"Singapore, SG",Singapore,SG,422,EUR,518.0,https://valebyte.com/en/servers/amd-epyc-8224p-255ghz-24-cores-singapore-sg-2/?utm_source=github&utm_medium=dataset&utm_campaign=dedicated-server-prices
AMD EPYC 8224P 2.55GHz 24 cores,AMD EPYC 8224P 2.55GHz 24 cores,24,48,,96 GB DDR5 ECC,96,2x 960 GB + 2x 3.84 TB (NVME Hybrid SoftRAID),9600,True,Unmetered @ 3 Gbps,"Strasbourg, FR",France,FR,422,EUR,518.0,https://valebyte.com/en/servers/amd-epyc-8224p-255ghz-24-cores-strasbourg-fr-1/?utm_source=github&utm_medium=dataset&utm_campaign=dedicated-server-prices
AMD EPYC 8224P 2.55GHz 24 cores,AMD EPYC 8224P 2.55GHz 24 cores,24,48,,96 GB DDR5 ECC,96,2x 960 GB + 2x 3.84 TB (NVME Hybrid SoftRAID),9600,True,Unmetered @ 3 Gbps,"Warsaw, PL",Poland,PL,422,EUR,518.0,https://valebyte.com/en/servers/amd-epyc-8224p-255ghz-24-cores-warsaw-pl-2/?utm_source=github&utm_medium=dataset&utm_campaign=dedicated-server-prices
AMD EPYC 8224P 2.55GHz 24 cores,AMD EPYC 8224P 2.55GHz 24 cores,24,48,,96 GB DDR5 ECC,96,2x 960 GB + 2x 3.84 TB (NVME Hybrid SoftRAID),9600,True,Unmetered @ 3 Gbps,"Frankfurt, DE",Germany,DE,422,EUR,518.0,https://valebyte.com/en/servers/amd-epyc-8224p-255ghz-24-cores-frankfurt-de-1/?utm_source=github&utm_medium=dataset&utm_campaign=dedicated-server-prices
AMD EPYC 8224P 2.55GHz 24 cores,AMD EPYC 8224P 2.55GHz 24 cores,24,48,,96 GB DDR5 ECC,96,2x 960 GB + 2x 3.84 TB (NVME Hybrid SoftRAID),9600,True,Unmetered @ 3 Gbps,"Roubaix, FR",France,FR,422,EUR,518.0,https://valebyte.com/en/servers/amd-epyc-8224p-255ghz-24-cores-roubaix-fr-1/?utm_source=github&utm_medium=dataset&utm_campaign=dedicated-server-prices
AMD EPYC 8224P 2.55GHz 24 cores,AMD EPYC 8224P 2.55GHz 24 cores,24,48,,96 GB DDR5 ECC,96,2x 960 GB + 2x 3.84 TB (NVME Hybrid SoftRAID),9600,True,Unmetered @ 3 Gbps,"Beauharnois, CA",Canada,CA,422,EUR,518.0,https://valebyte.com/en/servers/amd-epyc-8224p-255ghz-24-cores-beauharnois-ca-1/?utm_source=github&utm_medium=dataset&utm_campaign=dedicated-server-prices
AMD EPYC 8224P 2.55GHz 24 cores,AMD EPYC 8224P 2.55GHz 24 cores,24,48,,96 GB DDR5 ECC,96,2x 960 GB + 2x 3.84 TB (NVME Hybrid SoftRAID),9600,True,Unmetered @ 3 Gbps,"Gravelines, FR",France,FR,422,EUR,518.0,https://valebyte.com/en/servers/amd-epyc-8224p-255ghz-24-cores-gravelines-fr-1/?utm_source=github&utm_medium=dataset&utm_campaign=dedicated-server-prices
AMD EPYC 8224P 2.55GHz 24 cores,AMD EPYC 8224P 2.55GHz 24 cores,24,48,,96 GB DDR5 ECC,96,2x 960 GB + 2x 3.84 TB (NVME Hybrid SoftRAID),9600,True,Unmetered @ 3 Gbps,"London, GB",London,,422,EUR,518.0,https://valebyte.com/en/servers/amd-epyc-8224p-255ghz-24-cores-london-gb-1/?utm_source=github&utm_medium=dataset&utm_campaign=dedicated-server-prices
AMD EPYC 8224P 2.55GHz 24 cores,AMD EPYC 8224P 2.55GHz 24 cores,24,48,,384 GB DDR5 ECC,384,2x 960 GB + 6x 7.68 TB (NVME Hybrid SoftRAID),48000,True,Unmetered @ 500 Mbps,"Mumbai, IN",India,IN,422,EUR,518.0,https://valebyte.com/en/servers/amd-epyc-8224p-255ghz-24-cores-mumbai-in-2/?utm_source=github&utm_medium=dataset&utm_campaign=dedicated-server-prices
[Dual] Intel Xeon Silver 4510 2.4GHz 12 cores,[Dual] Intel Xeon Silver 4510 2.4GHz 12 cores,12,24,,64 GB DDR5,64,2x 240 GB (SSD SATA),480,False,5 TB @ 1 Gbps,"Tokyo, JP",Japan,JP,424,EUR,521.0,https://valebyte.com/en/servers/dual-intel-xeon-silver-4510-24ghz-12-cores-tokyo-jp/?utm_source=github&utm_medium=dataset&utm_campaign=dedicated-server-prices
[Dual] Intel Xeon Silver 4510 2.4GHz 12 cores,[Dual] Intel Xeon Silver 4510 2.4GHz 12 cores,12,24,,64 GB DDR5,64,2x 240 GB (SSD SATA),480,False,5 TB @ 1 Gbps,"Sydney, AU",Australia,AU,424,EUR,521.0,https://valebyte.com/en/servers/dual-intel-xeon-silver-4510-24ghz-12-cores-sydney-au/?utm_source=github&utm_medium=dataset&utm_campaign=dedicated-server-prices
[Dual] Intel Xeon Silver 4510 2.4GHz 12 cores,[Dual] Intel Xeon Silver 4510 2.4GHz 12 cores,12,24,,64 GB DDR5,64,2x 240 GB (SSD SATA),480,False,5 TB @ 1 Gbps,"Sao Paulo, BR",Brazil,BR,424,EUR,521.0,https://valebyte.com/en/servers/dual-intel-xeon-silver-4510-24ghz-12-cores-sao-paulo-br/?utm_source=github&utm_medium=dataset&utm_campaign=dedicated-server-prices
[Dual] Intel Xeon Silver 4510 2.4GHz 12 cores,[Dual] Intel Xeon Silver 4510 2.4GHz 12 cores,12,24,,64 GB DDR5,64,2x 240 GB (SSD SATA),480,False,5 TB @ 1 Gbps,"Singapore, SG",Singapore,SG,424,EUR,521.0,https://valebyte.com/en/servers/dual-intel-xeon-silver-4510-24ghz-12-cores-singapore-sg/?utm_source=github&utm_medium=dataset&utm_campaign=dedicated-server-prices
AMD EPYC 4464P 3.7GHz 12 cores,AMD EPYC 4464P 3.7GHz 12 cores,12,24,,32 GB DDR5,32,1 TB (SSD SATA),1000,False,Unmetered @ 1 Gbps,"Toronto, CA",Canada,CA,425,EUR,522.0,https://valebyte.com/en/servers/amd-epyc-4464p-37ghz-12-cores-toronto-ca/?utm_source=github&utm_medium=dataset&utm_campaign=dedicated-server-prices
Intel Xeon E-2246G 3.6GHz 6 cores,Intel Xeon E-2246G 3.6GHz 6 cores,6,12,,32 GB DDR4,32,2x 480 GB (SSD SATA),960,False,10 TB @ 10 Gbps,"Lagos, NG",Nigeria,NG,425,EUR,522.0,https://valebyte.com/en/servers/intel-xeon-e-2246g-36ghz-6-cores-lagos-ng/?utm_source=github&utm_medium=dataset&utm_campaign=dedicated-server-prices
[Dual] Intel Xeon Silver 4210 2.2GHz 10 cores,[Dual] Intel Xeon Silver 4210 2.2GHz 10 cores,10,20,,64 GB DDR4,64,2x 4 TB (HDD SATA),8000,False,5 TB @ 1 Gbps,"Dubai, AE",United Arab Emirates,AE,425,EUR,522.0,https://valebyte.com/en/servers/dual-intel-xeon-silver-4210-22ghz-10-cores-dubai-ae/?utm_source=github&utm_medium=dataset&utm_campaign=dedicated-server-prices
AMD EPYC 4245P 3.9GHz 6 cores,AMD EPYC 4245P 3.9GHz 6 cores,6,12,,32 GB DDR5,32,2x 480 GB (SSD SATA),960,False,Unmetered @ 1 Gbps,"Vancouver, CA",Canada,CA,425,EUR,522.0,https://valebyte.com/en/servers/amd-epyc-4245p-39ghz-6-cores-vancouver-ca/?utm_source=github&utm_medium=dataset&utm_campaign=dedicated-server-prices
[Dual] Intel Xeon E5-2620 v3 2.4GHz 6 cores,[Dual] Intel Xeon E5-2620 v3 2.4GHz 6 cores,6,12,,64 GB DDR4,64,2x 600 GB (HDD SAS) & 4x 6 TB (HDD SAS),25200,False,Unmetered @ 100 Mbps,"Tunis, TN",Tunisia,TN,425,EUR,522.0,https://valebyte.com/en/servers/dual-intel-xeon-e5-2620-v3-24ghz-6-cores-tunis-tn-2/?utm_source=github&utm_medium=dataset&utm_campaign=dedicated-server-prices
AMD EPYC 4245P 3.9GHz 6 cores,AMD EPYC 4245P 3.9GHz 6 cores,6,12,,32 GB DDR5,32,2x 480 GB (SSD SATA),960,False,Unmetered @ 1 Gbps,"Calgary, CA",Canada,CA,425,EUR,522.0,https://valebyte.com/en/servers/amd-epyc-4245p-39ghz-6-cores-calgary-ca/?utm_source=github&utm_medium=dataset&utm_campaign=dedicated-server-prices
AMD EPYC 7302P 3GHz 16 cores,AMD EPYC 7302P 3GHz 16 cores,16,32,,256 GB DDR4,256,2x 2 TB (SSD NVMe),4000,True,Unmetered @ 10 Gbps,"Amsterdam, NL",Netherlands,NL,426,EUR,523.0,https://valebyte.com/en/servers/amd-epyc-7302p-3ghz-16-cores-amsterdam-nl/?utm_source=github&utm_medium=dataset&utm_campaign=dedicated-server-prices
[Dual] Intel Xeon Gold 6248R 3GHz 24 cores,[Dual] Intel Xeon Gold 6248R 3GHz 24 cores,24,48,,256 GB DDR4,256,4x 1 TB (SSD SATA),4000,False,200 TB @ 1 Gbps,"Helsinki, FI",Finland,FI,426,EUR,523.0,https://valebyte.com/en/servers/dual-intel-xeon-gold-6248r-3ghz-24-cores-helsinki-fi/?utm_source=github&utm_medium=dataset&utm_campaign=dedicated-server-prices
AMD EPYC 7302P 3GHz 16 cores,AMD EPYC 7302P 3GHz 16 cores,16,32,,256 GB DDR4,256,2x 2 TB (SSD NVMe),4000,True,Unmetered @ 10 Gbps,"Paris, FR",France,FR,426,EUR,523.0,https://valebyte.com/en/servers/amd-epyc-7302p-3ghz-16-cores-paris-fr/?utm_source=github&utm_medium=dataset&utm_campaign=dedicated-server-prices
Intel Xeon Silver 4116 2.1GHz + 2x Tesla T4 32GB,Intel Xeon Silver 4116 2.1GHz,12,24,15146,256 GB DDR4,256,4x 1 TB SSD SATA,4000,False,200 TB @ 1 Gbps,"Helsinki, FI",Finland,FI,524,USD,524.0,https://valebyte.com/en/servers/intel-xeon-silver-4116-21ghz-2x-tesla-t4-32gb-helsinki-fi/?utm_source=github&utm_medium=dataset&utm_campaign=dedicated-server-prices
[Dual] Intel Xeon E5-2690 2.9GHz 8 cores,[Dual] Intel Xeon E5-2690 2.9GHz 8 cores,8,16,,64 GB DDR3,64,4x 512 GB (SSD SATA),2048,False,30 TB @ 1 Gbps,"Vienna, AT",Austria,AT,428,EUR,526.0,https://valebyte.com/en/servers/dual-intel-xeon-e5-2690-29ghz-8-cores-vienna-at/?utm_source=github&utm_medium=dataset&utm_campaign=dedicated-server-prices
[Dual] Intel Xeon E5-2670 v3 2.3GHz 12 cores,[Dual] Intel Xeon E5-2670 v3 2.3GHz 12 cores,12,24,,256 GB DDR4,256,2x 1 TB (HDD SATA),2000,False,10 TB @ 1 Gbps,"Bratislava, SK",Slovakia,SK,431,EUR,529.0,https://valebyte.com/en/servers/dual-intel-xeon-e5-2670-v3-23ghz-12-cores-bratislava-sk/?utm_source=github&utm_medium=dataset&utm_campaign=dedicated-server-prices
AMD EPYC 8224P 2.55GHz 24 cores,AMD EPYC 8224P 2.55GHz 24 cores,24,48,45160,192 GB DDR5,192,2 x 1.92 TB (NVMe),3840,True,Unmetered @ 1 Gbps,"Paris, FR",France,FR,432,EUR,531.0,https://valebyte.com/en/servers/amd-epyc-8224p-2-55ghz-24-192gb-3840gb-paris-fr-55d31e/?utm_source=github&utm_medium=dataset&utm_campaign=dedicated-server-prices
AMD EPYC 9254P,AMD EPYC 9254P,24,48,,192GB ECC REG DDR5,192,2x 1 TB (NVMe),2000,True,100TB @ 10Gbps,"Stockholm, SE",Sweden,SE,531,USD,531.0,https://valebyte.com/en/servers/amd-epyc-9254p-stockholm-se/?utm_source=github&utm_medium=dataset&utm_campaign=dedicated-server-prices
AMD EPYC 8224P 2.55GHz 24 cores,AMD EPYC 8224P 2.55GHz 24 cores,24,48,45160,192 GB DDR5,192,2 x 1.92 TB (NVMe),3840,True,Unmetered @ 1 Gbps,"Warsaw, PL",Poland,PL,432,EUR,531.0,https://valebyte.com/en/servers/amd-epyc-8224p-2-55ghz-24-192gb-3840gb-warsaw-pl-3b5b83/?utm_source=github&utm_medium=dataset&utm_campaign=dedicated-server-prices
AMD EPYC 8224P 2.55GHz 24 cores,AMD EPYC 8224P 2.55GHz 24 cores,24,48,44990,192 GB DDR5,192,2 x 1.92 TB (NVMe SSD),3840,True,Unmetered @ 1 Gbps,"Amsterdam, NL",Netherlands,NL,432,EUR,531.0,https://valebyte.com/en/servers/amd-epyc-8224p-2-55ghz-24-192gb-3840gb-amsterdam-nl-8190a4/?utm_source=github&utm_medium=dataset&utm_campaign=dedicated-server-prices
AMD EPYC 7402P 2.8GHz 24 cores,AMD EPYC 7402P 2.8GHz 24 cores,24,48,,128 GB DDR4,128,2x 480 GB (SSD SATA) & 10x 14 TB (HDD SATA),140960,False,100 TB @ 1 Gbps,"Amsterdam, NL",Netherlands,NL,432,EUR,531.0,https://valebyte.com/en/servers/amd-epyc-7402p-28ghz-24-cores-amsterdam-nl-11/?utm_source=github&utm_medium=dataset&utm_campaign=dedicated-server-prices
AMD EPYC 9355P 3.55GHz 32 cores,AMD EPYC 9355P 3.55GHz 32 cores,32,64,,128 GB DDR5,128,2x 960 GB (SSD NVMe),1920,True,100 TB @ 10 Gbps,"Amsterdam, NL",Netherlands,NL,432,EUR,531.0,https://valebyte.com/en/servers/amd-epyc-9355p-355ghz-32-cores-amsterdam-nl-1/?utm_source=github&utm_medium=dataset&utm_campaign=dedicated-server-prices
AMD EPYC 8224P 2.55GHz 24 cores,AMD EPYC 8224P 2.55GHz 24 cores,24,48,45160,192 GB DDR5,192,2 x 1.92 TB (NVMe),3840,True,Unmetered @ 1 Gbps,"Amsterdam, NL",Netherlands,NL,432,EUR,531.0,https://valebyte.com/en/servers/amd-epyc-8224p-2-55ghz-24-192gb-3840gb-amsterdam-nl-a55cb1/?utm_source=github&utm_medium=dataset&utm_campaign=dedicated-server-prices
AMD EPYC 9254P,AMD EPYC 9254P,24,48,,192GB ECC REG DDR5,192,2x 1 TB (NVMe),2000,True,100TB @ 10Gbps,"Chicago, US",United States,US,531,USD,531.0,https://valebyte.com/en/servers/amd-epyc-9254p-chicago-us/?utm_source=github&utm_medium=dataset&utm_campaign=dedicated-server-prices
AMD EPYC 8224P 2.55GHz 24 cores,AMD EPYC 8224P 2.55GHz 24 cores,24,48,44990,192 GB DDR5,192,2 x 1.92 TB (NVMe SSD),3840,True,Unmetered @ 1 Gbps,"Paris, FR",France,FR,432,EUR,531.0,https://valebyte.com/en/servers/amd-epyc-8224p-2-55ghz-24-192gb-3840gb-paris-fr-943c60/?utm_source=github&utm_medium=dataset&utm_campaign=dedicated-server-prices
AMD Ryzen 9 7950X 4.5GHz 16 cores,AMD Ryzen 9 7950X 4.5GHz 16 cores,16,32,,128 GB DDR5,128,2x 960 GB (SSD NVMe),1920,True,100 TB @ 10 Gbps,"London, UK",UK,UK,432,EUR,531.0,https://valebyte.com/en/servers/amd-ryzen-9-7950x-45ghz-16-cores-london-uk/?utm_source=github&utm_medium=dataset&utm_campaign=dedicated-server-prices
AMD EPYC 7543P 2.8GHz 32 cores,AMD EPYC 7543P 2.8GHz 32 cores,32,64,,256 GB DDR4,256,2x 1 TB (SSD NVMe),2000,True,Unmetered @ 1 Gbps,"Oslo, NO",Norway,NO,432,EUR,531.0,https://valebyte.com/en/servers/amd-epyc-7543p-28ghz-32-cores-oslo-no/?utm_source=github&utm_medium=dataset&utm_campaign=dedicated-server-prices
AMD EPYC 9254 2.9GHz 24 cores,AMD EPYC 9254 2.9GHz 24 cores,24,48,,64 GB DDR4,64,2x 240 GB (SSD SATA),480,False,5 TB @ 1 Gbps,"Singapore, SG",Singapore,SG,435,EUR,534.0,https://valebyte.com/en/servers/amd-epyc-9254-29ghz-24-cores-singapore-sg-2/?utm_source=github&utm_medium=dataset&utm_campaign=dedicated-server-prices
AMD EPYC 9254 2.9GHz 24 cores,AMD EPYC 9254 2.9GHz 24 cores,24,48,,64 GB DDR4,64,2x 240 GB (SSD SATA),480,False,5 TB @ 1 Gbps,"Tokyo, JP",Japan,JP,435,EUR,534.0,https://valebyte.com/en/servers/amd-epyc-9254-29ghz-24-cores-tokyo-jp-1/?utm_source=github&utm_medium=dataset&utm_campaign=dedicated-server-prices
AMD EPYC 9254 2.9GHz 24 cores,AMD EPYC 9254 2.9GHz 24 cores,24,48,,64 GB DDR4,64,2x 240 GB (SSD SATA),480,False,5 TB @ 1 Gbps,"Sydney, AU",Australia,AU,435,EUR,534.0,https://valebyte.com/en/servers/amd-epyc-9254-29ghz-24-cores-sydney-au-3/?utm_source=github&utm_medium=dataset&utm_campaign=dedicated-server-prices
AMD EPYC TURIN 9455 3.25GHz 64 cores,AMD EPYC TURIN 9455 3.25GHz 64 cores,64,128,,128 GB DDR5 ECC,128,2x 1.92 TB (NVME SoftRAID),3840,True,Unmetered @ 2 Gbps,"Warsaw, PL",Poland,PL,436,EUR,536.0,https://valebyte.com/en/servers/amd-epyc-turin-9455-325ghz-64-cores-warsaw-pl/?utm_source=github&utm_medium=dataset&utm_campaign=dedicated-server-prices
[Dual] Intel Xeon Silver 4214R 2.4GHz 12 cores,[Dual] Intel Xeon Silver 4214R 2.4GHz 12 cores,12,24,,128 GB DDR4,128,1 TB (SSD NVMe),1000,True,20 TB @ 10 Gbps,"Vancouver, CA",Canada,CA,436,EUR,536.0,https://valebyte.com/en/servers/dual-intel-xeon-silver-4214r-24ghz-12-cores-vancouver-ca/?utm_source=github&utm_medium=dataset&utm_campaign=dedicated-server-prices
AMD EPYC TURIN 9455 3.25GHz 64 cores,AMD EPYC TURIN 9455 3.25GHz 64 cores,64,128,,128 GB DDR5 ECC,128,2x 1.92 TB (NVME SoftRAID),3840,True,Unmetered @ 2 Gbps,"Roubaix, FR",France,FR,436,EUR,536.0,https://valebyte.com/en/servers/amd-epyc-turin-9455-325ghz-64-cores-roubaix-fr/?utm_source=github&utm_medium=dataset&utm_campaign=dedicated-server-prices
AMD EPYC TURIN 9455 3.25GHz 64 cores,AMD EPYC TURIN 9455 3.25GHz 64 cores,64,128,,128 GB DDR5 ECC,128,2x 1.92 TB (NVME SoftRAID),3840,True,Unmetered @ 2 Gbps,"Strasbourg, FR",France,FR,436,EUR,536.0,https://valebyte.com/en/servers/amd-epyc-turin-9455-325ghz-64-cores-strasbourg-fr/?utm_source=github&utm_medium=dataset&utm_campaign=dedicated-server-prices
AMD EPYC TURIN 9455 3.25GHz 64 cores,AMD EPYC TURIN 9455 3.25GHz 64 cores,64,128,,128 GB DDR5 ECC,128,2x 1.92 TB (NVME SoftRAID),3840,True,Unmetered @ 2 Gbps,"Beauharnois, CA",Canada,CA,436,EUR,536.0,https://valebyte.com/en/servers/amd-epyc-turin-9455-325ghz-64-cores-beauharnois-ca/?utm_source=github&utm_medium=dataset&utm_campaign=dedicated-server-prices
AMD EPYC TURIN 9455 3.25GHz 64 cores,AMD EPYC TURIN 9455 3.25GHz 64 cores,64,128,,128 GB DDR5 ECC,128,2x 1.92 TB (NVME SoftRAID),3840,True,Unmetered @ 2 Gbps,"Gravelines, FR",France,FR,436,EUR,536.0,https://valebyte.com/en/servers/amd-epyc-turin-9455-325ghz-64-cores-gravelines-fr/?utm_source=github&utm_medium=dataset&utm_campaign=dedicated-server-prices
AMD Ryzen 9 9950X 4.3GHz 16 cores,AMD Ryzen 9 9950X 4.3GHz 16 cores,16,32,,128 GB DDR5,128,2x 1 TB (SSD NVMe),2000,True,10 TB @ 10 Gbps,"Singapore, SG",Singapore,SG,436,EUR,536.0,https://valebyte.com/en/servers/amd-ryzen-9-9950x-43ghz-16-cores-singapore-sg/?utm_source=github&utm_medium=dataset&utm_campaign=dedicated-server-prices
AMD Ryzen 7 3700X,AMD Ryzen 7 3700X,,,,128 GB DDR4 ECC,128,2x 960 GB (NVMe) + 10x 16.0 TB (HDD),161920,True,Unmetered @ 1 Gbps,"Falkenstein, Germany",Germany,DE,437,EUR,537.0,https://valebyte.com/en/servers/amd-ryzen-7-3700x-falkenstein-germany-1/?utm_source=github&utm_medium=dataset&utm_campaign=dedicated-server-prices
Intel Xeon Gold 6312U 2.4GHz 24 cores,Intel Xeon Gold 6312U 2.4GHz 24 cores,24,48,,128 GB DDR4 ECC,128,2x 4 TB (SATA SoftRAID),8000,False,Unmetered @ 500 Mbps,"Singapore, SG",Singapore,SG,440,EUR,540.0,https://valebyte.com/en/servers/intel-xeon-gold-6312u-24ghz-24-cores-singapore-sg-1/?utm_source=github&utm_medium=dataset&utm_campaign=dedicated-server-prices
[Dual] Intel Xeon E5-2660 v3 2.6GHz 10 cores,[Dual] Intel Xeon E5-2660 v3 2.6GHz 10 cores,10,20,,128 GB DDR4,128,2x 500 GB (SSD SATA),1000,False,10 TB @ 1 Gbps,"Prague, CZ",Czechia (Czech Republic),CZ,443,EUR,544.0,https://valebyte.com/en/servers/dual-intel-xeon-e5-2660-v3-26ghz-10-cores-prague-cz/?utm_source=github&utm_medium=dataset&utm_campaign=dedicated-server-prices
AMD EPYC 9254 2.9GHz 24 cores,AMD EPYC 9254 2.9GHz 24 cores,24,48,,64 GB DDR4,64,2x 240 GB (SSD SATA),480,False,5 TB @ 1 Gbps,"Sao Paulo, BR",Brazil,BR,446,EUR,548.0,https://valebyte.com/en/servers/amd-epyc-9254-29ghz-24-cores-sao-paulo-br-1/?utm_source=github&utm_medium=dataset&utm_campaign=dedicated-server-prices
[Dual] Intel Xeon E5-2665 2.4GHz 8 cores,[Dual] Intel Xeon E5-2665 2.4GHz 8 cores,8,16,,32 GB DDR3,32,2x 1 TB (HDD SATA),2000,False,Unmetered @ 100 Mbps,"Kuala Lumpur, MY",Malaysia,MY,446,EUR,548.0,https://valebyte.com/en/servers/dual-intel-xeon-e5-2665-24ghz-8-cores-kuala-lumpur-my/?utm_source=github&utm_medium=dataset&utm_campaign=dedicated-server-prices
[Dual] Intel Xeon E5-2630 v4 2.2GHz 10 cores,[Dual] Intel Xeon E5-2630 v4 2.2GHz 10 cores,10,20,,64 GB DDR4,64,2x 3 TB (HDD SATA),6000,False,5 TB @ 1 Gbps,"Dubai, AE",United Arab Emirates,AE,447,EUR,549.0,https://valebyte.com/en/servers/dual-intel-xeon-e5-2630-v4-22ghz-10-cores-dubai-ae/?utm_source=github&utm_medium=dataset&utm_campaign=dedicated-server-prices
Intel Xeon E5-2680 v4 2.4GHz 14 cores,Intel Xeon E5-2680 v4 2.4GHz 14 cores,14,28,,64 GB DDR4,64,2x 500 GB (SSD SATA),1000,False,25 TB @ 1 Gbps,"Lima, PE",Peru,PE,447,EUR,549.0,https://valebyte.com/en/servers/intel-xeon-e5-2680-v4-24ghz-14-cores-lima-pe-1/?utm_source=github&utm_medium=dataset&utm_campaign=dedicated-server-prices
[Dual] Intel Xeon Gold 6142 2.6GHz 16 cores,[Dual] Intel Xeon Gold 6142 2.6GHz 16 cores,16,32,,256 GB DDR4,256,2x 6.33 TB (SSD NVMe),12660,True,10 TB @ 10 Gbps,"Singapore, SG",Singapore,SG,447,EUR,549.0,https://valebyte.com/en/servers/dual-intel-xeon-gold-6142-26ghz-16-cores-singapore-sg-1/?utm_source=github&utm_medium=dataset&utm_campaign=dedicated-server-prices
2x E5-2650v4,2x E5-2650v4,24,48,,128GB ECC REG DDR4 ,128,2x 250 GB (SSD),500,False,100TB @ 3Gbps,"Siauliai, LT",Lithuania,LT,558,USD,558.0,https://valebyte.com/en/servers/2x-e5-2650v4-siauliai-lt/?utm_source=github&utm_medium=dataset&utm_campaign=dedicated-server-prices
10Gbps Unmetered Special,10Gbps Unmetered Special,,,,32GB,32,1 TB (HDD),1000,False,Unmetered @ 10 Gbps,"Los Angeles, US",United States,US,559,USD,559.0,https://valebyte.com/en/servers/10gbps-unmetered-special-los-angeles-us/?utm_source=github&utm_medium=dataset&utm_campaign=dedicated-server-prices
AMD EPYC 4465P 3.4GHz 12 cores,AMD EPYC 4465P 3.4GHz 12 cores,12,24,,32 GB DDR5,32,2x 480 GB (SSD SATA),960,False,Unmetered @ 1 Gbps,"Dublin, IE",Ireland,IE,456,EUR,560.0,https://valebyte.com/en/servers/amd-epyc-4465p-34ghz-12-cores-dublin-ie/?utm_source=github&utm_medium=dataset&utm_campaign=dedicated-server-prices
AMD EPYC 4465P 3.4GHz 12 cores,AMD EPYC 4465P 3.4GHz 12 cores,12,24,,32 GB DDR5,32,2x 480 GB (SSD SATA),960,False,Unmetered @ 1 Gbps,"Copenhagen, DK",Denmark,DK,456,EUR,560.0,https://valebyte.com/en/servers/amd-epyc-4465p-34ghz-12-cores-copenhagen-dk/?utm_source=github&utm_medium=dataset&utm_campaign=dedicated-server-prices
AMD EPYC 4465P 3.4GHz 12 cores,AMD EPYC 4465P 3.4GHz 12 cores,12,24,,32 GB DDR5,32,2x 480 GB (SSD SATA),960,False,Unmetered @ 1 Gbps,"Brussels, BE",Belgium,BE,456,EUR,560.0,https://valebyte.com/en/servers/amd-epyc-4465p-34ghz-12-cores-brussels-be/?utm_source=github&utm_medium=dataset&utm_campaign=dedicated-server-prices
AMD EPYC 4465P 3.4GHz 12 cores,AMD EPYC 4465P 3.4GHz 12 cores,12,24,,32 GB DDR5,32,2x 480 GB (SSD SATA),960,False,Unmetered @ 1 Gbps,"Zagreb, HR",Croatia,HR,456,EUR,560.0,https://valebyte.com/en/servers/amd-epyc-4465p-34ghz-12-cores-zagreb-hr/?utm_source=github&utm_medium=dataset&utm_campaign=dedicated-server-prices
AMD EPYC 4465P 3.4GHz 12 cores,AMD EPYC 4465P 3.4GHz 12 cores,12,24,,32 GB DDR5,32,2x 480 GB (SSD SATA),960,False,Unmetered @ 1 Gbps,"Bucharest, RO",Romania,RO,456,EUR,560.0,https://valebyte.com/en/servers/amd-epyc-4465p-34ghz-12-cores-bucharest-ro/?utm_source=github&utm_medium=dataset&utm_campaign=dedicated-server-prices
AMD EPYC 4465P 3.4GHz 12 cores,AMD EPYC 4465P 3.4GHz 12 cores,12,24,,32 GB DDR5,32,2x 480 GB (SSD SATA),960,False,Unmetered @ 1 Gbps,"Sofia, BG",Bulgaria,BG,456,EUR,560.0,https://valebyte.com/en/servers/amd-epyc-4465p-34ghz-12-cores-sofia-bg/?utm_source=github&utm_medium=dataset&utm_campaign=dedicated-server-prices
AMD EPYC 4465P 3.4GHz 12 cores,AMD EPYC 4465P 3.4GHz 12 cores,12,24,,32 GB DDR5,32,2x 480 GB (SSD SATA),960,False,Unmetered @ 1 Gbps,"Manchester, UK",UK,UK,456,EUR,560.0,https://valebyte.com/en/servers/amd-epyc-4465p-34ghz-12-cores-manchester-uk/?utm_source=github&utm_medium=dataset&utm_campaign=dedicated-server-prices
AMD EPYC 4465P 3.4GHz 12 cores,AMD EPYC 4465P 3.4GHz 12 cores,12,24,,32 GB DDR5,32,2x 480 GB (SSD SATA),960,False,Unmetered @ 1 Gbps,"Vienna, AT",Austria,AT,456,EUR,560.0,https://valebyte.com/en/servers/amd-epyc-4465p-34ghz-12-cores-vienna-at/?utm_source=github&utm_medium=dataset&utm_campaign=dedicated-server-prices
AMD EPYC 4465P 3.4GHz 12 cores,AMD EPYC 4465P 3.4GHz 12 cores,12,24,,32 GB DDR5,32,2x 480 GB (SSD SATA),960,False,Unmetered @ 1 Gbps,"Athens, GR",Greece,GR,456,EUR,560.0,https://valebyte.com/en/servers/amd-epyc-4465p-34ghz-12-cores-athens-gr/?utm_source=github&utm_medium=dataset&utm_campaign=dedicated-server-prices
AMD EPYC 4465P 3.4GHz 12 cores,AMD EPYC 4465P 3.4GHz 12 cores,12,24,,32 GB DDR5,32,2x 480 GB (SSD SATA),960,False,Unmetered @ 1 Gbps,"Bratislava, SK",Slovakia,SK,456,EUR,560.0,https://valebyte.com/en/servers/amd-epyc-4465p-34ghz-12-cores-bratislava-sk/?utm_source=github&utm_medium=dataset&utm_campaign=dedicated-server-prices
AMD EPYC 4465P 3.4GHz 12 cores,AMD EPYC 4465P 3.4GHz 12 cores,12,24,,32 GB DDR5,32,2x 480 GB (SSD SATA),960,False,Unmetered @ 1 Gbps,"Budapest, HU",Hungary,HU,456,EUR,560.0,https://valebyte.com/en/servers/amd-epyc-4465p-34ghz-12-cores-budapest-hu/?utm_source=github&utm_medium=dataset&utm_campaign=dedicated-server-prices
[Dual] Intel Xeon E5-2620 2GHz 6 cores,[Dual] Intel Xeon E5-2620 2GHz 6 cores,6,12,,48 GB DDR3,48,512 GB (SSD SATA),512,False,Unmetered @ 100 Mbps,"Fez, MA",Morocco,MA,457,EUR,561.0,https://valebyte.com/en/servers/dual-intel-xeon-e5-2620-2ghz-6-cores-fez-ma/?utm_source=github&utm_medium=dataset&utm_campaign=dedicated-server-prices
[Dual] Intel Xeon E5-2620 2GHz 6 cores,[Dual] Intel Xeon E5-2620 2GHz 6 cores,6,12,,48 GB DDR3,48,512 GB (SSD SATA),512,False,Unmetered @ 100 Mbps,"Casablanca, MA",Morocco,MA,457,EUR,561.0,https://valebyte.com/en/servers/dual-intel-xeon-e5-2620-2ghz-6-cores-casablanca-ma/?utm_source=github&utm_medium=dataset&utm_campaign=dedicated-server-prices
[Dual] Intel Xeon E5-2620 2GHz 6 cores,[Dual] Intel Xeon E5-2620 2GHz 6 cores,6,12,,32 GB DDR3,32,500 GB (SSD SATA),500,False,Unmetered @ 100 Mbps,"Nairobi, KE",Kenya,KE,457,EUR,561.0,https://valebyte.com/en/servers/dual-intel-xeon-e5-2620-2ghz-6-cores-nairobi-ke-1/?utm_source=github&utm_medium=dataset&utm_campaign=dedicated-server-prices
AMD EPYC 7702 2GHz 64 cores,AMD EPYC 7702 2GHz 64 cores,64,128,,128 GB DDR4,128,2x 1 TB (SSD NVMe),2000,True,100 TB @ 10 Gbps,"Hong Kong, HK",Hong Kong,HK,458,EUR,563.0,https://valebyte.com/en/servers/amd-epyc-7702-2ghz-64-cores-hong-kong-hk/?utm_source=github&utm_medium=dataset&utm_campaign=dedicated-server-prices
[Dual] Intel Xeon E5-2620 v4 2GHz 8 cores,[Dual] Intel Xeon E5-2620 v4 2GHz 8 cores,8,16,,96 GB DDR4,96,4x 6 TB (HDD SAS),24000,False,Unmetered @ 100 Mbps,"Tunis, TN",Tunisia,TN,458,EUR,563.0,https://valebyte.com/en/servers/dual-intel-xeon-e5-2620-v4-2ghz-8-cores-tunis-tn-2/?utm_source=github&utm_medium=dataset&utm_campaign=dedicated-server-prices
AMD EPYC 7272,"AMD EPYC 7272, 12C/24T @ 2.9GHz",12,24,,256 GB DDR4,256,2x1.91TB (NVME),3820,True,Unmetered @ 1 Gbps,"Paris, FR",France,FR,463,EUR,569.0,https://valebyte.com/en/servers/scaleway-em-b520e-nvme-paris-fr/?utm_source=github&utm_medium=dataset&utm_campaign=dedicated-server-prices
AMD EPYC 7272,"AMD EPYC 7272, 12C/24T @ 2.9GHz",12,24,,256 GB DDR4,256,2x1.91TB (NVME),3820,True,Unmetered @ 1 Gbps,"Amsterdam, NL",Netherlands,NL,463,EUR,569.0,https://valebyte.com/en/servers/scaleway-em-b520e-nvme-amsterdam-nl/?utm_source=github&utm_medium=dataset&utm_campaign=dedicated-server-prices
AMD EPYC 7272,"AMD EPYC 7272, 12C/24T @ 2.9GHz",12,24,,256 GB DDR4,256,2x1.91TB (NVME),3820,True,Unmetered @ 1 Gbps,"Amsterdam, NL",Netherlands,NL,463,EUR,569.0,https://valebyte.com/en/servers/amd-epyc-7272-amsterdam-nl/?utm_source=github&utm_medium=dataset&utm_campaign=dedicated-server-prices
AMD EPYC 7272,"AMD EPYC 7272, 12C/24T @ 2.9GHz",12,24,,256 GB DDR4,256,2x1.91TB (NVME),3820,True,Unmetered @ 1 Gbps,"Warsaw, PL",Poland,PL,463,EUR,569.0,https://valebyte.com/en/servers/scaleway-em-b520e-nvme-warsaw-pl/?utm_source=github&utm_medium=dataset&utm_campaign=dedicated-server-prices
Intel Xeon E-2276G 3.8GHz 6 cores,Intel Xeon E-2276G 3.8GHz 6 cores,6,12,,64 GB DDR4,64,2x 960 GB (SSD NVMe),1920,True,Unmetered @ 1 Gbps,"Sofia, BG",Bulgaria,BG,467,EUR,574.0,https://valebyte.com/en/servers/intel-xeon-e-2276g-38ghz-6-cores-sofia-bg-2/?utm_source=github&utm_medium=dataset&utm_campaign=dedicated-server-prices
AMD EPYC 4244P 3.8GHz 6 cores,AMD EPYC 4244P 3.8GHz 6 cores,6,12,,64 GB DDR5,64,2x 960 GB (SSD NVMe),1920,True,20 TB @ 10 Gbps,"Tokyo, JP",Japan,JP,468,EUR,575.0,https://valebyte.com/en/servers/amd-epyc-4244p-38ghz-6-cores-tokyo-jp-1/?utm_source=github&utm_medium=dataset&utm_campaign=dedicated-server-prices
Intel Xeon Gold 6230 2.1GHz + Quadro P6000 24GB,Intel Xeon Gold 6230 2.1GHz,20,40,27069,256 GB DDR4,256,4x 1 TB SSD SATA,4000,False,200 TB @ 1 Gbps,"Helsinki, FI",Finland,FI,575,USD,575.0,https://valebyte.com/en/servers/intel-xeon-gold-6230-21ghz-quadro-p6000-24gb-helsinki-fi/?utm_source=github&utm_medium=dataset&utm_campaign=dedicated-server-prices
AMD EPYC 4244P 3.8GHz 6 cores,AMD EPYC 4244P 3.8GHz 6 cores,6,12,,64 GB DDR5,64,2x 960 GB (SSD NVMe),1920,True,20 TB @ 10 Gbps,"Singapore, SG",Singapore,SG,468,EUR,575.0,https://valebyte.com/en/servers/amd-epyc-4244p-38ghz-6-cores-singapore-sg-3/?utm_source=github&utm_medium=dataset&utm_campaign=dedicated-server-prices
AMD Ryzen 9 9950X 4.3GHz 16 cores,AMD Ryzen 9 9950X 4.3GHz 16 cores,16,32,,128 GB DDR5,128,2x 4 TB (SSD NVMe),8000,True,100 TB @ 10 Gbps,"Amsterdam, NL",Netherlands,NL,468,EUR,575.0,https://valebyte.com/en/servers/amd-ryzen-9-9950x-43ghz-16-cores-amsterdam-nl/?utm_source=github&utm_medium=dataset&utm_campaign=dedicated-server-prices
AMD EPYC 8224P 2.55GHz 24 cores,AMD EPYC 8224P 2.55GHz 24 cores,24,48,,192 GB DDR5,192,2x 1.92 TB (SSD NVMe),3840,True,Unmetered @ 1 Gbps,"Paris, FR",France,FR,468,EUR,575.0,https://valebyte.com/en/servers/amd-epyc-8224p-255ghz-24-cores-paris-fr/?utm_source=github&utm_medium=dataset&utm_campaign=dedicated-server-prices
AMD EPYC 8224P 2.55GHz 24 cores,AMD EPYC 8224P 2.55GHz 24 cores,24,48,,192 GB DDR5,192,2x 1.92 TB (SSD NVMe),3840,True,Unmetered @ 1 Gbps,"Amsterdam, NL",Netherlands,NL,468,EUR,575.0,https://valebyte.com/en/servers/amd-epyc-8224p-255ghz-24-cores-amsterdam-nl/?utm_source=github&utm_medium=dataset&utm_campaign=dedicated-server-prices
Intel Xeon Gold 6230 2.1GHz + Tesla T4 16GB,Intel Xeon Gold 6230 2.1GHz,20,40,27069,256 GB DDR4,256,4x 1 TB SSD SATA,4000,False,200 TB @ 1 Gbps,"Helsinki, FI",Finland,FI,576,USD,576.0,https://valebyte.com/en/servers/intel-xeon-gold-6230-21ghz-tesla-t4-16gb-helsinki-fi/?utm_source=github&utm_medium=dataset&utm_campaign=dedicated-server-prices
AMD EPYC 7313 3GHz 16 cores,AMD EPYC 7313 3GHz 16 cores,16,32,,128 GB DDR4,128,2x 960 GB (SSD NVMe),1920,True,25 TB @ 1 Gbps,"Mumbai, IN",India,IN,470,EUR,577.0,https://valebyte.com/en/servers/amd-epyc-7313-3ghz-16-cores-mumbai-in-1/?utm_source=github&utm_medium=dataset&utm_campaign=dedicated-server-prices
AMD Ryzen 9 9950X 4.3GHz 16 cores,AMD Ryzen 9 9950X 4.3GHz 16 cores,16,32,,128 GB DDR5,128,2x 4 TB (SSD NVMe),8000,True,10 TB @ 10 Gbps,"Singapore, SG",Singapore,SG,470,EUR,577.0,https://valebyte.com/en/servers/amd-ryzen-9-9950x-43ghz-16-cores-singapore-sg-1/?utm_source=github&utm_medium=dataset&utm_campaign=dedicated-server-prices
AMD EPYC 7413 2.65GHz 24 cores,AMD EPYC 7413 2.65GHz 24 cores,24,48,,128 GB DDR4,128,2x 960 GB (SSD NVMe),1920,True,25 TB @ 1 Gbps,"Singapore, SG",Singapore,SG,475,EUR,583.0,https://valebyte.com/en/servers/amd-epyc-7413-265ghz-24-cores-singapore-sg-2/?utm_source=github&utm_medium=dataset&utm_campaign=dedicated-server-prices
AMD EPYC 7313P 3.00GHz 16 cores,AMD EPYC 7313P 3.00GHz 16 cores,16,32,42057,256 GB DDR4,256,2 x 1.92 TB (NVMe SSD),3840,True,Unmetered @ 1 Gbps,"Paris, FR",France,FR,476,EUR,585.0,https://valebyte.com/en/servers/amd-epyc-7313p-3-00ghz-16-256gb-3840gb-paris-fr-95b233/?utm_source=github&utm_medium=dataset&utm_campaign=dedicated-server-prices
AMD EPYC 7272 2.90GHz 12 cores,AMD EPYC 7272 2.90GHz 12 cores,12,24,25568,128 GB DDR4,128,4 x 4 TB (NVMe SSD),16000,True,Unmetered @ 1 Gbps,"Paris, FR",France,FR,476,EUR,585.0,https://valebyte.com/en/servers/amd-epyc-7272-2-90ghz-12-128gb-16000gb-paris-fr-124854/?utm_source=github&utm_medium=dataset&utm_campaign=dedicated-server-prices
AMD EPYC 7313P 3.00GHz 16 cores,AMD EPYC 7313P 3.00GHz 16 cores,16,32,41609,256 GB DDR4,256,2 x 1.92 TB (NVMe),3840,True,Unmetered @ 1 Gbps,"Amsterdam, NL",Netherlands,NL,476,EUR,585.0,https://valebyte.com/en/servers/amd-epyc-7313p-3-00ghz-16-256gb-3841gb-amsterdam-nl-8e8d5d/?utm_source=github&utm_medium=dataset&utm_campaign=dedicated-server-prices
AMD EPYC 7313P 3.00GHz 16 cores,AMD EPYC 7313P 3.00GHz 16 cores,16,32,41609,256 GB DDR4,256,2 x 1.92 TB (NVMe),3840,True,Unmetered @ 1 Gbps,"Paris, FR",France,FR,476,EUR,585.0,https://valebyte.com/en/servers/amd-epyc-7313p-3-00ghz-16-256gb-3841gb-paris-fr-16a0de/?utm_source=github&utm_medium=dataset&utm_campaign=dedicated-server-prices
Intel Xeon Gold 6248R 3GHz + Tesla T4 16GB,Intel Xeon Gold 6248R 3GHz,24,48,,256 GB DDR4,256,4x 1 TB SSD SATA,4000,False,200 TB @ 1 Gbps,"Helsinki, FI",Finland,FI,589,USD,589.0,https://valebyte.com/en/servers/intel-xeon-gold-6248r-3ghz-tesla-t4-16gb-helsinki-fi/?utm_source=github&utm_medium=dataset&utm_campaign=dedicated-server-prices
[Dual] Intel Xeon Platinum 8260 2.4GHz 24 cores,[Dual] Intel Xeon Platinum 8260 2.4GHz 24 cores,24,48,,256 GB DDR4,256,4x 1 TB (SSD SATA),4000,False,200 TB @ 1 Gbps,"Helsinki, FI",Finland,FI,480,EUR,590.0,https://valebyte.com/en/servers/dual-intel-xeon-platinum-8260-24ghz-24-cores-helsinki-fi/?utm_source=github&utm_medium=dataset&utm_campaign=dedicated-server-prices
[Dual] Intel Xeon E5-2665 2.4GHz 8 cores,[Dual] Intel Xeon E5-2665 2.4GHz 8 cores,8,16,,32 GB DDR3,32,2x 500 GB (SSD SATA),1000,False,Unmetered @ 100 Mbps,"Kuala Lumpur, MY",Malaysia,MY,480,EUR,590.0,https://valebyte.com/en/servers/dual-intel-xeon-e5-2665-24ghz-8-cores-kuala-lumpur-my-1/?utm_source=github&utm_medium=dataset&utm_campaign=dedicated-server-prices
AMD Ryzen 9 7950X 4.5GHz 16 cores,AMD Ryzen 9 7950X 4.5GHz 16 cores,16,32,,128 GB DDR5,128,2x 4 TB (SSD NVMe),8000,True,100 TB @ 10 Gbps,"Frankfurt, DE",Germany,DE,480,EUR,590.0,https://valebyte.com/en/servers/amd-ryzen-9-7950x-45ghz-16-cores-frankfurt-de/?utm_source=github&utm_medium=dataset&utm_campaign=dedicated-server-prices
AMD EPYC 4465P 3.4GHz 12 cores,AMD EPYC 4465P 3.4GHz 12 cores,12,24,,32 GB DDR5,32,2x 480 GB (SSD SATA),960,False,Unmetered @ 1 Gbps,"Calgary, CA",Canada,CA,481,EUR,591.0,https://valebyte.com/en/servers/amd-epyc-4465p-34ghz-12-cores-calgary-ca/?utm_source=github&utm_medium=dataset&utm_campaign=dedicated-server-prices
AMD EPYC 4465P 3.4GHz 12 cores,AMD EPYC 4465P 3.4GHz 12 cores,12,24,,32 GB DDR5,32,2x 480 GB (SSD SATA),960,False,Unmetered @ 1 Gbps,"Vancouver, CA",Canada,CA,481,EUR,591.0,https://valebyte.com/en/servers/amd-epyc-4465p-34ghz-12-cores-vancouver-ca/?utm_source=github&utm_medium=dataset&utm_campaign=dedicated-server-prices
AMD EPYC 8224P 2.55GHz 24 cores,AMD EPYC 8224P 2.55GHz 24 cores,24,48,,96 GB DDR5,96,2x 960 GB (SSD NVMe),1920,True,25 TB @ 1 Gbps,"Singapore, SG",Singapore,SG,481,EUR,591.0,https://valebyte.com/en/servers/amd-epyc-8224p-255ghz-24-cores-singapore-sg-1/?utm_source=github&utm_medium=dataset&utm_campaign=dedicated-server-prices
Apple M4 Pro 4.50GHz 14 cores,Apple M4 Pro 4.50GHz 14 cores,14,14,,64 GB LPDDR5X,64,1 x 2.05 TB (SSD),2050,False,Unmetered @ 1 Gbps,"Paris, FR",France,FR,483,EUR,593.0,https://valebyte.com/en/servers/apple-m4-pro-4-50ghz-14-64gb-2048gb-paris-fr-9887b7/?utm_source=github&utm_medium=dataset&utm_campaign=dedicated-server-prices
AMD EPYC 9255,AMD EPYC 9255,24,48,,192GB ECC REG DDR5,192,2x 1 TB (NVMe),2000,True,100TB @ 3Gbps,"Siauliai, LT",Lithuania,LT,595,USD,595.0,https://valebyte.com/en/servers/amd-epyc-9255-siauliai-lt/?utm_source=github&utm_medium=dataset&utm_campaign=dedicated-server-prices
AMD EPYC 9255,AMD EPYC 9255,24,48,,192GB ECC REG DDR5,192,2x 1 TB (NVMe),2000,True,100TB @ 3Gbps,"Stockholm, SE",Sweden,SE,595,USD,595.0,https://valebyte.com/en/servers/amd-epyc-9255-stockholm-se/?utm_source=github&utm_medium=dataset&utm_campaign=dedicated-server-prices
AMD EPYC 9255,AMD EPYC 9255,24,48,,192GB ECC REG DDR5,192,2x 1 TB (NVMe),2000,True,100TB @ 3Gbps,"Chicago, US",United States,US,595,USD,595.0,https://valebyte.com/en/servers/amd-epyc-9255-chicago-us/?utm_source=github&utm_medium=dataset&utm_campaign=dedicated-server-prices
AMD EPYC 9255,AMD EPYC 9255,24,48,,192GB ECC REG DDR5,192,2x 1 TB (NVMe),2000,True,100TB @ 3Gbps,"Amsterdam, NL",Netherlands,NL,595,USD,595.0,https://valebyte.com/en/servers/amd-epyc-9255-amsterdam-nl/?utm_source=github&utm_medium=dataset&utm_campaign=dedicated-server-prices
AMD EPYC 8224P 2.55GHz 24 cores,AMD EPYC 8224P 2.55GHz 24 cores,24,48,,96 GB DDR5,96,2x 960 GB (SSD NVMe),1920,True,25 TB @ 1 Gbps,"Sydney, AU",Australia,AU,492,EUR,604.0,https://valebyte.com/en/servers/amd-epyc-8224p-255ghz-24-cores-sydney-au-1/?utm_source=github&utm_medium=dataset&utm_campaign=dedicated-server-prices
AMD EPYC 7502P 2.5GHz 32 cores,AMD EPYC 7502P 2.5GHz 32 cores,32,64,,256 GB DDR4,256,2x 4 TB (SSD NVMe),8000,True,100 TB @ 10 Gbps,"Frankfurt, DE",Germany,DE,492,EUR,604.0,https://valebyte.com/en/servers/amd-epyc-7502p-25ghz-32-cores-frankfurt-de/?utm_source=github&utm_medium=dataset&utm_campaign=dedicated-server-prices
AMD EPYC 8224P 2.55GHz 24 cores,AMD EPYC 8224P 2.55GHz 24 cores,24,48,,96 GB DDR5,96,2x 960 GB (SSD NVMe),1920,True,Unmetered @ 3 Gbps,"Montreal, CA",Canada,CA,497,EUR,610.0,https://valebyte.com/en/servers/amd-epyc-8224p-255ghz-24-cores-montreal-ca/?utm_source=github&utm_medium=dataset&utm_campaign=dedicated-server-prices
[Dual] Intel Xeon Gold 6254 3.1GHz 18 cores,[Dual] Intel Xeon Gold 6254 3.1GHz 18 cores,18,36,,256 GB DDR4,256,2x 2 TB (SSD NVMe),4000,True,10 TB @ 1 Gbps,"Pune, IN",India,IN,503,EUR,618.0,https://valebyte.com/en/servers/dual-intel-xeon-gold-6254-31ghz-18-cores-pune-in/?utm_source=github&utm_medium=dataset&utm_campaign=dedicated-server-prices
[Dual] Intel Xeon Gold 6254 3.1GHz 18 cores,[Dual] Intel Xeon Gold 6254 3.1GHz 18 cores,18,36,,256 GB DDR4,256,2x 2 TB (SSD NVMe),4000,True,10 TB @ 1 Gbps,"New Delhi, IN",India,IN,503,EUR,618.0,https://valebyte.com/en/servers/dual-intel-xeon-gold-6254-31ghz-18-cores-new-delhi-in/?utm_source=github&utm_medium=dataset&utm_campaign=dedicated-server-prices
[Dual] Intel Xeon Bronze 3106 1.7GHz 8 cores,[Dual] Intel Xeon Bronze 3106 1.7GHz 8 cores,8,16,,64 GB DDR4,64,1 TB (SSD SATA) & 1 TB (HDD SATA),2000,False,25 TB @ 1 Gbps,"Reykjavik, IS",Iceland,IS,503,EUR,618.0,https://valebyte.com/en/servers/dual-intel-xeon-bronze-3106-17ghz-8-cores-reykjavik-is/?utm_source=github&utm_medium=dataset&utm_campaign=dedicated-server-prices
Intel Xeon E-2234 3.6GHz 4 cores,Intel Xeon E-2234 3.6GHz 4 cores,4,8,,16 GB DDR4,16,2x 480 GB (SSD SATA),960,False,Unmetered @ 1 Gbps,"Bangkok, TH",Thailand,TH,503,EUR,618.0,https://valebyte.com/en/servers/intel-xeon-e-2234-36ghz-4-cores-bangkok-th/?utm_source=github&utm_medium=dataset&utm_campaign=dedicated-server-prices
[Dual] Intel Xeon Gold 6254 3.1GHz 18 cores,[Dual] Intel Xeon Gold 6254 3.1GHz 18 cores,18,36,,256 GB DDR4,256,2x 2 TB (SSD NVMe),4000,True,10 TB @ 1 Gbps,"Mumbai, IN",India,IN,503,EUR,618.0,https://valebyte.com/en/servers/dual-intel-xeon-gold-6254-31ghz-18-cores-mumbai-in/?utm_source=github&utm_medium=dataset&utm_campaign=dedicated-server-prices
[Dual] Intel Xeon E5-2680 v4 2.4GHz 14 cores,[Dual] Intel Xeon E5-2680 v4 2.4GHz 14 cores,14,28,,64 GB DDR4,64,2x 500 GB (SSD SATA),1000,False,20 TB @ 1 Gbps,"Bogota, CO",Colombia,CO,503,EUR,618.0,https://valebyte.com/en/servers/dual-intel-xeon-e5-2680-v4-24ghz-14-cores-bogota-co/?utm_source=github&utm_medium=dataset&utm_campaign=dedicated-server-prices
[Dual] Intel Xeon E5-2650 v4 2.2GHz 12 cores,[Dual] Intel Xeon E5-2650 v4 2.2GHz 12 cores,12,24,,256 GB DDR4,256,2x 960 GB (SSD SATA),1920,False,Unmetered @ 100 Mbps,"Tunis, TN",Tunisia,TN,503,EUR,618.0,https://valebyte.com/en/servers/dual-intel-xeon-e5-2650-v4-22ghz-12-cores-tunis-tn/?utm_source=github&utm_medium=dataset&utm_campaign=dedicated-server-prices
AMD Ryzen 9 7950X 4.5GHz 16 cores,AMD Ryzen 9 7950X 4.5GHz 16 cores,16,32,,32 GB DDR5,32,500 GB (SSD SATA),500,False,Unmetered @ 1 Gbps,"Budapest, HU",Hungary,HU,503,EUR,618.0,https://valebyte.com/en/servers/amd-ryzen-9-7950x-45ghz-16-cores-budapest-hu/?utm_source=github&utm_medium=dataset&utm_campaign=dedicated-server-prices
Intel Xeon Silver 4208 2.1GHz 8 cores,Intel Xeon Silver 4208 2.1GHz 8 cores,8,16,,64 GB DDR4,64,2x 480 GB (SSD SATA),960,False,20 TB @ 1 Gbps,"San Salvador, SV",El Salvador,SV,503,EUR,618.0,https://valebyte.com/en/servers/intel-xeon-silver-4208-21ghz-8-cores-san-salvador-sv/?utm_source=github&utm_medium=dataset&utm_campaign=dedicated-server-prices
Intel Xeon Silver 4214R 2.40GHz 2x 24 cores,Intel Xeon Silver 4214R 2.40GHz 2x 24 cores,24,48,29007,192 GB DDR4,192,2 x 1.92 TB (NVMe SSD),3840,True,Unmetered @ 1 Gbps,"Amsterdam, NL",Netherlands,NL,504,EUR,619.0,https://valebyte.com/en/servers/intel-xeon-silver-4214r-2-40ghz-2x-24-192gb-3840gb-amsterdam-nl-99fa47/?utm_source=github&utm_medium=dataset&utm_campaign=dedicated-server-prices
AMD EPYC 7302P 3.00GHz 16 cores,AMD EPYC 7302P 3.00GHz 16 cores,16,32,32818,256 GB DDR4,256,2 x 1.92 TB (NVMe SSD),3840,True,Unmetered @ 1 Gbps,"Amsterdam, NL",Netherlands,NL,504,EUR,619.0,https://valebyte.com/en/servers/amd-epyc-7302p-3-00ghz-16-256gb-3840gb-amsterdam-nl-4ca3cc/?utm_source=github&utm_medium=dataset&utm_campaign=dedicated-server-prices
Intel Xeon Silver 4214R 2.40GHz 2x 24 cores,Intel Xeon Silver 4214R 2.40GHz 2x 24 cores,24,48,29007,192 GB DDR4,192,2 x 1.92 TB (NVMe SSD),3840,True,Unmetered @ 1 Gbps,"Paris, FR",France,FR,504,EUR,619.0,https://valebyte.com/en/servers/intel-xeon-silver-4214r-2-40ghz-2x-24-192gb-3840gb-paris-fr-df00c5/?utm_source=github&utm_medium=dataset&utm_campaign=dedicated-server-prices
[Dual] Intel Xeon Gold 5218 2.3GHz 16 cores,[Dual] Intel Xeon Gold 5218 2.3GHz 16 cores,16,32,,64 GB DDR4,64,4x 6 TB (HDD SATA),24000,False,5 TB @ 1 Gbps,"Copenhagen, DK",Denmark,DK,504,EUR,619.0,https://valebyte.com/en/servers/dual-intel-xeon-gold-5218-23ghz-16-cores-copenhagen-dk/?utm_source=github&utm_medium=dataset&utm_campaign=dedicated-server-prices
AMD EPYC 7302P 3.00GHz 16 cores,AMD EPYC 7302P 3.00GHz 16 cores,16,32,32818,256 GB DDR4,256,2 x 1.92 TB (NVMe SSD),3840,True,Unmetered @ 1 Gbps,"Paris, FR",France,FR,504,EUR,619.0,https://valebyte.com/en/servers/amd-epyc-7302p-3-00ghz-16-256gb-3840gb-paris-fr-cad815/?utm_source=github&utm_medium=dataset&utm_campaign=dedicated-server-prices
AMD EPYC 4244P 3.8GHz 6 cores,AMD EPYC 4244P 3.8GHz 6 cores,6,12,,64 GB DDR5,64,2x 960 GB (SSD NVMe),1920,True,20 TB @ 10 Gbps,"Sydney, AU",Australia,AU,508,EUR,624.0,https://valebyte.com/en/servers/amd-epyc-4244p-38ghz-6-cores-sydney-au-2/?utm_source=github&utm_medium=dataset&utm_campaign=dedicated-server-prices
AMD EPYC 7313 3GHz 16 cores,AMD EPYC 7313 3GHz 16 cores,16,32,,64 GB DDR4,64,2x 960 GB (SSD NVMe),1920,True,15 TB @ 1 Gbps,"New Delhi, IN",India,IN,509,EUR,625.0,https://valebyte.com/en/servers/amd-epyc-7313-3ghz-16-cores-new-delhi-in/?utm_source=github&utm_medium=dataset&utm_campaign=dedicated-server-prices
AMD EPYC 7313 3GHz 16 cores,AMD EPYC 7313 3GHz 16 cores,16,32,,64 GB DDR4,64,2x 960 GB (SSD NVMe),1920,True,15 TB @ 1 Gbps,"Mumbai, IN",India,IN,509,EUR,625.0,https://valebyte.com/en/servers/amd-epyc-7313-3ghz-16-cores-mumbai-in/?utm_source=github&utm_medium=dataset&utm_campaign=dedicated-server-prices
AMD EPYC 7313 3GHz 16 cores,AMD EPYC 7313 3GHz 16 cores,16,32,,64 GB DDR4,64,2x 960 GB (SSD NVMe),1920,True,15 TB @ 1 Gbps,"Pune, IN",India,IN,509,EUR,625.0,https://valebyte.com/en/servers/amd-epyc-7313-3ghz-16-cores-pune-in/?utm_source=github&utm_medium=dataset&utm_campaign=dedicated-server-prices
[Dual] Intel Xeon E5-2620 v3 2.4GHz 6 cores,[Dual] Intel Xeon E5-2620 v3 2.4GHz 6 cores,6,12,,96 GB DDR4,96,24x 1 TB (SSD SATA),24000,False,Unmetered @ 1 Gbps,"Paris, FR",France,FR,510,EUR,626.0,https://valebyte.com/en/servers/dual-intel-xeon-e5-2620-v3-24ghz-6-cores-paris-fr-2/?utm_source=github&utm_medium=dataset&utm_campaign=dedicated-server-prices
2x E5-2670v3,2x E5-2670v3,24,48,,128GB ECC REG DDR4 ,128,2x 250 GB (SSD),500,False,100TB @ 3Gbps,"Siauliai, LT",Lithuania,LT,629,USD,629.0,https://valebyte.com/en/servers/2x-e5-2670v3-siauliai-lt/?utm_source=github&utm_medium=dataset&utm_campaign=dedicated-server-prices
AMD Ryzen 9 7900 3.7GHz 12 cores,AMD Ryzen 9 7900 3.7GHz 12 cores,12,24,,64 GB DDR5,64,2x 240 GB (SSD SATA),480,False,5 TB @ 1 Gbps,"Dubai, AE",United Arab Emirates,AE,513,EUR,630.0,https://valebyte.com/en/servers/amd-ryzen-9-7900-37ghz-12-cores-dubai-ae/?utm_source=github&utm_medium=dataset&utm_campaign=dedicated-server-prices
Intel Xeon Silver 4214 2.2GHz 12 cores,Intel Xeon Silver 4214 2.2GHz 12 cores,12,24,,64 GB DDR4,64,2x 480 GB (SSD SATA),960,False,20 TB @ 1 Gbps,"Asuncion, PY",Paraguay,PY,514,EUR,631.0,https://valebyte.com/en/servers/intel-xeon-silver-4214-22ghz-12-cores-asuncion-py/?utm_source=github&utm_medium=dataset&utm_campaign=dedicated-server-prices
Intel Xeon Silver 4208 2.1GHz 8 cores,Intel Xeon Silver 4208 2.1GHz 8 cores,8,16,,64 GB DDR4,64,2x 500 GB (SSD SATA),1000,False,25 TB @ 1 Gbps,"Lima, PE",Peru,PE,514,EUR,631.0,https://valebyte.com/en/servers/intel-xeon-silver-4208-21ghz-8-cores-lima-pe/?utm_source=github&utm_medium=dataset&utm_campaign=dedicated-server-prices
[Dual] Intel Xeon Silver 4114 2.2GHz 10 cores,[Dual] Intel Xeon Silver 4114 2.2GHz 10 cores,10,20,,128 GB DDR4,128,2x 480 GB (SSD SATA),960,False,100 TB @ 10 Gbps,"Riga, LV",Latvia,LV,515,EUR,632.0,https://valebyte.com/en/servers/dual-intel-xeon-silver-4114-22ghz-10-cores-riga-lv/?utm_source=github&utm_medium=dataset&utm_campaign=dedicated-server-prices
[Dual] Intel Xeon Gold 6140 2.3GHz 18 cores,[Dual] Intel Xeon Gold 6140 2.3GHz 18 cores,18,36,,256 GB DDR4,256,500 GB (SSD SATA),500,False,Unmetered @ 1 Gbps,"Budapest, HU",Hungary,HU,515,EUR,632.0,https://valebyte.com/en/servers/dual-intel-xeon-gold-6140-23ghz-18-cores-budapest-hu/?utm_source=github&utm_medium=dataset&utm_campaign=dedicated-server-prices
AMD EPYC 4584PX 4.2GHz 16 cores,AMD EPYC 4584PX 4.2GHz 16 cores,16,32,,32 GB DDR5,32,2x 480 GB (SSD SATA),960,False,Unmetered @ 1 Gbps,"Copenhagen, DK",Denmark,DK,516,EUR,634.0,https://valebyte.com/en/servers/amd-epyc-4584px-42ghz-16-cores-copenhagen-dk/?utm_source=github&utm_medium=dataset&utm_campaign=dedicated-server-prices
AMD EPYC 4584PX 4.2GHz 16 cores,AMD EPYC 4584PX 4.2GHz 16 cores,16,32,,32 GB DDR5,32,2x 480 GB (SSD SATA),960,False,Unmetered @ 1 Gbps,"Brussels, BE",Belgium,BE,516,EUR,634.0,https://valebyte.com/en/servers/amd-epyc-4584px-42ghz-16-cores-brussels-be/?utm_source=github&utm_medium=dataset&utm_campaign=dedicated-server-prices
AMD EPYC 4584PX 4.2GHz 16 cores,AMD EPYC 4584PX 4.2GHz 16 cores,16,32,,32 GB DDR5,32,2x 480 GB (SSD SATA),960,False,Unmetered @ 1 Gbps,"Bucharest, RO",Romania,RO,516,EUR,634.0,https://valebyte.com/en/servers/amd-epyc-4584px-42ghz-16-cores-bucharest-ro/?utm_source=github&utm_medium=dataset&utm_campaign=dedicated-server-prices
AMD EPYC 7313P 3GHz 16 cores,AMD EPYC 7313P 3GHz 16 cores,16,32,,256 GB DDR4,256,2x 1.92 TB (SSD NVMe),3840,True,Unmetered @ 1 Gbps,"Amsterdam, NL",Netherlands,NL,516,EUR,634.0,https://valebyte.com/en/servers/amd-epyc-7313p-3ghz-16-cores-amsterdam-nl/?utm_source=github&utm_medium=dataset&utm_campaign=dedicated-server-prices
AMD EPYC 4584PX 4.2GHz 16 cores,AMD EPYC 4584PX 4.2GHz 16 cores,16,32,,32 GB DDR5,32,2x 480 GB (SSD SATA),960,False,Unmetered @ 1 Gbps,"Manchester, UK",UK,UK,516,EUR,634.0,https://valebyte.com/en/servers/amd-epyc-4584px-42ghz-16-cores-manchester-uk/?utm_source=github&utm_medium=dataset&utm_campaign=dedicated-server-prices
AMD EPYC 4584PX 4.2GHz 16 cores,AMD EPYC 4584PX 4.2GHz 16 cores,16,32,,32 GB DDR5,32,2x 480 GB (SSD SATA),960,False,Unmetered @ 1 Gbps,"Dublin, IE",Ireland,IE,516,EUR,634.0,https://valebyte.com/en/servers/amd-epyc-4584px-42ghz-16-cores-dublin-ie/?utm_source=github&utm_medium=dataset&utm_campaign=dedicated-server-prices
AMD EPYC 4584PX 4.2GHz 16 cores,AMD EPYC 4584PX 4.2GHz 16 cores,16,32,,32 GB DDR5,32,2x 480 GB (SSD SATA),960,False,Unmetered @ 1 Gbps,"Athens, GR",Greece,GR,516,EUR,634.0,https://valebyte.com/en/servers/amd-epyc-4584px-42ghz-16-cores-athens-gr/?utm_source=github&utm_medium=dataset&utm_campaign=dedicated-server-prices
AMD EPYC 4584PX 4.2GHz 16 cores,AMD EPYC 4584PX 4.2GHz 16 cores,16,32,,32 GB DDR5,32,2x 480 GB (SSD SATA),960,False,Unmetered @ 1 Gbps,"Sofia, BG",Bulgaria,BG,516,EUR,634.0,https://valebyte.com/en/servers/amd-epyc-4584px-42ghz-16-cores-sofia-bg/?utm_source=github&utm_medium=dataset&utm_campaign=dedicated-server-prices
AMD EPYC 4584PX 4.2GHz 16 cores,AMD EPYC 4584PX 4.2GHz 16 cores,16,32,,32 GB DDR5,32,2x 480 GB (SSD SATA),960,False,Unmetered @ 1 Gbps,"Budapest, HU",Hungary,HU,516,EUR,634.0,https://valebyte.com/en/servers/amd-epyc-4584px-42ghz-16-cores-budapest-hu/?utm_source=github&utm_medium=dataset&utm_campaign=dedicated-server-prices
AMD EPYC 4584PX 4.2GHz 16 cores,AMD EPYC 4584PX 4.2GHz 16 cores,16,32,,32 GB DDR5,32,2x 480 GB (SSD SATA),960,False,Unmetered @ 1 Gbps,"Bratislava, SK",Slovakia,SK,516,EUR,634.0,https://valebyte.com/en/servers/amd-epyc-4584px-42ghz-16-cores-bratislava-sk/?utm_source=github&utm_medium=dataset&utm_campaign=dedicated-server-prices
AMD EPYC 4584PX 4.2GHz 16 cores,AMD EPYC 4584PX 4.2GHz 16 cores,16,32,,32 GB DDR5,32,2x 480 GB (SSD SATA),960,False,Unmetered @ 1 Gbps,"Zagreb, HR",Croatia,HR,516,EUR,634.0,https://valebyte.com/en/servers/amd-epyc-4584px-42ghz-16-cores-zagreb-hr/?utm_source=github&utm_medium=dataset&utm_campaign=dedicated-server-prices
AMD EPYC 4584PX 4.2GHz 16 cores,AMD EPYC 4584PX 4.2GHz 16 cores,16,32,,32 GB DDR5,32,2x 480 GB (SSD SATA),960,False,Unmetered @ 1 Gbps,"Vienna, AT",Austria,AT,516,EUR,634.0,https://valebyte.com/en/servers/amd-epyc-4584px-42ghz-16-cores-vienna-at/?utm_source=github&utm_medium=dataset&utm_campaign=dedicated-server-prices
AMD EPYC 7313P 3GHz 16 cores,AMD EPYC 7313P 3GHz 16 cores,16,32,,256 GB DDR4,256,2x 1.92 TB (SSD NVMe),3840,True,Unmetered @ 1 Gbps,"Paris, FR",France,FR,516,EUR,634.0,https://valebyte.com/en/servers/amd-epyc-7313p-3ghz-16-cores-paris-fr-2/?utm_source=github&utm_medium=dataset&utm_campaign=dedicated-server-prices
Intel Xeon Gold 6248R 3GHz + Quadro P6000 24GB,Intel Xeon Gold 6248R 3GHz,24,48,,256 GB DDR4,256,4x 1 TB SSD SATA,4000,False,200 TB @ 1 Gbps,"Helsinki, FI",Finland,FI,636,USD,636.0,https://valebyte.com/en/servers/intel-xeon-gold-6248r-3ghz-quadro-p6000-24gb-helsinki-fi/?utm_source=github&utm_medium=dataset&utm_campaign=dedicated-server-prices
Intel Xeon Gold 6230 2.1GHz + 2x Tesla T4 32GB,Intel Xeon Gold 6230 2.1GHz,20,40,27069,256 GB DDR4,256,4x 1 TB SSD SATA,4000,False,200 TB @ 1 Gbps,"Helsinki, FI",Finland,FI,636,USD,636.0,https://valebyte.com/en/servers/intel-xeon-gold-6230-21ghz-2x-tesla-t4-32gb-helsinki-fi/?utm_source=github&utm_medium=dataset&utm_campaign=dedicated-server-prices
Intel Xeon E5 2620v3 2.40GHz 2x 12 cores,Intel Xeon E5 2620v3 2.40GHz 2x 12 cores,12,24,13411,96 GB DDR4,96,24 x 1 TB (SATA SSD),24000,False,Unmetered @ 500 Mbps,"Paris, FR",France,FR,519,EUR,637.0,https://valebyte.com/en/servers/intel-xeon-e5-2620v3-2-40ghz-2x-12-96gb-24000gb-paris-fr-f8ee3f/?utm_source=github&utm_medium=dataset&utm_campaign=dedicated-server-prices
[Dual] Intel Xeon E5-2620 2GHz 6 cores,[Dual] Intel Xeon E5-2620 2GHz 6 cores,6,12,,64 GB DDR3,64,4x 450 GB (HDD SAS),1800,False,Unmetered @ 100 Mbps,"Casablanca, MA",Morocco,MA,524,EUR,644.0,https://valebyte.com/en/servers/dual-intel-xeon-e5-2620-2ghz-6-cores-casablanca-ma-1/?utm_source=github&utm_medium=dataset&utm_campaign=dedicated-server-prices
[Dual] Intel Xeon E5-2660 v2 2.2GHz 10 cores,[Dual] Intel Xeon E5-2660 v2 2.2GHz 10 cores,10,20,,32 GB DDR3,32,2x 480 GB (SSD SATA),960,False,Unmetered @ 100 Mbps,"Taipei, TW",Taiwan,TW,524,EUR,644.0,https://valebyte.com/en/servers/dual-intel-xeon-e5-2660-v2-22ghz-10-cores-taipei-tw/?utm_source=github&utm_medium=dataset&utm_campaign=dedicated-server-prices
[Dual] Intel Xeon E5-2620 2GHz 6 cores,[Dual] Intel Xeon E5-2620 2GHz 6 cores,6,12,,64 GB DDR3,64,4x 450 GB (HDD SAS),1800,False,Unmetered @ 100 Mbps,"Fez, MA",Morocco,MA,524,EUR,644.0,https://valebyte.com/en/servers/dual-intel-xeon-e5-2620-2ghz-6-cores-fez-ma-1/?utm_source=github&utm_medium=dataset&utm_campaign=dedicated-server-prices
[Dual] Intel Xeon Gold 5218 2.3GHz 16 cores,[Dual] Intel Xeon Gold 5218 2.3GHz 16 cores,16,32,,64 GB DDR4,64,4x 6 TB (HDD SATA),24000,False,5 TB @ 1 Gbps,"Hong Kong, HK",Hong Kong,HK,525,EUR,645.0,https://valebyte.com/en/servers/dual-intel-xeon-gold-5218-23ghz-16-cores-hong-kong-hk/?utm_source=github&utm_medium=dataset&utm_campaign=dedicated-server-prices
AMD Ryzen 9 5900X 3.7GHz 12 cores,AMD Ryzen 9 5900X 3.7GHz 12 cores,12,24,,64 GB DDR4,64,1.92 TB (SSD NVMe),1920,True,30 TB @ 1 Gbps,"Chisinau, MD",Moldova,MD,528,EUR,648.0,https://valebyte.com/en/servers/amd-ryzen-9-5900x-37ghz-12-cores-chisinau-md/?utm_source=github&utm_medium=dataset&utm_campaign=dedicated-server-prices
Intel Xeon Platinum 8260 2.4GHz + Tesla T4 16GB,Intel Xeon Platinum 8260 2.4GHz,24,48,,256 GB DDR4,256,4x 1 TB SSD SATA,4000,False,200 TB @ 1 Gbps,"Helsinki, FI",Finland,FI,649,USD,649.0,https://valebyte.com/en/servers/intel-xeon-platinum-8260-24ghz-tesla-t4-16gb-helsinki-fi/?utm_source=github&utm_medium=dataset&utm_campaign=dedicated-server-prices
10Gbps Unmetered Special,10Gbps Unmetered Special,,,,32GB,32,1 TB (HDD),1000,False,Unmetered @ 10 Gbps,"Dallas, US",United States,US,653,USD,653.0,https://valebyte.com/en/servers/10gbps-unmetered-special-dallas-us/?utm_source=github&utm_medium=dataset&utm_campaign=dedicated-server-prices
AMD EPYC 7272 2.90GHz 12 cores,AMD EPYC 7272 2.90GHz 12 cores,12,24,25568,128 GB DDR4,128,4 x 4 TB (NVMe),16000,True,Unmetered @ 1 Gbps,"Paris, FR",France,FR,533,EUR,655.0,https://valebyte.com/en/servers/amd-epyc-7272-2-90ghz-12-128gb-16003gb-paris-fr-46f5e8/?utm_source=github&utm_medium=dataset&utm_campaign=dedicated-server-prices
[Dual] Intel Xeon E5-2665 2.4GHz 8 cores,[Dual] Intel Xeon E5-2665 2.4GHz 8 cores,8,16,,64 GB DDR3,64,2x 500 GB (SSD SATA),1000,False,Unmetered @ 100 Mbps,"Kuala Lumpur, MY",Malaysia,MY,535,EUR,657.0,https://valebyte.com/en/servers/dual-intel-xeon-e5-2665-24ghz-8-cores-kuala-lumpur-my-2/?utm_source=github&utm_medium=dataset&utm_campaign=dedicated-server-prices
AMD EPYC 7642 2.3GHz 48 cores,AMD EPYC 7642 2.3GHz 48 cores,48,96,,128 GB DDR4,128,1 TB (SSD NVMe),1000,True,20 TB @ 10 Gbps,"Vancouver, CA",Canada,CA,537,EUR,659.0,https://valebyte.com/en/servers/amd-epyc-7642-23ghz-48-cores-vancouver-ca/?utm_source=github&utm_medium=dataset&utm_campaign=dedicated-server-prices
[Dual] Intel Xeon Silver 4214R 2.4GHz 12 cores,[Dual] Intel Xeon Silver 4214R 2.4GHz 12 cores,12,24,,64 GB DDR4,64,2x 480 GB (SSD SATA),960,False,30 TB @ 1 Gbps,"Kyiv, UA",Ukraine,UA,539,EUR,662.0,https://valebyte.com/en/servers/dual-intel-xeon-silver-4214r-24ghz-12-cores-kyiv-ua/?utm_source=github&utm_medium=dataset&utm_campaign=dedicated-server-prices
AMD EPYC 7313P 3GHz 16 cores,AMD EPYC 7313P 3GHz 16 cores,16,32,,128 GB DDR4,128,6x 1.92 TB (SSD NVMe),11520,True,Unmetered @ 10 Gbps,"Paris, FR",France,FR,540,EUR,663.0,https://valebyte.com/en/servers/amd-epyc-7313p-3ghz-16-cores-paris-fr/?utm_source=github&utm_medium=dataset&utm_campaign=dedicated-server-prices
AMD Ryzen 9 7950X3D,AMD Ryzen 9 7950X3D,,,,128 GB DDR5 ECC,128,2x 1.9 TB (NVMe),3800,True,Unmetered @ 1 Gbps,"Nuremberg, Germany",Germany,DE,544,EUR,668.0,https://valebyte.com/en/servers/amd-ryzen-9-7950x3d-nuremberg-germany-1/?utm_source=github&utm_medium=dataset&utm_campaign=dedicated-server-prices
AMD EPYC 4244P 3.8GHz 6 cores,AMD EPYC 4244P 3.8GHz 6 cores,6,12,,64 GB DDR5,64,2x 960 GB (SSD NVMe),1920,True,20 TB @ 10 Gbps,"Mexico City, MX",Mexico,MX,547,EUR,672.0,https://valebyte.com/en/servers/amd-epyc-4244p-38ghz-6-cores-mexico-city-mx/?utm_source=github&utm_medium=dataset&utm_campaign=dedicated-server-prices
AMD EPYC 4584PX 4.2GHz 16 cores,AMD EPYC 4584PX 4.2GHz 16 cores,16,32,,64 GB DDR5,64,2x 240 GB (SSD SATA),480,False,5 TB @ 1 Gbps,"Dubai, AE",United Arab Emirates,AE,547,EUR,672.0,https://valebyte.com/en/servers/amd-epyc-4584px-42ghz-16-cores-dubai-ae/?utm_source=github&utm_medium=dataset&utm_campaign=dedicated-server-prices
AMD EPYC 4244P 3.8GHz 6 cores,AMD EPYC 4244P 3.8GHz 6 cores,6,12,,64 GB DDR5,64,2x 960 GB (SSD NVMe),1920,True,20 TB @ 10 Gbps,"Sao Paulo, BR",Brazil,BR,547,EUR,672.0,https://valebyte.com/en/servers/amd-epyc-4244p-38ghz-6-cores-sao-paulo-br/?utm_source=github&utm_medium=dataset&utm_campaign=dedicated-server-prices
AMD EPYC 4244P 3.8GHz 6 cores,AMD EPYC 4244P 3.8GHz 6 cores,6,12,,64 GB DDR5,64,2x 960 GB (SSD NVMe),1920,True,20 TB @ 10 Gbps,"Buenos Aires, AR",Argentina,AR,547,EUR,672.0,https://valebyte.com/en/servers/amd-epyc-4244p-38ghz-6-cores-buenos-aires-ar/?utm_source=github&utm_medium=dataset&utm_campaign=dedicated-server-prices
AMD EPYC 4584PX 4.2GHz 16 cores,AMD EPYC 4584PX 4.2GHz 16 cores,16,32,,32 GB DDR5,32,2x 480 GB (SSD SATA),960,False,Unmetered @ 1 Gbps,"Vancouver, CA",Canada,CA,548,EUR,673.0,https://valebyte.com/en/servers/amd-epyc-4584px-42ghz-16-cores-vancouver-ca/?utm_source=github&utm_medium=dataset&utm_campaign=dedicated-server-prices
AMD EPYC 4584PX 4.2GHz 16 cores,AMD EPYC 4584PX 4.2GHz 16 cores,16,32,,32 GB DDR5,32,2x 480 GB (SSD SATA),960,False,Unmetered @ 1 Gbps,"Calgary, CA",Canada,CA,548,EUR,673.0,https://valebyte.com/en/servers/amd-epyc-4584px-42ghz-16-cores-calgary-ca/?utm_source=github&utm_medium=dataset&utm_campaign=dedicated-server-prices
AMD EPYC 7232P,"AMD EPYC 7232P, 8C/16T @ 3.1GHz",8,16,,64 GB DDR4,64,4x1.91TB (NVME),7640,True,Unmetered @ 1 Gbps,"Paris, FR",France,FR,551,EUR,677.0,https://valebyte.com/en/servers/amd-epyc-7232p-paris-fr-2/?utm_source=github&utm_medium=dataset&utm_campaign=dedicated-server-prices
AMD EPYC 7232P,"AMD EPYC 7232P, 8C/16T @ 3.1GHz",8,16,,64 GB DDR4,64,4x1.91TB (NVME),7640,True,Unmetered @ 1 Gbps,"Paris, FR",France,FR,551,EUR,677.0,https://valebyte.com/en/servers/scaleway-em-l220e-nvme-paris-fr/?utm_source=github&utm_medium=dataset&utm_campaign=dedicated-server-prices
[Dual] Intel Xeon Gold 5218 2.3GHz 16 cores,[Dual] Intel Xeon Gold 5218 2.3GHz 16 cores,16,32,,64 GB DDR4,64,4x 6 TB (HDD SATA),24000,False,5 TB @ 1 Gbps,"Barcelona, ES",Spain,ES,552,EUR,678.0,https://valebyte.com/en/servers/dual-intel-xeon-gold-5218-23ghz-16-cores-barcelona-es/?utm_source=github&utm_medium=dataset&utm_campaign=dedicated-server-prices
[Dual] Intel Xeon Gold 5218 2.3GHz 16 cores,[Dual] Intel Xeon Gold 5218 2.3GHz 16 cores,16,32,,64 GB DDR4,64,4x 6 TB (HDD SATA),24000,False,5 TB @ 1 Gbps,"Stockholm, SE",Sweden,SE,552,EUR,678.0,https://valebyte.com/en/servers/dual-intel-xeon-gold-5218-23ghz-16-cores-stockholm-se/?utm_source=github&utm_medium=dataset&utm_campaign=dedicated-server-prices
[Dual] Intel Xeon Gold 5218 2.3GHz 16 cores,[Dual] Intel Xeon Gold 5218 2.3GHz 16 cores,16,32,,64 GB DDR4,64,4x 6 TB (HDD SATA),24000,False,5 TB @ 1 Gbps,"Sao Paulo, BR",Brazil,BR,552,EUR,678.0,https://valebyte.com/en/servers/dual-intel-xeon-gold-5218-23ghz-16-cores-sao-paulo-br-1/?utm_source=github&utm_medium=dataset&utm_campaign=dedicated-server-prices
[Dual] Intel Xeon Gold 5218 2.3GHz 16 cores,[Dual] Intel Xeon Gold 5218 2.3GHz 16 cores,16,32,,64 GB DDR4,64,4x 6 TB (HDD SATA),24000,False,5 TB @ 1 Gbps,"Vienna, AT",Austria,AT,552,EUR,678.0,https://valebyte.com/en/servers/dual-intel-xeon-gold-5218-23ghz-16-cores-vienna-at/?utm_source=github&utm_medium=dataset&utm_campaign=dedicated-server-prices
[Dual] Intel Xeon Gold 5218 2.3GHz 16 cores,[Dual] Intel Xeon Gold 5218 2.3GHz 16 cores,16,32,,64 GB DDR4,64,4x 6 TB (HDD SATA),24000,False,5 TB @ 1 Gbps,"Bratislava, SK",Slovakia,SK,552,EUR,678.0,https://valebyte.com/en/servers/dual-intel-xeon-gold-5218-23ghz-16-cores-bratislava-sk/?utm_source=github&utm_medium=dataset&utm_campaign=dedicated-server-prices
[Dual] Intel Xeon Gold 5218 2.3GHz 16 cores,[Dual] Intel Xeon Gold 5218 2.3GHz 16 cores,16,32,,64 GB DDR4,64,4x 6 TB (HDD SATA),24000,False,5 TB @ 1 Gbps,"Manchester, UK",UK,UK,552,EUR,678.0,https://valebyte.com/en/servers/dual-intel-xeon-gold-5218-23ghz-16-cores-manchester-uk/?utm_source=github&utm_medium=dataset&utm_campaign=dedicated-server-prices
AMD EPYC 8124P,"AMD EPYC 8124P, 16C/32T @ 2.5GHz",16,32,,128 GB DDR5,128,2x894GB (NVME),1788,True,Unmetered @ 1 Gbps,"Paris, FR",France,FR,552,EUR,678.0,https://valebyte.com/en/servers/scaleway-em-i220e-nvme-paris-fr/?utm_source=github&utm_medium=dataset&utm_campaign=dedicated-server-prices
AMD EPYC 8124P,"AMD EPYC 8124P, 16C/32T @ 2.5GHz",16,32,,128 GB DDR5,128,2x894GB (NVME),1788,True,Unmetered @ 1 Gbps,"Paris, FR",France,FR,552,EUR,678.0,https://valebyte.com/en/servers/amd-epyc-8124p-paris-fr-1/?utm_source=github&utm_medium=dataset&utm_campaign=dedicated-server-prices
AMD EPYC 8124P,"AMD EPYC 8124P, 16C/32T @ 2.5GHz",16,32,,128 GB DDR5,128,2x894GB (NVME),1788,True,Unmetered @ 1 Gbps,"Amsterdam, NL",Netherlands,NL,552,EUR,678.0,https://valebyte.com/en/servers/scaleway-em-i220e-nvme-amsterdam-nl/?utm_source=github&utm_medium=dataset&utm_campaign=dedicated-server-prices
[Dual] Intel Xeon Gold 5218 2.3GHz 16 cores,[Dual] Intel Xeon Gold 5218 2.3GHz 16 cores,16,32,,64 GB DDR4,64,4x 6 TB (HDD SATA),24000,False,5 TB @ 1 Gbps,"Madrid, ES",Spain,ES,552,EUR,678.0,https://valebyte.com/en/servers/dual-intel-xeon-gold-5218-23ghz-16-cores-madrid-es/?utm_source=github&utm_medium=dataset&utm_campaign=dedicated-server-prices
[Dual] Intel Xeon Gold 5218 2.3GHz 16 cores,[Dual] Intel Xeon Gold 5218 2.3GHz 16 cores,16,32,,64 GB DDR4,64,4x 6 TB (HDD SATA),24000,False,5 TB @ 1 Gbps,"Oslo, NO",Norway,NO,552,EUR,678.0,https://valebyte.com/en/servers/dual-intel-xeon-gold-5218-23ghz-16-cores-oslo-no/?utm_source=github&utm_medium=dataset&utm_campaign=dedicated-server-prices
[Dual] Intel Xeon Gold 5218 2.3GHz 16 cores,[Dual] Intel Xeon Gold 5218 2.3GHz 16 cores,16,32,,64 GB DDR4,64,4x 6 TB (HDD SATA),24000,False,5 TB @ 1 Gbps,"Budapest, HU",Hungary,HU,552,EUR,678.0,https://valebyte.com/en/servers/dual-intel-xeon-gold-5218-23ghz-16-cores-budapest-hu/?utm_source=github&utm_medium=dataset&utm_campaign=dedicated-server-prices
[Dual] Intel Xeon Gold 5218 2.3GHz 16 cores,[Dual] Intel Xeon Gold 5218 2.3GHz 16 cores,16,32,,64 GB DDR4,64,4x 6 TB (HDD SATA),24000,False,5 TB @ 1 Gbps,"Zurich, CH",Switzerland,CH,552,EUR,678.0,https://valebyte.com/en/servers/dual-intel-xeon-gold-5218-23ghz-16-cores-zurich-ch/?utm_source=github&utm_medium=dataset&utm_campaign=dedicated-server-prices
[Dual] Intel Xeon Gold 5218 2.3GHz 16 cores,[Dual] Intel Xeon Gold 5218 2.3GHz 16 cores,16,32,,64 GB DDR4,64,4x 6 TB (HDD SATA),24000,False,5 TB @ 1 Gbps,"Prague, CZ",Czechia (Czech Republic),CZ,552,EUR,678.0,https://valebyte.com/en/servers/dual-intel-xeon-gold-5218-23ghz-16-cores-prague-cz/?utm_source=github&utm_medium=dataset&utm_campaign=dedicated-server-prices
[Dual] Intel Xeon Gold 5218 2.3GHz 16 cores,[Dual] Intel Xeon Gold 5218 2.3GHz 16 cores,16,32,,64 GB DDR4,64,4x 6 TB (HDD SATA),24000,False,5 TB @ 1 Gbps,"Brussels, BE",Belgium,BE,552,EUR,678.0,https://valebyte.com/en/servers/dual-intel-xeon-gold-5218-23ghz-16-cores-brussels-be/?utm_source=github&utm_medium=dataset&utm_campaign=dedicated-server-prices
[Dual] Intel Xeon Gold 5218 2.3GHz 16 cores,[Dual] Intel Xeon Gold 5218 2.3GHz 16 cores,16,32,,64 GB DDR4,64,4x 6 TB (HDD SATA),24000,False,5 TB @ 1 Gbps,"Milan, IT",Italy,IT,552,EUR,678.0,https://valebyte.com/en/servers/dual-intel-xeon-gold-5218-23ghz-16-cores-milan-it/?utm_source=github&utm_medium=dataset&utm_campaign=dedicated-server-prices
[Dual] Intel Xeon Gold 5218 2.3GHz 16 cores,[Dual] Intel Xeon Gold 5218 2.3GHz 16 cores,16,32,,64 GB DDR4,64,4x 6 TB (HDD SATA),24000,False,5 TB @ 1 Gbps,"Dublin, IE",Ireland,IE,552,EUR,678.0,https://valebyte.com/en/servers/dual-intel-xeon-gold-5218-23ghz-16-cores-dublin-ie/?utm_source=github&utm_medium=dataset&utm_campaign=dedicated-server-prices
[Dual] Intel Xeon Gold 5218 2.3GHz 16 cores,[Dual] Intel Xeon Gold 5218 2.3GHz 16 cores,16,32,,64 GB DDR4,64,4x 6 TB (HDD SATA),24000,False,5 TB @ 1 Gbps,"Bucharest, RO",Romania,RO,552,EUR,678.0,https://valebyte.com/en/servers/dual-intel-xeon-gold-5218-23ghz-16-cores-bucharest-ro/?utm_source=github&utm_medium=dataset&utm_campaign=dedicated-server-prices
[Dual] Intel Xeon Gold 5218 2.3GHz 16 cores,[Dual] Intel Xeon Gold 5218 2.3GHz 16 cores,16,32,,64 GB DDR4,64,4x 6 TB (HDD SATA),24000,False,5 TB @ 1 Gbps,"Rome, IT",Italy,IT,552,EUR,678.0,https://valebyte.com/en/servers/dual-intel-xeon-gold-5218-23ghz-16-cores-rome-it/?utm_source=github&utm_medium=dataset&utm_campaign=dedicated-server-prices
[Dual] Intel Xeon Gold 5218 2.3GHz 16 cores,[Dual] Intel Xeon Gold 5218 2.3GHz 16 cores,16,32,,64 GB DDR4,64,4x 6 TB (HDD SATA),24000,False,5 TB @ 1 Gbps,"Belgrade, RS",Serbia,RS,552,EUR,678.0,https://valebyte.com/en/servers/dual-intel-xeon-gold-5218-23ghz-16-cores-belgrade-rs/?utm_source=github&utm_medium=dataset&utm_campaign=dedicated-server-prices
AMD EPYC 8124P,"AMD EPYC 8124P, 16C/32T @ 2.5GHz",16,32,,128 GB DDR5,128,2x894GB (NVME),1788,True,Unmetered @ 1 Gbps,"Amsterdam, NL",Netherlands,NL,552,EUR,678.0,https://valebyte.com/en/servers/amd-epyc-8124p-amsterdam-nl/?utm_source=github&utm_medium=dataset&utm_campaign=dedicated-server-prices
AMD EPYC 8124P,"AMD EPYC 8124P, 16C/32T @ 2.5GHz",16,32,,128 GB DDR5,128,2x894GB (NVME),1788,True,Unmetered @ 1 Gbps,"Warsaw, PL",Poland,PL,552,EUR,678.0,https://valebyte.com/en/servers/scaleway-em-i220e-nvme-warsaw-pl/?utm_source=github&utm_medium=dataset&utm_campaign=dedicated-server-prices
AMD EPYC 8124P,"AMD EPYC 8124P, 16C/32T @ 2.5GHz",16,32,,128 GB DDR5,128,2x894GB (NVME),1788,True,Unmetered @ 1 Gbps,"Warsaw, PL",Poland,PL,552,EUR,678.0,https://valebyte.com/en/servers/amd-epyc-8124p-warsaw-pl/?utm_source=github&utm_medium=dataset&utm_campaign=dedicated-server-prices
[Dual] Intel Xeon E5-2630L 2GHz 6 cores,[Dual] Intel Xeon E5-2630L 2GHz 6 cores,6,12,,64 GB DDR3,64,3x 2 TB (HDD SAS),6000,False,Unmetered @ 100 Mbps,"Fez, MA",Morocco,MA,558,EUR,685.0,https://valebyte.com/en/servers/dual-intel-xeon-e5-2630l-2ghz-6-cores-fez-ma/?utm_source=github&utm_medium=dataset&utm_campaign=dedicated-server-prices
[Dual] Intel Xeon E5-2650 v4 2.2GHz 12 cores,[Dual] Intel Xeon E5-2650 v4 2.2GHz 12 cores,12,24,,128 GB DDR4,128,2x 2 TB (SSD SATA),4000,False,Unmetered @ 1 Gbps,"Tel Aviv, IL",Israel,IL,558,EUR,685.0,https://valebyte.com/en/servers/dual-intel-xeon-e5-2650-v4-22ghz-12-cores-tel-aviv-il-1/?utm_source=github&utm_medium=dataset&utm_campaign=dedicated-server-prices
[Dual] Intel Xeon E5-2690 v4 2.6GHz 14 cores,[Dual] Intel Xeon E5-2690 v4 2.6GHz 14 cores,14,28,,128 GB DDR4,128,2x 2 TB (SSD SATA),4000,False,Unmetered @ 1 Gbps,"Tel Aviv, IL",Israel,IL,558,EUR,685.0,https://valebyte.com/en/servers/dual-intel-xeon-e5-2690-v4-26ghz-14-cores-tel-aviv-il/?utm_source=github&utm_medium=dataset&utm_campaign=dedicated-server-prices
[Dual] Intel Xeon E5-2630L 2GHz 6 cores,[Dual] Intel Xeon E5-2630L 2GHz 6 cores,6,12,,64 GB DDR3,64,3x 2 TB (HDD SAS),6000,False,Unmetered @ 100 Mbps,"Casablanca, MA",Morocco,MA,558,EUR,685.0,https://valebyte.com/en/servers/dual-intel-xeon-e5-2630l-2ghz-6-cores-casablanca-ma/?utm_source=github&utm_medium=dataset&utm_campaign=dedicated-server-prices
[Dual] Intel Xeon E5-2680 v4 2.4GHz 14 cores,[Dual] Intel Xeon E5-2680 v4 2.4GHz 14 cores,14,28,,128 GB DDR3,128,2x 2 TB (SSD SATA),4000,False,10 TB @ 1 Gbps,"Istanbul, TR",Turkey,TR,558,EUR,685.0,https://valebyte.com/en/servers/dual-intel-xeon-e5-2680-v4-24ghz-14-cores-istanbul-tr/?utm_source=github&utm_medium=dataset&utm_campaign=dedicated-server-prices
[Dual] Intel Xeon E5-2650 v4 2.2GHz 12 cores,[Dual] Intel Xeon E5-2650 v4 2.2GHz 12 cores,12,24,,128 GB DDR4,128,2x 2 TB (SSD SATA),4000,False,10 TB @ 10 Gbps,"Tel Aviv, IL",Israel,IL,558,EUR,685.0,https://valebyte.com/en/servers/dual-intel-xeon-e5-2650-v4-22ghz-12-cores-tel-aviv-il/?utm_source=github&utm_medium=dataset&utm_campaign=dedicated-server-prices
AMD Ryzen 9 9900X 4.4GHz 12 cores,AMD Ryzen 9 9900X 4.4GHz 12 cores,12,24,,128 GB DDR5,128,2x 960 GB (SSD NVMe),1920,True,100 TB @ 10 Gbps,"Tokyo, JP",Japan,JP,559,EUR,686.0,https://valebyte.com/en/servers/amd-ryzen-9-9900x-44ghz-12-cores-tokyo-jp/?utm_source=github&utm_medium=dataset&utm_campaign=dedicated-server-prices
AMD EPYC 9254 2.9GHz 24 cores,AMD EPYC 9254 2.9GHz 24 cores,24,48,,128 GB DDR5,128,2x 960 GB (SSD NVMe),1920,True,Unmetered @ 5 Gbps,"Warsaw, PL",Poland,PL,560,EUR,688.0,https://valebyte.com/en/servers/amd-epyc-9254-29ghz-24-cores-warsaw-pl/?utm_source=github&utm_medium=dataset&utm_campaign=dedicated-server-prices
AMD EPYC 9254 2.9GHz 24 cores,AMD EPYC 9254 2.9GHz 24 cores,24,48,,128 GB DDR5,128,2x 960 GB (SSD NVMe),1920,True,Unmetered @ 5 Gbps,"Frankfurt, DE",Germany,DE,560,EUR,688.0,https://valebyte.com/en/servers/amd-epyc-9254-29ghz-24-cores-frankfurt-de/?utm_source=github&utm_medium=dataset&utm_campaign=dedicated-server-prices
AMD EPYC 9254 2.9GHz 24 cores,AMD EPYC 9254 2.9GHz 24 cores,24,48,,128 GB DDR5,128,2x 960 GB (SSD NVMe),1920,True,Unmetered @ 5 Gbps,"London, UK",UK,UK,560,EUR,688.0,https://valebyte.com/en/servers/amd-epyc-9254-29ghz-24-cores-london-uk-1/?utm_source=github&utm_medium=dataset&utm_campaign=dedicated-server-prices
AMD EPYC 9254 2.9GHz 24 cores,AMD EPYC 9254 2.9GHz 24 cores,24,48,,128 GB DDR5,128,2x 960 GB (SSD NVMe),1920,True,Unmetered @ 5 Gbps,"Lille, FR",France,FR,560,EUR,688.0,https://valebyte.com/en/servers/amd-epyc-9254-29ghz-24-cores-lille-fr/?utm_source=github&utm_medium=dataset&utm_campaign=dedicated-server-prices
[Dual] Intel Xeon Gold 6242R 3.1GHz 20 cores,[Dual] Intel Xeon Gold 6242R 3.1GHz 20 cores,20,40,,384 GB DDR4,384,2x 2 TB (SSD NVMe),4000,True,Unmetered @ 10 Gbps,"Amsterdam, NL",Netherlands,NL,561,EUR,689.0,https://valebyte.com/en/servers/dual-intel-xeon-gold-6242r-31ghz-20-cores-amsterdam-nl/?utm_source=github&utm_medium=dataset&utm_campaign=dedicated-server-prices
[Dual] Intel Xeon Gold 5218 2.3GHz 16 cores,[Dual] Intel Xeon Gold 5218 2.3GHz 16 cores,16,32,,64 GB DDR4,64,4x 6 TB (HDD SATA),24000,False,5 TB @ 1 Gbps,"Sydney, AU",Australia,AU,563,EUR,691.0,https://valebyte.com/en/servers/dual-intel-xeon-gold-5218-23ghz-16-cores-sydney-au/?utm_source=github&utm_medium=dataset&utm_campaign=dedicated-server-prices
[Dual] AMD EPYC 7313 3GHz 16 cores,[Dual] AMD EPYC 7313 3GHz 16 cores,16,32,,128 GB DDR4,128,2x 960 GB (SSD NVMe),1920,True,15 TB @ 1 Gbps,"Mumbai, IN",India,IN,564,EUR,693.0,https://valebyte.com/en/servers/dual-amd-epyc-7313-3ghz-16-cores-mumbai-in/?utm_source=github&utm_medium=dataset&utm_campaign=dedicated-server-prices
[Dual] AMD EPYC 7313 3GHz 16 cores,[Dual] AMD EPYC 7313 3GHz 16 cores,16,32,,128 GB DDR4,128,2x 960 GB (SSD NVMe),1920,True,15 TB @ 1 Gbps,"New Delhi, IN",India,IN,564,EUR,693.0,https://valebyte.com/en/servers/dual-amd-epyc-7313-3ghz-16-cores-new-delhi-in/?utm_source=github&utm_medium=dataset&utm_campaign=dedicated-server-prices
[Dual] Intel Xeon Silver 4214R 2.4GHz 12 cores,[Dual] Intel Xeon Silver 4214R 2.4GHz 12 cores,12,24,,576 GB DDR4,576,2x 2 TB (SSD NVMe),4000,True,Unmetered @ 10 Gbps,"Amsterdam, NL",Netherlands,NL,564,EUR,693.0,https://valebyte.com/en/servers/dual-intel-xeon-silver-4214r-24ghz-12-cores-amsterdam-nl-1/?utm_source=github&utm_medium=dataset&utm_campaign=dedicated-server-prices
AMD EPYC 7532 2.4GHz 32 cores,AMD EPYC 7532 2.4GHz 32 cores,32,64,,256 GB DDR4,256,2x 2 TB (SSD NVMe),4000,True,Unmetered @ 10 Gbps,"Amsterdam, NL",Netherlands,NL,564,EUR,693.0,https://valebyte.com/en/servers/amd-epyc-7532-24ghz-32-cores-amsterdam-nl/?utm_source=github&utm_medium=dataset&utm_campaign=dedicated-server-prices
[Dual] AMD EPYC 7313 3GHz 16 cores,[Dual] AMD EPYC 7313 3GHz 16 cores,16,32,,128 GB DDR4,128,2x 960 GB (SSD NVMe),1920,True,15 TB @ 1 Gbps,"Pune, IN",India,IN,564,EUR,693.0,https://valebyte.com/en/servers/dual-amd-epyc-7313-3ghz-16-cores-pune-in/?utm_source=github&utm_medium=dataset&utm_campaign=dedicated-server-prices
[Dual] Intel Xeon Gold 5120 2.2GHz 14 cores,[Dual] Intel Xeon Gold 5120 2.2GHz 14 cores,14,28,,384 GB DDR4,384,4x 1 TB (SSD NVMe),4000,True,Unmetered @ 1 Gbps,"Paris, FR",France,FR,564,EUR,693.0,https://valebyte.com/en/servers/dual-intel-xeon-gold-5120-22ghz-14-cores-paris-fr/?utm_source=github&utm_medium=dataset&utm_campaign=dedicated-server-prices
AMD EPYC 7532 2.4GHz 32 cores,AMD EPYC 7532 2.4GHz 32 cores,32,64,,256 GB DDR4,256,2x 2 TB (SSD NVMe),4000,True,Unmetered @ 10 Gbps,"Paris, FR",France,FR,564,EUR,693.0,https://valebyte.com/en/servers/amd-epyc-7532-24ghz-32-cores-paris-fr/?utm_source=github&utm_medium=dataset&utm_campaign=dedicated-server-prices
Intel Xeon Platinum 8260 2.4GHz + Quadro P6000 24GB,Intel Xeon Platinum 8260 2.4GHz,24,48,,256 GB DDR4,256,4x 1 TB SSD SATA,4000,False,200 TB @ 1 Gbps,"Helsinki, FI",Finland,FI,697,USD,697.0,https://valebyte.com/en/servers/intel-xeon-platinum-8260-24ghz-quadro-p6000-24gb-helsinki-fi/?utm_source=github&utm_medium=dataset&utm_campaign=dedicated-server-prices
Intel Xeon Gold 6248R 3GHz + 2x Tesla T4 32GB,Intel Xeon Gold 6248R 3GHz,24,48,,256 GB DDR4,256,4x 1 TB SSD SATA,4000,False,200 TB @ 1 Gbps,"Helsinki, FI",Finland,FI,697,USD,697.0,https://valebyte.com/en/servers/intel-xeon-gold-6248r-3ghz-2x-tesla-t4-32gb-helsinki-fi/?utm_source=github&utm_medium=dataset&utm_campaign=dedicated-server-prices
[Dual] Intel Xeon E5-2690 v4 2.6GHz 14 cores,[Dual] Intel Xeon E5-2690 v4 2.6GHz 14 cores,14,28,,128 GB DDR4,128,2x 2 TB (SSD SATA),4000,False,20 TB @ 10 Gbps,"Tel Aviv, IL",Israel,IL,569,EUR,699.0,https://valebyte.com/en/servers/dual-intel-xeon-e5-2690-v4-26ghz-14-cores-tel-aviv-il-1/?utm_source=github&utm_medium=dataset&utm_campaign=dedicated-server-prices
[Dual] Intel Xeon Silver 4410Y 2GHz 12 cores,[Dual] Intel Xeon Silver 4410Y 2GHz 12 cores,12,24,,256 GB DDR4,256,4x 2 TB (SSD SATA),8000,False,Unmetered @ 1 Gbps,"Helsinki, FI",Finland,FI,572,EUR,702.0,https://valebyte.com/en/servers/dual-intel-xeon-silver-4410y-2ghz-12-cores-helsinki-fi/?utm_source=github&utm_medium=dataset&utm_campaign=dedicated-server-prices
AMD EPYC 8324P 2.65GHz 32 cores,AMD EPYC 8324P 2.65GHz 32 cores,32,64,,256 GB DDR5,256,2x 1.92 TB (SSD NVMe),3840,True,Unmetered @ 1 Gbps,"Paris, FR",France,FR,572,EUR,702.0,https://valebyte.com/en/servers/amd-epyc-8324p-265ghz-32-cores-paris-fr/?utm_source=github&utm_medium=dataset&utm_campaign=dedicated-server-prices
AMD EPYC 8324P 2.65GHz 32 cores,AMD EPYC 8324P 2.65GHz 32 cores,32,64,,256 GB DDR5,256,2x 1.92 TB (SSD NVMe),3840,True,Unmetered @ 1 Gbps,"Amsterdam, NL",Netherlands,NL,572,EUR,702.0,https://valebyte.com/en/servers/amd-epyc-8324p-265ghz-32-cores-amsterdam-nl/?utm_source=github&utm_medium=dataset&utm_campaign=dedicated-server-prices
AMD EPYC 4484PX 4.4GHz 12 cores,AMD EPYC 4484PX 4.4GHz 12 cores,12,24,,96 GB DDR5,96,2x 1 TB (SSD NVMe),2000,True,20 TB @ 10 Gbps,"Singapore, SG",Singapore,SG,573,EUR,704.0,https://valebyte.com/en/servers/amd-epyc-4484px-44ghz-12-cores-singapore-sg/?utm_source=github&utm_medium=dataset&utm_campaign=dedicated-server-prices
AMD EPYC 4484PX 4.4GHz 12 cores,AMD EPYC 4484PX 4.4GHz 12 cores,12,24,,96 GB DDR5,96,2x 1 TB (SSD NVMe),2000,True,20 TB @ 10 Gbps,"Tokyo, JP",Japan,JP,573,EUR,704.0,https://valebyte.com/en/servers/amd-epyc-4484px-44ghz-12-cores-tokyo-jp/?utm_source=github&utm_medium=dataset&utm_campaign=dedicated-server-prices
Intel Xeon Silver 4208 2.1GHz 8 cores,Intel Xeon Silver 4208 2.1GHz 8 cores,8,16,,64 GB DDR4,64,2x 1 TB (SSD NVMe),2000,True,25 TB @ 1 Gbps,"Buenos Aires, AR",Argentina,AR,574,EUR,705.0,https://valebyte.com/en/servers/intel-xeon-silver-4208-21ghz-8-cores-buenos-aires-ar/?utm_source=github&utm_medium=dataset&utm_campaign=dedicated-server-prices
AMD EPYC 7543 2.8GHz 32 cores,AMD EPYC 7543 2.8GHz 32 cores,32,64,,128 GB DDR4,128,2x 960 GB (SSD NVMe),1920,True,15 TB @ 1 Gbps,"New Delhi, IN",India,IN,574,EUR,705.0,https://valebyte.com/en/servers/amd-epyc-7543-28ghz-32-cores-new-delhi-in/?utm_source=github&utm_medium=dataset&utm_campaign=dedicated-server-prices
AMD EPYC 7543 2.8GHz 32 cores,AMD EPYC 7543 2.8GHz 32 cores,32,64,,128 GB DDR4,128,2x 960 GB (SSD NVMe),1920,True,15 TB @ 1 Gbps,"Pune, IN",India,IN,574,EUR,705.0,https://valebyte.com/en/servers/amd-epyc-7543-28ghz-32-cores-pune-in/?utm_source=github&utm_medium=dataset&utm_campaign=dedicated-server-prices
AMD EPYC 7543 2.8GHz 32 cores,AMD EPYC 7543 2.8GHz 32 cores,32,64,,128 GB DDR4,128,2x 2 TB (SSD NVMe),4000,True,15 TB @ 1 Gbps,"Mumbai, IN",India,IN,574,EUR,705.0,https://valebyte.com/en/servers/amd-epyc-7543-28ghz-32-cores-mumbai-in/?utm_source=github&utm_medium=dataset&utm_campaign=dedicated-server-prices
[Dual] Intel Xeon E5-2620 v3 2.4GHz 6 cores,[Dual] Intel Xeon E5-2620 v3 2.4GHz 6 cores,6,12,,96 GB DDR4,96,2x 600 GB (HDD SAS) & 4x 10 TB (HDD SAS),41200,False,Unmetered @ 100 Mbps,"Tunis, TN",Tunisia,TN,574,EUR,705.0,https://valebyte.com/en/servers/dual-intel-xeon-e5-2620-v3-24ghz-6-cores-tunis-tn-3/?utm_source=github&utm_medium=dataset&utm_campaign=dedicated-server-prices
[Dual] Intel Xeon Silver 4214 2.2GHz 12 cores,[Dual] Intel Xeon Silver 4214 2.2GHz 12 cores,12,24,,128 GB DDR4,128,2x 480 GB (SSD SATA),960,False,5 TB @ 1 Gbps,"Seoul, KR",South Korea,KR,574,EUR,705.0,https://valebyte.com/en/servers/dual-intel-xeon-silver-4214-22ghz-12-cores-seoul-kr-1/?utm_source=github&utm_medium=dataset&utm_campaign=dedicated-server-prices
AMD EPYC 8324P 2.65GHz 32 cores,AMD EPYC 8324P 2.65GHz 32 cores,32,64,57127,256 GB DDR5,256,2 x 1.92 TB (NVMe),3840,True,Unmetered @ 1 Gbps,"Paris, FR",France,FR,576,EUR,707.0,https://valebyte.com/en/servers/amd-epyc-8324p-2-65ghz-32-256gb-3840gb-paris-fr-d4f56a/?utm_source=github&utm_medium=dataset&utm_campaign=dedicated-server-prices
AMD EPYC 8324P 2.65GHz 32 cores,AMD EPYC 8324P 2.65GHz 32 cores,32,64,57127,256 GB DDR5,256,2 x 1.92 TB (NVMe),3840,True,Unmetered @ 1 Gbps,"Amsterdam, NL",Netherlands,NL,576,EUR,707.0,https://valebyte.com/en/servers/amd-epyc-8324p-2-65ghz-32-256gb-3840gb-amsterdam-nl-80f37c/?utm_source=github&utm_medium=dataset&utm_campaign=dedicated-server-prices
AMD EPYC 8324P 2.65GHz 32 cores,AMD EPYC 8324P 2.65GHz 32 cores,32,64,57127,256 GB DDR5,256,2 x 1.92 TB (NVMe),3840,True,Unmetered @ 1 Gbps,"Warsaw, PL",Poland,PL,576,EUR,707.0,https://valebyte.com/en/servers/amd-epyc-8324p-2-65ghz-32-256gb-3840gb-warsaw-pl-dbc47b/?utm_source=github&utm_medium=dataset&utm_campaign=dedicated-server-prices
AMD EPYC 7713P 2GHz 64 cores,AMD EPYC 7713P 2GHz 64 cores,64,128,,512 GB DDR4,512,2x 1 TB (SSD NVMe),2000,True,Unmetered @ 1 Gbps,"Oslo, NO",Norway,NO,576,EUR,707.0,https://valebyte.com/en/servers/amd-epyc-7713p-2ghz-64-cores-oslo-no/?utm_source=github&utm_medium=dataset&utm_campaign=dedicated-server-prices
AMD EPYC 8324P 2.70GHz 32 cores,AMD EPYC 8324P 2.70GHz 32 cores,32,64,56347,256 GB DDR5,256,2 x 1.92 TB (NVMe SSD),3840,True,Unmetered @ 1 Gbps,"Paris, FR",France,FR,576,EUR,707.0,https://valebyte.com/en/servers/amd-epyc-8324p-2-70ghz-32-256gb-3840gb-paris-fr-cdbaa2/?utm_source=github&utm_medium=dataset&utm_campaign=dedicated-server-prices
AMD EPYC 8324P 2.70GHz 32 cores,AMD EPYC 8324P 2.70GHz 32 cores,32,64,56347,256 GB DDR5,256,2 x 1.92 TB (NVMe SSD),3840,True,Unmetered @ 1 Gbps,"Amsterdam, NL",Netherlands,NL,576,EUR,707.0,https://valebyte.com/en/servers/amd-epyc-8324p-2-70ghz-32-256gb-3840gb-amsterdam-nl-4eaf5f/?utm_source=github&utm_medium=dataset&utm_campaign=dedicated-server-prices
AMD EPYC 7313P 3.00GHz 16 cores,AMD EPYC 7313P 3.00GHz 16 cores,16,32,42057,128 GB DDR4,128,6 x 1.92 TB (NVMe SSD),11520,True,Unmetered @ 1 Gbps,"Paris, FR",France,FR,576,EUR,707.0,https://valebyte.com/en/servers/amd-epyc-7313p-3-00ghz-16-128gb-11520gb-paris-fr-6e3941/?utm_source=github&utm_medium=dataset&utm_campaign=dedicated-server-prices
AMD EPYC 8124P 2.45GHz 16 cores,AMD EPYC 8124P 2.45GHz 16 cores,16,32,36338,128 GB DDR5,128,4 x 3.84 TB (NVMe),15360,True,Unmetered @ 1 Gbps,"Paris, FR",France,FR,576,EUR,707.0,https://valebyte.com/en/servers/amd-epyc-8124p-2-45ghz-16-128gb-15360gb-paris-fr-13d361/?utm_source=github&utm_medium=dataset&utm_campaign=dedicated-server-prices
AMD EPYC 9254 2.9GHz 24 cores,AMD EPYC 9254 2.9GHz 24 cores,24,48,,64 GB DDR4,64,2x 240 GB (SSD SATA),480,False,5 TB @ 1 Gbps,"Dubai, AE",United Arab Emirates,AE,580,EUR,712.0,https://valebyte.com/en/servers/amd-epyc-9254-29ghz-24-cores-dubai-ae/?utm_source=github&utm_medium=dataset&utm_campaign=dedicated-server-prices
AMD EPYC 9355,AMD EPYC 9355,32,64,,192GB ECC REG DDR5,192,2x 1 TB (NVMe),2000,True,100TB @ 3Gbps,"Chicago, US",United States,US,712,USD,712.0,https://valebyte.com/en/servers/amd-epyc-9355-chicago-us/?utm_source=github&utm_medium=dataset&utm_campaign=dedicated-server-prices
AMD EPYC 9355,AMD EPYC 9355,32,64,,192GB ECC REG DDR5,192,2x 1 TB (NVMe),2000,True,100TB @ 3Gbps,"Amsterdam, NL",Netherlands,NL,712,USD,712.0,https://valebyte.com/en/servers/amd-epyc-9355-amsterdam-nl/?utm_source=github&utm_medium=dataset&utm_campaign=dedicated-server-prices
AMD EPYC 9355,AMD EPYC 9355,32,64,,192GB ECC REG DDR5,192,2x 1 TB (NVMe),2000,True,100TB @ 3Gbps,"Stockholm, SE",Sweden,SE,712,USD,712.0,https://valebyte.com/en/servers/amd-epyc-9355-stockholm-se/?utm_source=github&utm_medium=dataset&utm_campaign=dedicated-server-prices
[Dual] Intel Xeon Gold 5218 2.3GHz 16 cores,[Dual] Intel Xeon Gold 5218 2.3GHz 16 cores,16,32,,64 GB DDR4,64,4x 6 TB (HDD SATA),24000,False,5 TB @ 1 Gbps,"Helsinki, FI",Finland,FI,581,EUR,713.0,https://valebyte.com/en/servers/dual-intel-xeon-gold-5218-23ghz-16-cores-helsinki-fi/?utm_source=github&utm_medium=dataset&utm_campaign=dedicated-server-prices
[Dual] Intel Xeon Gold 5218 2.3GHz 16 cores,[Dual] Intel Xeon Gold 5218 2.3GHz 16 cores,16,32,,64 GB DDR4,64,4x 6 TB (HDD SATA),24000,False,5 TB @ 1 Gbps,"Tokyo, JP",Japan,JP,581,EUR,713.0,https://valebyte.com/en/servers/dual-intel-xeon-gold-5218-23ghz-16-cores-tokyo-jp/?utm_source=github&utm_medium=dataset&utm_campaign=dedicated-server-prices
[Dual] Intel Xeon E5-2640 v4 2.4GHz 10 cores,[Dual] Intel Xeon E5-2640 v4 2.4GHz 10 cores,10,20,,128 GB DDR4,128,2x 960 GB (SSD SATA),1920,False,Unmetered @ 1 Gbps,"Palermo, IT",Italy,IT,582,EUR,715.0,https://valebyte.com/en/servers/dual-intel-xeon-e5-2640-v4-24ghz-10-cores-palermo-it-1/?utm_source=github&utm_medium=dataset&utm_campaign=dedicated-server-prices
AMD Ryzen 9 5950X 3.4GHz 16 cores,AMD Ryzen 9 5950X 3.4GHz 16 cores,16,32,,128 GB DDR4,128,1.92 TB (SSD NVMe),1920,True,30 TB @ 1 Gbps,"Chisinau, MD",Moldova,MD,583,EUR,716.0,https://valebyte.com/en/servers/amd-ryzen-9-5950x-34ghz-16-cores-chisinau-md/?utm_source=github&utm_medium=dataset&utm_campaign=dedicated-server-prices
Intel Xeon Gold 6426Y 2.5GHz 16 cores,Intel Xeon Gold 6426Y 2.5GHz 16 cores,16,32,,128 GB DDR5,128,2x 960 GB (SSD NVMe),1920,True,Unmetered @ 5 Gbps,"Toronto, CA",Canada,CA,583,EUR,716.0,https://valebyte.com/en/servers/intel-xeon-gold-6426y-25ghz-16-cores-toronto-ca/?utm_source=github&utm_medium=dataset&utm_campaign=dedicated-server-prices
Intel Xeon Gold 6426Y 2.5GHz 16 cores,Intel Xeon Gold 6426Y 2.5GHz 16 cores,16,32,,128 GB DDR5,128,2x 960 GB (SSD NVMe),1920,True,Unmetered @ 5 Gbps,"Montreal, CA",Canada,CA,583,EUR,716.0,https://valebyte.com/en/servers/intel-xeon-gold-6426y-25ghz-16-cores-montreal-ca/?utm_source=github&utm_medium=dataset&utm_campaign=dedicated-server-prices
AMD EPYC 9124 3GHz 16 cores,AMD EPYC 9124 3GHz 16 cores,16,32,,128 GB DDR5,128,2x 960 GB (SSD NVMe),1920,True,Unmetered @ 5 Gbps,"Toronto, CA",Canada,CA,583,EUR,716.0,https://valebyte.com/en/servers/amd-epyc-9124-3ghz-16-cores-toronto-ca/?utm_source=github&utm_medium=dataset&utm_campaign=dedicated-server-prices
AMD EPYC 9124 3GHz 16 cores,AMD EPYC 9124 3GHz 16 cores,16,32,,128 GB DDR5,128,2x 960 GB (SSD NVMe),1920,True,Unmetered @ 5 Gbps,"Montreal, CA",Canada,CA,583,EUR,716.0,https://valebyte.com/en/servers/amd-epyc-9124-3ghz-16-cores-montreal-ca/?utm_source=github&utm_medium=dataset&utm_campaign=dedicated-server-prices
[Dual] Intel Xeon Gold 5218 2.3GHz 16 cores,[Dual] Intel Xeon Gold 5218 2.3GHz 16 cores,16,32,,64 GB DDR4,64,4x 6 TB (HDD SATA),24000,False,5 TB @ 1 Gbps,"Dubai, AE",United Arab Emirates,AE,584,EUR,717.0,https://valebyte.com/en/servers/dual-intel-xeon-gold-5218-23ghz-16-cores-dubai-ae/?utm_source=github&utm_medium=dataset&utm_campaign=dedicated-server-prices
AMD EPYC 9135 3.65GHz 16 cores,AMD EPYC 9135 3.65GHz 16 cores,16,32,,128 GB DDR5,128,2x 2 TB (SSD NVMe),4000,True,Unmetered @ 5 Gbps,"Toronto, CA",Canada,CA,584,EUR,717.0,https://valebyte.com/en/servers/amd-epyc-9135-365ghz-16-cores-toronto-ca/?utm_source=github&utm_medium=dataset&utm_campaign=dedicated-server-prices
AMD EPYC 7313P,"AMD EPYC 7313P, 16C/32T @ 3.0GHz",16,32,,128 GB DDR4,128,2x1.79TB (NVME),3580,True,Unmetered @ 1 Gbps,"Paris, FR",France,FR,585,EUR,718.0,https://valebyte.com/en/servers/scaleway-em-i210e-nvme-paris-fr/?utm_source=github&utm_medium=dataset&utm_campaign=dedicated-server-prices
AMD EPYC 9124 3GHz 16 cores,AMD EPYC 9124 3GHz 16 cores,16,32,,128 GB DDR5,128,2x 960 GB (SSD NVMe),1920,True,Unmetered @ 5 Gbps,"Warsaw, PL",Poland,PL,587,EUR,721.0,https://valebyte.com/en/servers/amd-epyc-9124-3ghz-16-cores-warsaw-pl/?utm_source=github&utm_medium=dataset&utm_campaign=dedicated-server-prices
AMD EPYC 9124 3GHz 16 cores,AMD EPYC 9124 3GHz 16 cores,16,32,,128 GB DDR5,128,2x 960 GB (SSD NVMe),1920,True,Unmetered @ 5 Gbps,"London, UK",UK,UK,587,EUR,721.0,https://valebyte.com/en/servers/amd-epyc-9124-3ghz-16-cores-london-uk-1/?utm_source=github&utm_medium=dataset&utm_campaign=dedicated-server-prices
AMD EPYC 9124 3GHz 16 cores,AMD EPYC 9124 3GHz 16 cores,16,32,,128 GB DDR5,128,2x 960 GB (SSD NVMe),1920,True,Unmetered @ 5 Gbps,"Frankfurt, DE",Germany,DE,587,EUR,721.0,https://valebyte.com/en/servers/amd-epyc-9124-3ghz-16-cores-frankfurt-de/?utm_source=github&utm_medium=dataset&utm_campaign=dedicated-server-prices
AMD EPYC 9124 3GHz 16 cores,AMD EPYC 9124 3GHz 16 cores,16,32,,128 GB DDR5,128,2x 960 GB (SSD NVMe),1920,True,Unmetered @ 5 Gbps,"Lille, FR",France,FR,587,EUR,721.0,https://valebyte.com/en/servers/amd-epyc-9124-3ghz-16-cores-lille-fr/?utm_source=github&utm_medium=dataset&utm_campaign=dedicated-server-prices
[Dual] Intel Xeon Silver 4510 2.4GHz 12 cores,[Dual] Intel Xeon Silver 4510 2.4GHz 12 cores,12,24,,64 GB DDR5,64,2x 240 GB (SSD SATA),480,False,5 TB @ 1 Gbps,"Dubai, AE",United Arab Emirates,AE,591,EUR,726.0,https://valebyte.com/en/servers/dual-intel-xeon-silver-4510-24ghz-12-cores-dubai-ae/?utm_source=github&utm_medium=dataset&utm_campaign=dedicated-server-prices
[Dual] Intel Xeon Silver 4114 2.2GHz 10 cores,[Dual] Intel Xeon Silver 4114 2.2GHz 10 cores,10,20,,128 GB DDR4,128,2x 960 GB (SSD SATA),1920,False,25 TB @ 10 Gbps,"Mumbai, IN",India,IN,591,EUR,726.0,https://valebyte.com/en/servers/dual-intel-xeon-silver-4114-22ghz-10-cores-mumbai-in/?utm_source=github&utm_medium=dataset&utm_campaign=dedicated-server-prices
[Dual] Intel Xeon Gold 6154 3GHz 18 cores,[Dual] Intel Xeon Gold 6154 3GHz 18 cores,18,36,,64 GB DDR4,64,240 GB (SSD SATA),240,False,10 TB @ 100 Mbps,"San Jose, CR",Costa Rica,CR,592,EUR,727.0,https://valebyte.com/en/servers/dual-intel-xeon-gold-6154-3ghz-18-cores-san-jose-cr/?utm_source=github&utm_medium=dataset&utm_campaign=dedicated-server-prices
Intel Xeon Gold 6438M 2.2GHz 32 cores,Intel Xeon Gold 6438M 2.2GHz 32 cores,8,8,,128 GB DDR5,128,2x 960 GB (SSD NVMe),1920,True,Unmetered @ 5 Gbps,"London, UK",UK,UK,593,EUR,728.0,https://valebyte.com/en/servers/intel-xeon-gold-6438m-22ghz-32-cores-london-uk/?utm_source=github&utm_medium=dataset&utm_campaign=dedicated-server-prices
[Dual] Intel Xeon E5-2640 v4 2.4GHz 10 cores,[Dual] Intel Xeon E5-2640 v4 2.4GHz 10 cores,10,20,,128 GB DDR4,128,2x 960 GB (SSD SATA),1920,False,50 TB @ 10 Gbps,"Dubai, AE",United Arab Emirates,AE,593,EUR,728.0,https://valebyte.com/en/servers/dual-intel-xeon-e5-2640-v4-24ghz-10-cores-dubai-ae/?utm_source=github&utm_medium=dataset&utm_campaign=dedicated-server-prices
Intel Xeon Gold 6438M 2.2GHz 32 cores,Intel Xeon Gold 6438M 2.2GHz 32 cores,8,8,,128 GB DDR5,128,2x 960 GB (SSD NVMe),1920,True,Unmetered @ 5 Gbps,"Lille, FR",France,FR,593,EUR,728.0,https://valebyte.com/en/servers/intel-xeon-gold-6438m-22ghz-32-cores-lille-fr/?utm_source=github&utm_medium=dataset&utm_campaign=dedicated-server-prices
Intel Xeon Gold 6438M 2.2GHz 32 cores,Intel Xeon Gold 6438M 2.2GHz 32 cores,8,8,,128 GB DDR5,128,2x 960 GB (SSD NVMe),1920,True,Unmetered @ 5 Gbps,"Warsaw, PL",Poland,PL,593,EUR,728.0,https://valebyte.com/en/servers/intel-xeon-gold-6438m-22ghz-32-cores-warsaw-pl/?utm_source=github&utm_medium=dataset&utm_campaign=dedicated-server-prices
[Dual] Intel Xeon Gold 6132 2.6GHz 14 cores,[Dual] Intel Xeon Gold 6132 2.6GHz 14 cores,14,28,,192 GB DDR4,192,2x 960 GB (SSD SATA),1920,False,25 TB @ 10 Gbps,"Mumbai, IN",India,IN,593,EUR,728.0,https://valebyte.com/en/servers/dual-intel-xeon-gold-6132-26ghz-14-cores-mumbai-in/?utm_source=github&utm_medium=dataset&utm_campaign=dedicated-server-prices
Intel Xeon Silver 4214R 2.40GHz 2x 24 cores,Intel Xeon Silver 4214R 2.40GHz 2x 24 cores,24,48,29007,576 GB DDR4,576,2 x 1.92 TB (NVMe SSD),3840,True,Unmetered @ 1 Gbps,"Paris, FR",France,FR,594,EUR,729.0,https://valebyte.com/en/servers/intel-xeon-silver-4214r-2-40ghz-2x-24-576gb-3840gb-paris-fr-3f86b8/?utm_source=github&utm_medium=dataset&utm_campaign=dedicated-server-prices
AMD EPYC 7532 2.40GHz 32 cores,AMD EPYC 7532 2.40GHz 32 cores,32,64,57000,256 GB DDR4,256,2 x 1.92 TB (NVMe SSD),3840,True,Unmetered @ 1 Gbps,"Paris, FR",France,FR,594,EUR,729.0,https://valebyte.com/en/servers/amd-epyc-7532-2-40ghz-32-256gb-3840gb-paris-fr-86d1f5/?utm_source=github&utm_medium=dataset&utm_campaign=dedicated-server-prices
Intel Xeon Gold 5120 2.20GHz 2x 28 cores,Intel Xeon Gold 5120 2.20GHz 2x 28 cores,28,56,28331,384 GB DDR4,384,4 x 1 TB (NVMe SSD),4000,True,Unmetered @ 1 Gbps,"Paris, FR",France,FR,594,EUR,729.0,https://valebyte.com/en/servers/intel-xeon-gold-5120-2-20ghz-2x-28-384gb-4000gb-paris-fr-103995/?utm_source=github&utm_medium=dataset&utm_campaign=dedicated-server-prices
AMD Ryzen 9 9950X 4.3GHz 16 cores,AMD Ryzen 9 9950X 4.3GHz 16 cores,16,32,,128 GB DDR5,128,2x 960 GB (SSD NVMe),1920,True,100 TB @ 10 Gbps,"Tokyo, JP",Japan,JP,594,EUR,729.0,https://valebyte.com/en/servers/amd-ryzen-9-9950x-43ghz-16-cores-tokyo-jp-2/?utm_source=github&utm_medium=dataset&utm_campaign=dedicated-server-prices
AMD EPYC 7532 2.40GHz 32 cores,AMD EPYC 7532 2.40GHz 32 cores,32,64,57000,256 GB DDR4,256,2 x 1.92 TB (NVMe SSD),3840,True,Unmetered @ 1 Gbps,"Amsterdam, NL",Netherlands,NL,594,EUR,729.0,https://valebyte.com/en/servers/amd-epyc-7532-2-40ghz-32-256gb-3840gb-amsterdam-nl-bd72d2/?utm_source=github&utm_medium=dataset&utm_campaign=dedicated-server-prices
Intel Xeon Silver 4214R 2.40GHz 2x 24 cores,Intel Xeon Silver 4214R 2.40GHz 2x 24 cores,24,48,29007,576 GB DDR4,576,2 x 1.92 TB (NVMe SSD),3840,True,Unmetered @ 1 Gbps,"Amsterdam, NL",Netherlands,NL,594,EUR,729.0,https://valebyte.com/en/servers/intel-xeon-silver-4214r-2-40ghz-2x-24-576gb-3840gb-amsterdam-nl-7c4c89/?utm_source=github&utm_medium=dataset&utm_campaign=dedicated-server-prices
AMD Ryzen 9 9950X 4.3GHz 16 cores,AMD Ryzen 9 9950X 4.3GHz 16 cores,16,32,,32 GB DDR5,32,500 GB (SSD SATA),500,False,Unmetered @ 1 Gbps,"Budapest, HU",Hungary,HU,599,EUR,736.0,https://valebyte.com/en/servers/amd-ryzen-9-9950x-43ghz-16-cores-budapest-hu/?utm_source=github&utm_medium=dataset&utm_campaign=dedicated-server-prices
[Dual] Intel Xeon Gold 6242R 3.1GHz 20 cores,[Dual] Intel Xeon Gold 6242R 3.1GHz 20 cores,20,40,,384 GB DDR4,384,2x 2 TB (SSD NVMe),4000,True,Unmetered @ 10 Gbps,"Paris, FR",France,FR,600,EUR,737.0,https://valebyte.com/en/servers/dual-intel-xeon-gold-6242r-31ghz-20-cores-paris-fr/?utm_source=github&utm_medium=dataset&utm_campaign=dedicated-server-prices
[Dual] Intel Xeon E5-2660 v2 2.2GHz 10 cores,[Dual] Intel Xeon E5-2660 v2 2.2GHz 10 cores,10,20,,64 GB DDR3,64,4x 480 GB (SSD SATA),1920,False,Unmetered @ 100 Mbps,"Taipei, TW",Taiwan,TW,603,EUR,740.0,https://valebyte.com/en/servers/dual-intel-xeon-e5-2660-v2-22ghz-10-cores-taipei-tw-1/?utm_source=github&utm_medium=dataset&utm_campaign=dedicated-server-prices
AMD Ryzen 9 7950X3D,AMD Ryzen 9 7950X3D,,,,192 GB DDR5 ECC,192,2x 1.9 TB (NVMe),3800,True,Unmetered @ 1 Gbps,"Nuremberg, Germany",Germany,DE,603,EUR,740.0,https://valebyte.com/en/servers/amd-ryzen-9-7950x3d-nuremberg-germany-2/?utm_source=github&utm_medium=dataset&utm_campaign=dedicated-server-prices
Intel Xeon Gold 6442Y 2.6GHz 24 cores,Intel Xeon Gold 6442Y 2.6GHz 24 cores,24,48,,128 GB DDR5,128,2x 960 GB (SSD NVMe),1920,True,Unmetered @ 5 Gbps,"Toronto, CA",Canada,CA,614,EUR,754.0,https://valebyte.com/en/servers/intel-xeon-gold-6442y-26ghz-24-cores-toronto-ca/?utm_source=github&utm_medium=dataset&utm_campaign=dedicated-server-prices
Intel Xeon Gold 6442Y 2.6GHz 24 cores,Intel Xeon Gold 6442Y 2.6GHz 24 cores,24,48,,128 GB DDR5,128,2x 960 GB (SSD NVMe),1920,True,Unmetered @ 5 Gbps,"Montreal, CA",Canada,CA,614,EUR,754.0,https://valebyte.com/en/servers/intel-xeon-gold-6442y-26ghz-24-cores-montreal-ca/?utm_source=github&utm_medium=dataset&utm_campaign=dedicated-server-prices
AMD EPYC 9254 2.9GHz 24 cores,AMD EPYC 9254 2.9GHz 24 cores,24,48,,128 GB DDR5,128,2x 960 GB (SSD NVMe),1920,True,Unmetered @ 5 Gbps,"Toronto, CA",Canada,CA,614,EUR,754.0,https://valebyte.com/en/servers/amd-epyc-9254-29ghz-24-cores-toronto-ca/?utm_source=github&utm_medium=dataset&utm_campaign=dedicated-server-prices
AMD EPYC 9254 2.9GHz 24 cores,AMD EPYC 9254 2.9GHz 24 cores,24,48,,128 GB DDR5,128,2x 960 GB (SSD NVMe),1920,True,Unmetered @ 5 Gbps,"Montreal, CA",Canada,CA,614,EUR,754.0,https://valebyte.com/en/servers/amd-epyc-9254-29ghz-24-cores-montreal-ca/?utm_source=github&utm_medium=dataset&utm_campaign=dedicated-server-prices
AMD EPYC 9355P 3.55GHz 32 cores,AMD EPYC 9355P 3.55GHz 32 cores,32,64,,32 GB DDR5,32,2x 1 TB (SSD NVMe),2000,True,100 TB @ 10 Gbps,"Vilnius, LT",Lithuania,LT,616,EUR,756.0,https://valebyte.com/en/servers/amd-epyc-9355p-355ghz-32-cores-vilnius-lt-1/?utm_source=github&utm_medium=dataset&utm_campaign=dedicated-server-prices
Intel Xeon Platinum 8260 2.4GHz + 2x Tesla T4 32GB,Intel Xeon Platinum 8260 2.4GHz,24,48,,256 GB DDR4,256,4x 1 TB SSD SATA,4000,False,200 TB @ 1 Gbps,"Helsinki, FI",Finland,FI,758,USD,758.0,https://valebyte.com/en/servers/intel-xeon-platinum-8260-24ghz-2x-tesla-t4-32gb-helsinki-fi/?utm_source=github&utm_medium=dataset&utm_campaign=dedicated-server-prices
AMD EPYC 9124 3GHz 16 cores,AMD EPYC 9124 3GHz 16 cores,16,32,,128 GB DDR5,128,2x 960 GB (SSD NVMe),1920,True,25 TB @ 1 Gbps,"Mumbai, IN",India,IN,624,EUR,766.0,https://valebyte.com/en/servers/amd-epyc-9124-3ghz-16-cores-mumbai-in-2/?utm_source=github&utm_medium=dataset&utm_campaign=dedicated-server-prices
Intel Xeon Gold 6426Y 2.5GHz 16 cores,Intel Xeon Gold 6426Y 2.5GHz 16 cores,16,32,,128 GB DDR5,128,2x 960 GB (SSD NVMe),1920,True,25 TB @ 1 Gbps,"Mumbai, IN",India,IN,624,EUR,766.0,https://valebyte.com/en/servers/intel-xeon-gold-6426y-25ghz-16-cores-mumbai-in/?utm_source=github&utm_medium=dataset&utm_campaign=dedicated-server-prices
Intel Xeon Gold 6426Y 2.5GHz 16 cores,Intel Xeon Gold 6426Y 2.5GHz 16 cores,16,32,,128 GB DDR5,128,2x 960 GB (SSD NVMe),1920,True,25 TB @ 1 Gbps,"Sydney, AU",Australia,AU,624,EUR,766.0,https://valebyte.com/en/servers/intel-xeon-gold-6426y-25ghz-16-cores-sydney-au/?utm_source=github&utm_medium=dataset&utm_campaign=dedicated-server-prices
Intel Xeon Gold 6426Y 2.5GHz 16 cores,Intel Xeon Gold 6426Y 2.5GHz 16 cores,16,32,,128 GB DDR5,128,2x 960 GB (SSD NVMe),1920,True,25 TB @ 1 Gbps,"Singapore, SG",Singapore,SG,624,EUR,766.0,https://valebyte.com/en/servers/intel-xeon-gold-6426y-25ghz-16-cores-singapore-sg/?utm_source=github&utm_medium=dataset&utm_campaign=dedicated-server-prices
AMD EPYC 9124 3GHz 16 cores,AMD EPYC 9124 3GHz 16 cores,16,32,,128 GB DDR5,128,2x 960 GB (SSD NVMe),1920,True,25 TB @ 1 Gbps,"Singapore, SG",Singapore,SG,624,EUR,766.0,https://valebyte.com/en/servers/amd-epyc-9124-3ghz-16-cores-singapore-sg-1/?utm_source=github&utm_medium=dataset&utm_campaign=dedicated-server-prices
AMD EPYC 9124 3GHz 16 cores,AMD EPYC 9124 3GHz 16 cores,16,32,,128 GB DDR5,128,2x 960 GB (SSD NVMe),1920,True,25 TB @ 1 Gbps,"Sydney, AU",Australia,AU,624,EUR,766.0,https://valebyte.com/en/servers/amd-epyc-9124-3ghz-16-cores-sydney-au-1/?utm_source=github&utm_medium=dataset&utm_campaign=dedicated-server-prices
[Dual] Intel Xeon E5-2680 v4 2.4GHz 14 cores,[Dual] Intel Xeon E5-2680 v4 2.4GHz 14 cores,14,28,,256 GB DDR4,256,2x 2 TB (SSD SATA),4000,False,Unmetered @ 100 Mbps,"Tunis, TN",Tunisia,TN,625,EUR,767.0,https://valebyte.com/en/servers/dual-intel-xeon-e5-2680-v4-24ghz-14-cores-tunis-tn/?utm_source=github&utm_medium=dataset&utm_campaign=dedicated-server-prices
AMD Ryzen 7900 GPU,AMD Ryzen 7900 GPU,,,,128GB DDR5,128,2x2TB NVMe,4000,True,1 Gbps Unmetered,"Los Angeles, US",United States,US,769,USD,769.0,https://valebyte.com/en/servers/amd-ryzen-7900-gpu-los-angeles-us/?utm_source=github&utm_medium=dataset&utm_campaign=dedicated-server-prices
[Dual] Intel Xeon Silver 4114 2.2GHz 10 cores,[Dual] Intel Xeon Silver 4114 2.2GHz 10 cores,10,20,,128 GB DDR4,128,2x 960 GB (SSD SATA) & 2x 480 GB (SSD SATA),2880,False,50 TB @ 10 Gbps,"Sofia, BG",Bulgaria,BG,626,EUR,769.0,https://valebyte.com/en/servers/dual-intel-xeon-silver-4114-22ghz-10-cores-sofia-bg/?utm_source=github&utm_medium=dataset&utm_campaign=dedicated-server-prices
AMD EPYC 4484PX 4.4GHz 12 cores,AMD EPYC 4484PX 4.4GHz 12 cores,12,24,,96 GB DDR5,96,2x 1 TB (SSD NVMe),2000,True,20 TB @ 10 Gbps,"Sydney, AU",Australia,AU,629,EUR,772.0,https://valebyte.com/en/servers/amd-epyc-4484px-44ghz-12-cores-sydney-au/?utm_source=github&utm_medium=dataset&utm_campaign=dedicated-server-prices
AMD EPYC 9254 2.9GHz 24 cores,AMD EPYC 9254 2.9GHz 24 cores,24,48,,128 GB DDR5,128,2x 960 GB (SSD NVMe),1920,True,25 TB @ 1 Gbps,"Sydney, AU",Australia,AU,644,EUR,791.0,https://valebyte.com/en/servers/amd-epyc-9254-29ghz-24-cores-sydney-au-2/?utm_source=github&utm_medium=dataset&utm_campaign=dedicated-server-prices
Intel Xeon Gold 6438M 2.2GHz 32 cores,Intel Xeon Gold 6438M 2.2GHz 32 cores,8,8,,128 GB DDR5,128,2x 960 GB (SSD NVMe),1920,True,Unmetered @ 5 Gbps,"Montreal, CA",Canada,CA,644,EUR,791.0,https://valebyte.com/en/servers/intel-xeon-gold-6438m-22ghz-32-cores-montreal-ca/?utm_source=github&utm_medium=dataset&utm_campaign=dedicated-server-prices
AMD EPYC 9254 2.9GHz 24 cores,AMD EPYC 9254 2.9GHz 24 cores,24,48,,128 GB DDR5,128,2x 960 GB (SSD NVMe),1920,True,25 TB @ 1 Gbps,"Mumbai, IN",India,IN,644,EUR,791.0,https://valebyte.com/en/servers/amd-epyc-9254-29ghz-24-cores-mumbai-in/?utm_source=github&utm_medium=dataset&utm_campaign=dedicated-server-prices
AMD EPYC 9254 2.9GHz 24 cores,AMD EPYC 9254 2.9GHz 24 cores,24,48,,128 GB DDR5,128,2x 960 GB (SSD NVMe),1920,True,25 TB @ 1 Gbps,"Singapore, SG",Singapore,SG,644,EUR,791.0,https://valebyte.com/en/servers/amd-epyc-9254-29ghz-24-cores-singapore-sg-1/?utm_source=github&utm_medium=dataset&utm_campaign=dedicated-server-prices
Intel Xeon Gold 6438M 2.2GHz 32 cores,Intel Xeon Gold 6438M 2.2GHz 32 cores,8,8,,128 GB DDR5,128,2x 960 GB (SSD NVMe),1920,True,Unmetered @ 5 Gbps,"Toronto, CA",Canada,CA,644,EUR,791.0,https://valebyte.com/en/servers/intel-xeon-gold-6438m-22ghz-32-cores-toronto-ca/?utm_source=github&utm_medium=dataset&utm_campaign=dedicated-server-prices
AMD EPYC 7763 2.45GHz 64 cores,AMD EPYC 7763 2.45GHz 64 cores,64,128,,128 GB DDR4,128,2x 2 TB (SSD NVMe),4000,True,15 TB @ 1 Gbps,"Pune, IN",India,IN,645,EUR,792.0,https://valebyte.com/en/servers/amd-epyc-7763-245ghz-64-cores-pune-in/?utm_source=github&utm_medium=dataset&utm_campaign=dedicated-server-prices
AMD EPYC 7763 2.45GHz 64 cores,AMD EPYC 7763 2.45GHz 64 cores,64,128,,128 GB DDR4,128,2x 2 TB (SSD NVMe),4000,True,15 TB @ 1 Gbps,"New Delhi, IN",India,IN,645,EUR,792.0,https://valebyte.com/en/servers/amd-epyc-7763-245ghz-64-cores-new-delhi-in/?utm_source=github&utm_medium=dataset&utm_campaign=dedicated-server-prices
[Dual] Intel Xeon E5-2660 v3 2.6GHz 10 cores,[Dual] Intel Xeon E5-2660 v3 2.6GHz 10 cores,10,20,,128 GB DDR4,128,2x 480 GB (SSD SATA),960,False,10 TB @ 10 Gbps,"Lagos, NG",Nigeria,NG,645,EUR,792.0,https://valebyte.com/en/servers/dual-intel-xeon-e5-2660-v3-26ghz-10-cores-lagos-ng/?utm_source=github&utm_medium=dataset&utm_campaign=dedicated-server-prices
AMD EPYC 7763 2.45GHz 64 cores,AMD EPYC 7763 2.45GHz 64 cores,64,128,,128 GB DDR4,128,2x 2 TB (SSD NVMe),4000,True,15 TB @ 1 Gbps,"Mumbai, IN",India,IN,645,EUR,792.0,https://valebyte.com/en/servers/amd-epyc-7763-245ghz-64-cores-mumbai-in/?utm_source=github&utm_medium=dataset&utm_campaign=dedicated-server-prices
AMD EPYC 9274F,AMD EPYC 9274F,24,48,,384GB ECC REG DDR5,384,2x 1 TB (NVMe),2000,True,100TB @ 10Gbps,"Frankfurt, DE",Germany,DE,795,USD,795.0,https://valebyte.com/en/servers/amd-epyc-9274f-frankfurt-de/?utm_source=github&utm_medium=dataset&utm_campaign=dedicated-server-prices
AMD EPYC 9354 3.25GHz 32 cores,AMD EPYC 9354 3.25GHz 32 cores,32,64,,128 GB DDR5,128,2x 960 GB (SSD NVMe),1920,True,Unmetered @ 5 Gbps,"London, UK",UK,UK,648,EUR,796.0,https://valebyte.com/en/servers/amd-epyc-9354-325ghz-32-cores-london-uk/?utm_source=github&utm_medium=dataset&utm_campaign=dedicated-server-prices
AMD EPYC 9354 3.25GHz 32 cores,AMD EPYC 9354 3.25GHz 32 cores,32,64,,128 GB DDR5,128,2x 960 GB (SSD NVMe),1920,True,Unmetered @ 5 Gbps,"Warsaw, PL",Poland,PL,648,EUR,796.0,https://valebyte.com/en/servers/amd-epyc-9354-325ghz-32-cores-warsaw-pl/?utm_source=github&utm_medium=dataset&utm_campaign=dedicated-server-prices
AMD EPYC 9354 3.25GHz 32 cores,AMD EPYC 9354 3.25GHz 32 cores,32,64,,128 GB DDR5,128,2x 960 GB (SSD NVMe),1920,True,Unmetered @ 5 Gbps,"Frankfurt, DE",Germany,DE,648,EUR,796.0,https://valebyte.com/en/servers/amd-epyc-9354-325ghz-32-cores-frankfurt-de/?utm_source=github&utm_medium=dataset&utm_campaign=dedicated-server-prices
AMD EPYC 9354 3.25GHz 32 cores,AMD EPYC 9354 3.25GHz 32 cores,32,64,,128 GB DDR5,128,2x 960 GB (SSD NVMe),1920,True,Unmetered @ 5 Gbps,"Lille, FR",France,FR,648,EUR,796.0,https://valebyte.com/en/servers/amd-epyc-9354-325ghz-32-cores-lille-fr/?utm_source=github&utm_medium=dataset&utm_campaign=dedicated-server-prices
[Quad] Intel Xeon E5-4650 v2 2.4GHz 10 cores,[Quad] Intel Xeon E5-4650 v2 2.4GHz 10 cores,10,20,,64 GB DDR3,64,2x 960 GB (SSD SATA),1920,False,Unmetered @ 1 Gbps,"Novi Travnik, BA",Bosnia and Herzegovina,BA,648,EUR,796.0,https://valebyte.com/en/servers/quad-intel-xeon-e5-4650-v2-24ghz-10-cores-novi-travnik-ba/?utm_source=github&utm_medium=dataset&utm_campaign=dedicated-server-prices
Intel Xeon Gold 6442Y 2.6GHz 24 cores,Intel Xeon Gold 6442Y 2.6GHz 24 cores,24,48,,128 GB DDR5,128,2x 960 GB (SSD NVMe),1920,True,25 TB @ 1 Gbps,"Singapore, SG",Singapore,SG,655,EUR,804.0,https://valebyte.com/en/servers/intel-xeon-gold-6442y-26ghz-24-cores-singapore-sg/?utm_source=github&utm_medium=dataset&utm_campaign=dedicated-server-prices
Intel Xeon Gold 6442Y 2.6GHz 24 cores,Intel Xeon Gold 6442Y 2.6GHz 24 cores,24,48,,128 GB DDR5,128,2x 960 GB (SSD NVMe),1920,True,25 TB @ 1 Gbps,"Sydney, AU",Australia,AU,655,EUR,804.0,https://valebyte.com/en/servers/intel-xeon-gold-6442y-26ghz-24-cores-sydney-au/?utm_source=github&utm_medium=dataset&utm_campaign=dedicated-server-prices
Intel Xeon Gold 6442Y 2.6GHz 24 cores,Intel Xeon Gold 6442Y 2.6GHz 24 cores,24,48,,128 GB DDR5,128,2x 960 GB (SSD NVMe),1920,True,25 TB @ 1 Gbps,"Mumbai, IN",India,IN,655,EUR,804.0,https://valebyte.com/en/servers/intel-xeon-gold-6442y-26ghz-24-cores-mumbai-in/?utm_source=github&utm_medium=dataset&utm_campaign=dedicated-server-prices
[Dual] Intel Xeon Gold 6138 2GHz 20 cores,[Dual] Intel Xeon Gold 6138 2GHz 20 cores,20,40,,256 GB DDR4,256,2x 2 TB (SSD SATA),4000,False,10 TB @ 1 Gbps,"Istanbul, TR",Turkey,TR,655,EUR,804.0,https://valebyte.com/en/servers/dual-intel-xeon-gold-6138-2ghz-20-cores-istanbul-tr/?utm_source=github&utm_medium=dataset&utm_campaign=dedicated-server-prices
AMD EPYC 9454 2.75GHz 48 cores,AMD EPYC 9454 2.75GHz 48 cores,48,96,,128 GB DDR5,128,2x 960 GB (SSD NVMe),1920,True,Unmetered @ 5 Gbps,"Lille, FR",France,FR,659,EUR,809.0,https://valebyte.com/en/servers/amd-epyc-9454-275ghz-48-cores-lille-fr/?utm_source=github&utm_medium=dataset&utm_campaign=dedicated-server-prices
AMD EPYC 9454 2.75GHz 48 cores,AMD EPYC 9454 2.75GHz 48 cores,48,96,,128 GB DDR5,128,2x 960 GB (SSD NVMe),1920,True,Unmetered @ 5 Gbps,"Warsaw, PL",Poland,PL,659,EUR,809.0,https://valebyte.com/en/servers/amd-epyc-9454-275ghz-48-cores-warsaw-pl/?utm_source=github&utm_medium=dataset&utm_campaign=dedicated-server-prices
AMD EPYC 9454 2.75GHz 48 cores,AMD EPYC 9454 2.75GHz 48 cores,48,96,,128 GB DDR5,128,2x 960 GB (SSD NVMe),1920,True,Unmetered @ 5 Gbps,"London, UK",UK,UK,659,EUR,809.0,https://valebyte.com/en/servers/amd-epyc-9454-275ghz-48-cores-london-uk/?utm_source=github&utm_medium=dataset&utm_campaign=dedicated-server-prices
AMD EPYC 9454 2.75GHz 48 cores,AMD EPYC 9454 2.75GHz 48 cores,48,96,,128 GB DDR5,128,2x 960 GB (SSD NVMe),1920,True,Unmetered @ 5 Gbps,"Frankfurt, DE",Germany,DE,659,EUR,809.0,https://valebyte.com/en/servers/amd-epyc-9454-275ghz-48-cores-frankfurt-de/?utm_source=github&utm_medium=dataset&utm_campaign=dedicated-server-prices
Intel Xeon Gold 6242R 3.10GHz 2x 40 cores,Intel Xeon Gold 6242R 3.10GHz 2x 40 cores,40,80,55073,384 GB DDR4,384,2 x 1.92 TB (NVMe SSD),3840,True,Unmetered @ 1 Gbps,"Paris, FR",France,FR,660,EUR,810.0,https://valebyte.com/en/servers/intel-xeon-gold-6242r-3-10ghz-2x-40-384gb-3840gb-paris-fr-8d1d0e/?utm_source=github&utm_medium=dataset&utm_campaign=dedicated-server-prices
AMD EPYC 8434P 2.50GHz 48 cores,AMD EPYC 8434P 2.50GHz 48 cores,48,96,66490,384 GB DDR5,384,2 x 3.84 TB (NVMe),7680,True,Unmetered @ 1 Gbps,"Paris, FR",France,FR,660,EUR,810.0,https://valebyte.com/en/servers/amd-epyc-8434p-2-50ghz-48-384gb-7680gb-paris-fr-b5d036/?utm_source=github&utm_medium=dataset&utm_campaign=dedicated-server-prices
AMD EPYC 8434P 2.50GHz 48 cores,AMD EPYC 8434P 2.50GHz 48 cores,48,96,66490,384 GB DDR5,384,2 x 3.84 TB (NVMe),7680,True,Unmetered @ 1 Gbps,"Amsterdam, NL",Netherlands,NL,660,EUR,810.0,https://valebyte.com/en/servers/amd-epyc-8434p-2-50ghz-48-384gb-7680gb-amsterdam-nl-bb6161/?utm_source=github&utm_medium=dataset&utm_campaign=dedicated-server-prices
Intel Xeon Gold 6242R 3.10GHz 2x 40 cores,Intel Xeon Gold 6242R 3.10GHz 2x 40 cores,40,80,55073,384 GB DDR4,384,2 x 1.92 TB (NVMe SSD),3840,True,Unmetered @ 1 Gbps,"Amsterdam, NL",Netherlands,NL,660,EUR,810.0,https://valebyte.com/en/servers/intel-xeon-gold-6242r-3-10ghz-2x-40-384gb-3840gb-amsterdam-nl-37e791/?utm_source=github&utm_medium=dataset&utm_campaign=dedicated-server-prices
AMD EPYC 8434P 2.50GHz 48 cores,AMD EPYC 8434P 2.50GHz 48 cores,48,96,66490,384 GB DDR5,384,2 x 3.84 TB (NVMe),7680,True,Unmetered @ 1 Gbps,"Warsaw, PL",Poland,PL,660,EUR,810.0,https://valebyte.com/en/servers/amd-epyc-8434p-2-50ghz-48-384gb-7680gb-warsaw-pl-744e9b/?utm_source=github&utm_medium=dataset&utm_campaign=dedicated-server-prices
AMD EPYC 4484PX 4.4GHz 12 cores,AMD EPYC 4484PX 4.4GHz 12 cores,12,24,,96 GB DDR5,96,2x 1 TB (SSD NVMe),2000,True,20 TB @ 10 Gbps,"Buenos Aires, AR",Argentina,AR,665,EUR,817.0,https://valebyte.com/en/servers/amd-epyc-4484px-44ghz-12-cores-buenos-aires-ar/?utm_source=github&utm_medium=dataset&utm_campaign=dedicated-server-prices
AMD EPYC 4484PX 4.4GHz 12 cores,AMD EPYC 4484PX 4.4GHz 12 cores,12,24,,96 GB DDR5,96,2x 1 TB (SSD NVMe),2000,True,20 TB @ 10 Gbps,"Melbourne, AU",Australia,AU,665,EUR,817.0,https://valebyte.com/en/servers/amd-epyc-4484px-44ghz-12-cores-melbourne-au-1/?utm_source=github&utm_medium=dataset&utm_campaign=dedicated-server-prices
AMD EPYC 4484PX 4.4GHz 12 cores,AMD EPYC 4484PX 4.4GHz 12 cores,12,24,,96 GB DDR5,96,2x 1 TB (SSD NVMe),2000,True,20 TB @ 10 Gbps,"Mexico City, MX",Mexico,MX,665,EUR,817.0,https://valebyte.com/en/servers/amd-epyc-4484px-44ghz-12-cores-mexico-city-mx/?utm_source=github&utm_medium=dataset&utm_campaign=dedicated-server-prices
AMD EPYC 4484PX 4.4GHz 12 cores,AMD EPYC 4484PX 4.4GHz 12 cores,12,24,,96 GB DDR5,96,2x 1 TB (SSD NVMe),2000,True,20 TB @ 10 Gbps,"Sao Paulo, BR",Brazil,BR,665,EUR,817.0,https://valebyte.com/en/servers/amd-epyc-4484px-44ghz-12-cores-sao-paulo-br/?utm_source=github&utm_medium=dataset&utm_campaign=dedicated-server-prices
AMD EPYC 9124 3GHz 16 cores,AMD EPYC 9124 3GHz 16 cores,16,32,,128 GB DDR4,128,2x 480 GB (SSD SATA) & 2x 2 TB (SSD NVMe),4960,True,20 TB @ 10 Gbps,"Sydney, AU",Australia,AU,670,EUR,823.0,https://valebyte.com/en/servers/amd-epyc-9124-3ghz-16-cores-sydney-au/?utm_source=github&utm_medium=dataset&utm_campaign=dedicated-server-prices
AMD EPYC 9454P,AMD EPYC 9454P,,,,128 GB DDR5 ECC,128,2x 3.8 TB (NVMe),7600,True,Unmetered @ 1 Gbps,"Nuremberg, Germany",Germany,DE,675,EUR,829.0,https://valebyte.com/en/servers/amd-epyc-9454p-nuremberg-germany/?utm_source=github&utm_medium=dataset&utm_campaign=dedicated-server-prices
[Dual] Intel Xeon E5-2665 2.4GHz 8 cores,[Dual] Intel Xeon E5-2665 2.4GHz 8 cores,8,16,,128 GB DDR3,128,4x 500 GB (SSD SATA),2000,False,Unmetered @ 100 Mbps,"Kuala Lumpur, MY",Malaysia,MY,675,EUR,829.0,https://valebyte.com/en/servers/dual-intel-xeon-e5-2665-24ghz-8-cores-kuala-lumpur-my-3/?utm_source=github&utm_medium=dataset&utm_campaign=dedicated-server-prices
Intel Xeon Silver 4208 2.1GHz 8 cores,Intel Xeon Silver 4208 2.1GHz 8 cores,8,16,,128 GB DDR4,128,2x 500 GB (SSD SATA),1000,False,25 TB @ 1 Gbps,"Sao Paulo, BR",Brazil,BR,676,EUR,830.0,https://valebyte.com/en/servers/intel-xeon-silver-4208-21ghz-8-cores-sao-paulo-br-1/?utm_source=github&utm_medium=dataset&utm_campaign=dedicated-server-prices
Intel Xeon Silver 4208 2.1GHz 8 cores,Intel Xeon Silver 4208 2.1GHz 8 cores,8,16,,128 GB DDR4,128,2x 480 GB (SSD SATA),960,False,20 TB @ 1 Gbps,"Quito, EC",Ecuador,EC,686,EUR,842.0,https://valebyte.com/en/servers/intel-xeon-silver-4208-21ghz-8-cores-quito-ec/?utm_source=github&utm_medium=dataset&utm_campaign=dedicated-server-prices
Intel Xeon Silver 4208 2.1GHz 8 cores,Intel Xeon Silver 4208 2.1GHz 8 cores,8,16,,128 GB DDR4,128,2x 500 GB (SSD SATA),1000,False,20 TB @ 1 Gbps,"Guadalajara, MX",Mexico,MX,686,EUR,842.0,https://valebyte.com/en/servers/intel-xeon-silver-4208-21ghz-8-cores-guadalajara-mx-1/?utm_source=github&utm_medium=dataset&utm_campaign=dedicated-server-prices
[Dual] Intel Xeon E5-2660 v3 2.6GHz 10 cores,[Dual] Intel Xeon E5-2660 v3 2.6GHz 10 cores,10,20,,128 GB DDR4,128,2x 1 TB (SSD SATA),2000,False,10 TB @ 10 Gbps,"Lagos, NG",Nigeria,NG,686,EUR,842.0,https://valebyte.com/en/servers/dual-intel-xeon-e5-2660-v3-26ghz-10-cores-lagos-ng-1/?utm_source=github&utm_medium=dataset&utm_campaign=dedicated-server-prices
AMD EPYC 9354 3.25GHz 32 cores,AMD EPYC 9354 3.25GHz 32 cores,32,64,,128 GB DDR5,128,2x 960 GB (SSD NVMe),1920,True,Unmetered @ 5 Gbps,"Montreal, CA",Canada,CA,706,EUR,867.0,https://valebyte.com/en/servers/amd-epyc-9354-325ghz-32-cores-montreal-ca/?utm_source=github&utm_medium=dataset&utm_campaign=dedicated-server-prices
Intel Xeon Gold 6438M 2.2GHz 32 cores,Intel Xeon Gold 6438M 2.2GHz 32 cores,8,8,,128 GB DDR5,128,2x 960 GB (SSD NVMe),1920,True,Unmetered @ 5 Gbps,"Montreal, CA",Canada,CA,706,EUR,867.0,https://valebyte.com/en/servers/intel-xeon-gold-6438m-22ghz-32-cores-montreal-ca-1/?utm_source=github&utm_medium=dataset&utm_campaign=dedicated-server-prices
Intel Xeon Gold 6438M 2.2GHz 32 cores,Intel Xeon Gold 6438M 2.2GHz 32 cores,8,8,,128 GB DDR5,128,2x 960 GB (SSD NVMe),1920,True,25 TB @ 1 Gbps,"Singapore, SG",Singapore,SG,706,EUR,867.0,https://valebyte.com/en/servers/intel-xeon-gold-6438m-22ghz-32-cores-singapore-sg/?utm_source=github&utm_medium=dataset&utm_campaign=dedicated-server-prices
AMD EPYC 9124 3GHz 16 cores,AMD EPYC 9124 3GHz 16 cores,16,32,,128 GB DDR4,128,2x 480 GB (SSD SATA) & 2x 2 TB (SSD NVMe),4960,True,20 TB @ 10 Gbps,"Buenos Aires, AR",Argentina,AR,706,EUR,867.0,https://valebyte.com/en/servers/amd-epyc-9124-3ghz-16-cores-buenos-aires-ar/?utm_source=github&utm_medium=dataset&utm_campaign=dedicated-server-prices
Intel Xeon Gold 6438M 2.2GHz 32 cores,Intel Xeon Gold 6438M 2.2GHz 32 cores,8,8,,128 GB DDR5,128,2x 960 GB (SSD NVMe),1920,True,25 TB @ 1 Gbps,"Sydney, AU",Australia,AU,706,EUR,867.0,https://valebyte.com/en/servers/intel-xeon-gold-6438m-22ghz-32-cores-sydney-au/?utm_source=github&utm_medium=dataset&utm_campaign=dedicated-server-prices
AMD EPYC 9354 3.25GHz 32 cores,AMD EPYC 9354 3.25GHz 32 cores,32,64,,128 GB DDR5,128,2x 960 GB (SSD NVMe),1920,True,25 TB @ 1 Gbps,"Singapore, SG",Singapore,SG,706,EUR,867.0,https://valebyte.com/en/servers/amd-epyc-9354-325ghz-32-cores-singapore-sg/?utm_source=github&utm_medium=dataset&utm_campaign=dedicated-server-prices
AMD EPYC 9354 3.25GHz 32 cores,AMD EPYC 9354 3.25GHz 32 cores,32,64,,128 GB DDR5,128,2x 960 GB (SSD NVMe),1920,True,25 TB @ 1 Gbps,"Mumbai, IN",India,IN,706,EUR,867.0,https://valebyte.com/en/servers/amd-epyc-9354-325ghz-32-cores-mumbai-in/?utm_source=github&utm_medium=dataset&utm_campaign=dedicated-server-prices
Intel Xeon Gold 6438M 2.2GHz 32 cores,Intel Xeon Gold 6438M 2.2GHz 32 cores,8,8,,128 GB DDR5,128,2x 960 GB (SSD NVMe),1920,True,25 TB @ 1 Gbps,"Mumbai, IN",India,IN,706,EUR,867.0,https://valebyte.com/en/servers/intel-xeon-gold-6438m-22ghz-32-cores-mumbai-in/?utm_source=github&utm_medium=dataset&utm_campaign=dedicated-server-prices
Intel Xeon Gold 6438M 2.2GHz 32 cores,Intel Xeon Gold 6438M 2.2GHz 32 cores,8,8,,128 GB DDR5,128,2x 960 GB (SSD NVMe),1920,True,Unmetered @ 5 Gbps,"Toronto, CA",Canada,CA,706,EUR,867.0,https://valebyte.com/en/servers/intel-xeon-gold-6438m-22ghz-32-cores-toronto-ca-1/?utm_source=github&utm_medium=dataset&utm_campaign=dedicated-server-prices
AMD EPYC 9124 3GHz 16 cores,AMD EPYC 9124 3GHz 16 cores,16,32,,128 GB DDR4,128,2x 480 GB (SSD SATA) & 2x 2 TB (SSD NVMe),4960,True,20 TB @ 10 Gbps,"Mexico City, MX",Mexico,MX,706,EUR,867.0,https://valebyte.com/en/servers/amd-epyc-9124-3ghz-16-cores-mexico-city-mx/?utm_source=github&utm_medium=dataset&utm_campaign=dedicated-server-prices
AMD EPYC 9354 3.25GHz 32 cores,AMD EPYC 9354 3.25GHz 32 cores,32,64,,128 GB DDR5,128,2x 960 GB (SSD NVMe),1920,True,Unmetered @ 5 Gbps,"Toronto, CA",Canada,CA,706,EUR,867.0,https://valebyte.com/en/servers/amd-epyc-9354-325ghz-32-cores-toronto-ca/?utm_source=github&utm_medium=dataset&utm_campaign=dedicated-server-prices
AMD EPYC 9354 3.25GHz 32 cores,AMD EPYC 9354 3.25GHz 32 cores,32,64,,128 GB DDR5,128,2x 960 GB (SSD NVMe),1920,True,25 TB @ 1 Gbps,"Sydney, AU",Australia,AU,706,EUR,867.0,https://valebyte.com/en/servers/amd-epyc-9354-325ghz-32-cores-sydney-au/?utm_source=github&utm_medium=dataset&utm_campaign=dedicated-server-prices
[Dual] Intel Xeon Gold 5416S 2GHz 16 cores,[Dual] Intel Xeon Gold 5416S 2GHz 16 cores,16,32,,256 GB DDR4,256,4x 2 TB (SSD SATA),8000,False,Unmetered @ 1 Gbps,"Helsinki, FI",Finland,FI,715,EUR,878.0,https://valebyte.com/en/servers/dual-intel-xeon-gold-5416s-2ghz-16-cores-helsinki-fi/?utm_source=github&utm_medium=dataset&utm_campaign=dedicated-server-prices
AMD EPYC 8434P 2.5GHz 48 cores,AMD EPYC 8434P 2.5GHz 48 cores,48,96,,384 GB DDR5,384,2x 4 TB (SSD NVMe),8000,True,Unmetered @ 1 Gbps,"Amsterdam, NL",Netherlands,NL,715,EUR,878.0,https://valebyte.com/en/servers/amd-epyc-8434p-25ghz-48-cores-amsterdam-nl/?utm_source=github&utm_medium=dataset&utm_campaign=dedicated-server-prices
AMD EPYC 8434P 2.5GHz 48 cores,AMD EPYC 8434P 2.5GHz 48 cores,48,96,,384 GB DDR5,384,2x 4 TB (SSD NVMe),8000,True,Unmetered @ 1 Gbps,"Paris, FR",France,FR,715,EUR,878.0,https://valebyte.com/en/servers/amd-epyc-8434p-25ghz-48-cores-paris-fr/?utm_source=github&utm_medium=dataset&utm_campaign=dedicated-server-prices
AMD EPYC 9454 2.75GHz 48 cores,AMD EPYC 9454 2.75GHz 48 cores,48,96,,128 GB DDR5,128,2x 960 GB (SSD NVMe),1920,True,Unmetered @ 5 Gbps,"Montreal, CA",Canada,CA,716,EUR,879.0,https://valebyte.com/en/servers/amd-epyc-9454-275ghz-48-cores-montreal-ca/?utm_source=github&utm_medium=dataset&utm_campaign=dedicated-server-prices
Dual Silver 4216,Dual Silver 4216,,64,,192GB,192,500 GB (SSD),500,False,Unmetered @ 10 Gbps,"Los Angeles, US",United States,US,879,USD,879.0,https://valebyte.com/en/servers/dual-silver-4216-los-angeles-us/?utm_source=github&utm_medium=dataset&utm_campaign=dedicated-server-prices
AMD EPYC 9454 2.75GHz 48 cores,AMD EPYC 9454 2.75GHz 48 cores,48,96,,128 GB DDR5,128,2x 960 GB (SSD NVMe),1920,True,Unmetered @ 5 Gbps,"Toronto, CA",Canada,CA,716,EUR,879.0,https://valebyte.com/en/servers/amd-epyc-9454-275ghz-48-cores-toronto-ca/?utm_source=github&utm_medium=dataset&utm_campaign=dedicated-server-prices
[Dual] Intel Xeon E5-2660 v2 2.2GHz 10 cores,[Dual] Intel Xeon E5-2660 v2 2.2GHz 10 cores,10,20,,128 GB DDR3,128,4x 480 GB (SSD SATA),1920,False,Unmetered @ 100 Mbps,"Taipei, TW",Taiwan,TW,716,EUR,879.0,https://valebyte.com/en/servers/dual-intel-xeon-e5-2660-v2-22ghz-10-cores-taipei-tw-2/?utm_source=github&utm_medium=dataset&utm_campaign=dedicated-server-prices
[Dual] Intel Xeon E5-2620 2GHz 6 cores,[Dual] Intel Xeon E5-2620 2GHz 6 cores,6,12,,64 GB DDR3,64,500 GB (SSD SATA),500,False,Unmetered @ 100 Mbps,"Nairobi, KE",Kenya,KE,716,EUR,879.0,https://valebyte.com/en/servers/dual-intel-xeon-e5-2620-2ghz-6-cores-nairobi-ke-2/?utm_source=github&utm_medium=dataset&utm_campaign=dedicated-server-prices
Intel Xeon Silver 4214 2.2GHz 12 cores,Intel Xeon Silver 4214 2.2GHz 12 cores,12,24,,128 GB DDR4,128,2x 500 GB (SSD SATA),1000,False,20 TB @ 1 Gbps,"Montevideo, UY",Uruguay,UY,717,EUR,880.0,https://valebyte.com/en/servers/intel-xeon-silver-4214-22ghz-12-cores-montevideo-uy/?utm_source=github&utm_medium=dataset&utm_campaign=dedicated-server-prices
Intel Xeon Silver 4214 2.2GHz 12 cores,Intel Xeon Silver 4214 2.2GHz 12 cores,12,24,,128 GB DDR4,128,2x 500 GB (SSD SATA),1000,False,25 TB @ 1 Gbps,"Sao Paulo, BR",Brazil,BR,717,EUR,880.0,https://valebyte.com/en/servers/intel-xeon-silver-4214-22ghz-12-cores-sao-paulo-br/?utm_source=github&utm_medium=dataset&utm_campaign=dedicated-server-prices
Intel Xeon Silver 4214 2.2GHz 12 cores,Intel Xeon Silver 4214 2.2GHz 12 cores,12,24,,128 GB DDR4,128,2x 480 GB (SSD SATA),960,False,20 TB @ 1 Gbps,"Quito, EC",Ecuador,EC,717,EUR,880.0,https://valebyte.com/en/servers/intel-xeon-silver-4214-22ghz-12-cores-quito-ec/?utm_source=github&utm_medium=dataset&utm_campaign=dedicated-server-prices
AMD EPYC 7313P,"AMD EPYC 7313P, 16C/32T @ 3.0GHz",16,32,,256 GB DDR4,256,2x1.79TB (NVME),3580,True,Unmetered @ 1 Gbps,"Paris, FR",France,FR,726,EUR,891.0,https://valebyte.com/en/servers/amd-epyc-7313p-paris-fr-1/?utm_source=github&utm_medium=dataset&utm_campaign=dedicated-server-prices
AMD EPYC 7313P,"AMD EPYC 7313P, 16C/32T @ 3.0GHz",16,32,,256 GB DDR4,256,2x1.79TB (NVME),3580,True,Unmetered @ 1 Gbps,"Paris, FR",France,FR,726,EUR,891.0,https://valebyte.com/en/servers/scaleway-em-i215e-nvme-paris-fr/?utm_source=github&utm_medium=dataset&utm_campaign=dedicated-server-prices
AMD EPYC 7313P,"AMD EPYC 7313P, 16C/32T @ 3.0GHz",16,32,,256 GB DDR4,256,2x1.79TB (NVME),3580,True,Unmetered @ 1 Gbps,"Amsterdam, NL",Netherlands,NL,726,EUR,891.0,https://valebyte.com/en/servers/scaleway-em-i215e-nvme-amsterdam-nl/?utm_source=github&utm_medium=dataset&utm_campaign=dedicated-server-prices
[Dual] Intel Xeon Silver 4114 2.2GHz 10 cores,[Dual] Intel Xeon Silver 4114 2.2GHz 10 cores,10,20,,64 GB DDR4,64,1 TB (SSD SATA),1000,False,Unmetered @ 100 Mbps,"Kuala Lumpur, MY",Malaysia,MY,726,EUR,891.0,https://valebyte.com/en/servers/dual-intel-xeon-silver-4114-22ghz-10-cores-kuala-lumpur-my/?utm_source=github&utm_medium=dataset&utm_campaign=dedicated-server-prices
AMD EPYC 9124 3GHz 16 cores,AMD EPYC 9124 3GHz 16 cores,16,32,,128 GB DDR5,128,2x 960 GB (SSD NVMe),1920,True,25 TB @ 1 Gbps,"Mumbai, IN",India,IN,727,EUR,893.0,https://valebyte.com/en/servers/amd-epyc-9124-3ghz-16-cores-mumbai-in/?utm_source=github&utm_medium=dataset&utm_campaign=dedicated-server-prices
AMD EPYC 9124 3GHz 16 cores,AMD EPYC 9124 3GHz 16 cores,16,32,,128 GB DDR5,128,2x 960 GB (SSD NVMe),1920,True,25 TB @ 1 Gbps,"Pune, IN",India,IN,727,EUR,893.0,https://valebyte.com/en/servers/amd-epyc-9124-3ghz-16-cores-pune-in-1/?utm_source=github&utm_medium=dataset&utm_campaign=dedicated-server-prices
AMD EPYC 9124 3GHz 16 cores,AMD EPYC 9124 3GHz 16 cores,16,32,,128 GB DDR5,128,2x 960 GB (SSD NVMe),1920,True,25 TB @ 1 Gbps,"New Delhi, IN",India,IN,727,EUR,893.0,https://valebyte.com/en/servers/amd-epyc-9124-3ghz-16-cores-new-delhi-in-1/?utm_source=github&utm_medium=dataset&utm_campaign=dedicated-server-prices
[Dual] Intel Xeon Gold 6132 2.6GHz 14 cores,[Dual] Intel Xeon Gold 6132 2.6GHz 14 cores,14,28,,256 GB DDR4,256,2x 960 GB (SSD SATA),1920,False,50 TB @ 10 Gbps,"Warsaw, PL",Poland,PL,736,EUR,904.0,https://valebyte.com/en/servers/dual-intel-xeon-gold-6132-26ghz-14-cores-warsaw-pl/?utm_source=github&utm_medium=dataset&utm_campaign=dedicated-server-prices
AMD EPYC 9124 3GHz 16 cores,AMD EPYC 9124 3GHz 16 cores,16,32,,128 GB DDR4,128,2x 480 GB (SSD SATA) & 2x 2 TB (SSD NVMe),4960,True,20 TB @ 10 Gbps,"Santiago, CL",Chile,CL,737,EUR,905.0,https://valebyte.com/en/servers/amd-epyc-9124-3ghz-16-cores-santiago-cl/?utm_source=github&utm_medium=dataset&utm_campaign=dedicated-server-prices
[Dual] AMD EPYC 7642 2.3GHz 48 cores,[Dual] AMD EPYC 7642 2.3GHz 48 cores,48,96,,128 GB DDR4,128,1 TB (SSD NVMe),1000,True,20 TB @ 10 Gbps,"Vancouver, CA",Canada,CA,738,EUR,906.0,https://valebyte.com/en/servers/dual-amd-epyc-7642-23ghz-48-cores-vancouver-ca/?utm_source=github&utm_medium=dataset&utm_campaign=dedicated-server-prices
AMD EPYC 7443P 2.85GHz 24 cores,AMD EPYC 7443P 2.85GHz 24 cores,24,48,,256 GB DDR4,256,2x 2 TB (SSD NVMe),4000,True,20 TB @ 10 Gbps,"Mexico City, MX",Mexico,MX,747,EUR,917.0,https://valebyte.com/en/servers/amd-epyc-7443p-285ghz-24-cores-mexico-city-mx/?utm_source=github&utm_medium=dataset&utm_campaign=dedicated-server-prices
[Dual] Intel Xeon Silver 4114 2.2GHz 10 cores,[Dual] Intel Xeon Silver 4114 2.2GHz 10 cores,10,20,,128 GB DDR4,128,2x 960 GB (SSD SATA),1920,False,50 TB @ 10 Gbps,"Dubai, AE",United Arab Emirates,AE,747,EUR,917.0,https://valebyte.com/en/servers/dual-intel-xeon-silver-4114-22ghz-10-cores-dubai-ae/?utm_source=github&utm_medium=dataset&utm_campaign=dedicated-server-prices
AMD EPYC 7443P 2.85GHz 24 cores,AMD EPYC 7443P 2.85GHz 24 cores,24,48,,256 GB DDR4,256,2x 2 TB (SSD NVMe),4000,True,20 TB @ 10 Gbps,"Buenos Aires, AR",Argentina,AR,747,EUR,917.0,https://valebyte.com/en/servers/amd-epyc-7443p-285ghz-24-cores-buenos-aires-ar/?utm_source=github&utm_medium=dataset&utm_campaign=dedicated-server-prices
AMD EPYC 7313P 3GHz 16 cores,AMD EPYC 7313P 3GHz 16 cores,16,32,,256 GB DDR4,256,6x 4 TB (SSD NVMe),24000,True,Unmetered @ 10 Gbps,"Paris, FR",France,FR,770,EUR,945.0,https://valebyte.com/en/servers/amd-epyc-7313p-3ghz-16-cores-paris-fr-1/?utm_source=github&utm_medium=dataset&utm_campaign=dedicated-server-prices
AMD EPYC 8224P,"AMD EPYC 8224P, 24C/48T @ 2.5GHz",24,48,,192 GB DDR5,192,2x1.79TB (NVME),3580,True,Unmetered @ 1 Gbps,"Paris, FR",France,FR,771,EUR,947.0,https://valebyte.com/en/servers/amd-epyc-8224p-paris-fr/?utm_source=github&utm_medium=dataset&utm_campaign=dedicated-server-prices
AMD EPYC 8224P,"AMD EPYC 8224P, 24C/48T @ 2.5GHz",24,48,,192 GB DDR5,192,2x1.79TB (NVME),3580,True,Unmetered @ 1 Gbps,"Paris, FR",France,FR,771,EUR,947.0,https://valebyte.com/en/servers/scaleway-em-i320e-nvme-paris-fr/?utm_source=github&utm_medium=dataset&utm_campaign=dedicated-server-prices
AMD EPYC 8224P,"AMD EPYC 8224P, 24C/48T @ 2.5GHz",24,48,,192 GB DDR5,192,2x1.79TB (NVME),3580,True,Unmetered @ 1 Gbps,"Amsterdam, NL",Netherlands,NL,771,EUR,947.0,https://valebyte.com/en/servers/scaleway-em-i320e-nvme-amsterdam-nl/?utm_source=github&utm_medium=dataset&utm_campaign=dedicated-server-prices
AMD EPYC 8224P,"AMD EPYC 8224P, 24C/48T @ 2.5GHz",24,48,,192 GB DDR5,192,2x1.79TB (NVME),3580,True,Unmetered @ 1 Gbps,"Amsterdam, NL",Netherlands,NL,771,EUR,947.0,https://valebyte.com/en/servers/amd-epyc-8224p-amsterdam-nl/?utm_source=github&utm_medium=dataset&utm_campaign=dedicated-server-prices
AMD EPYC 9454 2.75GHz 48 cores,AMD EPYC 9454 2.75GHz 48 cores,48,96,,128 GB DDR5,128,2x 960 GB (SSD NVMe),1920,True,25 TB @ 1 Gbps,"Singapore, SG",Singapore,SG,778,EUR,955.0,https://valebyte.com/en/servers/amd-epyc-9454-275ghz-48-cores-singapore-sg/?utm_source=github&utm_medium=dataset&utm_campaign=dedicated-server-prices
AMD EPYC 9454 2.75GHz 48 cores,AMD EPYC 9454 2.75GHz 48 cores,48,96,,128 GB DDR5,128,2x 960 GB (SSD NVMe),1920,True,25 TB @ 1 Gbps,"Mumbai, IN",India,IN,778,EUR,955.0,https://valebyte.com/en/servers/amd-epyc-9454-275ghz-48-cores-mumbai-in/?utm_source=github&utm_medium=dataset&utm_campaign=dedicated-server-prices
AMD EPYC 9454 2.75GHz 48 cores,AMD EPYC 9454 2.75GHz 48 cores,48,96,,128 GB DDR5,128,2x 960 GB (SSD NVMe),1920,True,25 TB @ 1 Gbps,"Sydney, AU",Australia,AU,778,EUR,955.0,https://valebyte.com/en/servers/amd-epyc-9454-275ghz-48-cores-sydney-au/?utm_source=github&utm_medium=dataset&utm_campaign=dedicated-server-prices
AMD EPYC 9554 3.1GHz 64 cores,AMD EPYC 9554 3.1GHz 64 cores,64,128,,128 GB DDR5,128,2x 960 GB (SSD NVMe),1920,True,Unmetered @ 5 Gbps,"Lille, FR",France,FR,780,EUR,958.0,https://valebyte.com/en/servers/amd-epyc-9554-31ghz-64-cores-lille-fr/?utm_source=github&utm_medium=dataset&utm_campaign=dedicated-server-prices
AMD EPYC 9554 3.1GHz 64 cores,AMD EPYC 9554 3.1GHz 64 cores,64,128,,128 GB DDR5,128,2x 960 GB (SSD NVMe),1920,True,Unmetered @ 5 Gbps,"Frankfurt, DE",Germany,DE,780,EUR,958.0,https://valebyte.com/en/servers/amd-epyc-9554-31ghz-64-cores-frankfurt-de/?utm_source=github&utm_medium=dataset&utm_campaign=dedicated-server-prices
AMD EPYC 9554 3.1GHz 64 cores,AMD EPYC 9554 3.1GHz 64 cores,64,128,,128 GB DDR5,128,2x 960 GB (SSD NVMe),1920,True,Unmetered @ 5 Gbps,"Warsaw, PL",Poland,PL,780,EUR,958.0,https://valebyte.com/en/servers/amd-epyc-9554-31ghz-64-cores-warsaw-pl/?utm_source=github&utm_medium=dataset&utm_campaign=dedicated-server-prices
AMD EPYC 9554 3.1GHz 64 cores,AMD EPYC 9554 3.1GHz 64 cores,64,128,,128 GB DDR5,128,2x 960 GB (SSD NVMe),1920,True,Unmetered @ 5 Gbps,"London, UK",UK,UK,780,EUR,958.0,https://valebyte.com/en/servers/amd-epyc-9554-31ghz-64-cores-london-uk/?utm_source=github&utm_medium=dataset&utm_campaign=dedicated-server-prices
AMD EPYC 9334 2.7GHz 32 cores,AMD EPYC 9334 2.7GHz 32 cores,32,64,,128 GB DDR5,128,2x 960 GB (SSD NVMe),1920,True,25 TB @ 1 Gbps,"New Delhi, IN",India,IN,789,EUR,969.0,https://valebyte.com/en/servers/amd-epyc-9334-27ghz-32-cores-new-delhi-in/?utm_source=github&utm_medium=dataset&utm_campaign=dedicated-server-prices
AMD EPYC 9334 2.7GHz 32 cores,AMD EPYC 9334 2.7GHz 32 cores,32,64,,128 GB DDR5,128,2x 960 GB (SSD NVMe),1920,True,25 TB @ 1 Gbps,"Mumbai, IN",India,IN,789,EUR,969.0,https://valebyte.com/en/servers/amd-epyc-9334-27ghz-32-cores-mumbai-in/?utm_source=github&utm_medium=dataset&utm_campaign=dedicated-server-prices
AMD EPYC 9334 2.7GHz 32 cores,AMD EPYC 9334 2.7GHz 32 cores,32,64,,128 GB DDR5,128,2x 960 GB (SSD NVMe),1920,True,25 TB @ 1 Gbps,"Pune, IN",India,IN,789,EUR,969.0,https://valebyte.com/en/servers/amd-epyc-9334-27ghz-32-cores-pune-in/?utm_source=github&utm_medium=dataset&utm_campaign=dedicated-server-prices
AMD EPYC 8534P 2.30GHz 64 cores,AMD EPYC 8534P 2.30GHz 64 cores,64,128,71900,576 GB DDR5,576,2 x 3.84 TB (NVMe),7680,True,Unmetered @ 1 Gbps,"Paris, FR",France,FR,792,EUR,972.0,https://valebyte.com/en/servers/amd-epyc-8534p-2-30ghz-64-576gb-7680gb-paris-fr-e0ba0b/?utm_source=github&utm_medium=dataset&utm_campaign=dedicated-server-prices
AMD EPYC 8534P 2.30GHz 64 cores,AMD EPYC 8534P 2.30GHz 64 cores,64,128,71900,576 GB DDR5,576,2 x 3.84 TB (NVMe SSD),7680,True,Unmetered @ 1 Gbps,"Amsterdam, NL",Netherlands,NL,792,EUR,972.0,https://valebyte.com/en/servers/amd-epyc-8534p-2-30ghz-64-576gb-7680gb-amsterdam-nl-4a7f17/?utm_source=github&utm_medium=dataset&utm_campaign=dedicated-server-prices
AMD EPYC 8534P 2.30GHz 64 cores,AMD EPYC 8534P 2.30GHz 64 cores,64,128,71900,576 GB DDR5,576,2 x 3.84 TB (NVMe SSD),7680,True,Unmetered @ 1 Gbps,"Paris, FR",France,FR,792,EUR,972.0,https://valebyte.com/en/servers/amd-epyc-8534p-2-30ghz-64-576gb-7680gb-paris-fr-ee4488/?utm_source=github&utm_medium=dataset&utm_campaign=dedicated-server-prices
AMD EPYC 8534P 2.30GHz 64 cores,AMD EPYC 8534P 2.30GHz 64 cores,64,128,71900,576 GB DDR5,576,2 x 3.84 TB (NVMe),7680,True,Unmetered @ 1 Gbps,"Amsterdam, NL",Netherlands,NL,792,EUR,972.0,https://valebyte.com/en/servers/amd-epyc-8534p-2-30ghz-64-576gb-7680gb-amsterdam-nl-f59e9e/?utm_source=github&utm_medium=dataset&utm_campaign=dedicated-server-prices
AMD EPYC 8534P 2.30GHz 64 cores,AMD EPYC 8534P 2.30GHz 64 cores,64,128,71900,576 GB DDR5,576,2 x 3.84 TB (NVMe),7680,True,Unmetered @ 1 Gbps,"Warsaw, PL",Poland,PL,792,EUR,972.0,https://valebyte.com/en/servers/amd-epyc-8534p-2-30ghz-64-576gb-7680gb-warsaw-pl-97014f/?utm_source=github&utm_medium=dataset&utm_campaign=dedicated-server-prices
[Dual] Intel Xeon Gold 6132 2.6GHz 14 cores,[Dual] Intel Xeon Gold 6132 2.6GHz 14 cores,14,28,,128 GB DDR4,128,2x 960 GB (SSD SATA),1920,False,50 TB @ 10 Gbps,"Dubai, AE",United Arab Emirates,AE,818,EUR,1004.0,https://valebyte.com/en/servers/dual-intel-xeon-gold-6132-26ghz-14-cores-dubai-ae/?utm_source=github&utm_medium=dataset&utm_campaign=dedicated-server-prices
AMD EPYC 9554 3.1GHz 64 cores,AMD EPYC 9554 3.1GHz 64 cores,64,128,,128 GB DDR5,128,2x 960 GB (SSD NVMe),1920,True,25 TB @ 1 Gbps,"New Delhi, IN",India,IN,820,EUR,1007.0,https://valebyte.com/en/servers/amd-epyc-9554-31ghz-64-cores-new-delhi-in/?utm_source=github&utm_medium=dataset&utm_campaign=dedicated-server-prices
AMD EPYC 9554 3.1GHz 64 cores,AMD EPYC 9554 3.1GHz 64 cores,64,128,,128 GB DDR5,128,2x 960 GB (SSD NVMe),1920,True,25 TB @ 1 Gbps,"Pune, IN",India,IN,820,EUR,1007.0,https://valebyte.com/en/servers/amd-epyc-9554-31ghz-64-cores-pune-in/?utm_source=github&utm_medium=dataset&utm_campaign=dedicated-server-prices
Intel Xeon Silver 4208 2.1GHz 8 cores,Intel Xeon Silver 4208 2.1GHz 8 cores,8,16,,128 GB DDR4,128,2x 1 TB (SSD NVMe),2000,True,25 TB @ 1 Gbps,"Queretaro, MX",Mexico,MX,820,EUR,1007.0,https://valebyte.com/en/servers/intel-xeon-silver-4208-21ghz-8-cores-queretaro-mx/?utm_source=github&utm_medium=dataset&utm_campaign=dedicated-server-prices
AMD EPYC 9554 3.1GHz 64 cores,AMD EPYC 9554 3.1GHz 64 cores,64,128,,128 GB DDR5,128,2x 960 GB (SSD NVMe),1920,True,25 TB @ 1 Gbps,"Mumbai, IN",India,IN,820,EUR,1007.0,https://valebyte.com/en/servers/amd-epyc-9554-31ghz-64-cores-mumbai-in/?utm_source=github&utm_medium=dataset&utm_campaign=dedicated-server-prices
[Dual] Intel Xeon E5-2680 v3 2.5GHz 12 cores,[Dual] Intel Xeon E5-2680 v3 2.5GHz 12 cores,12,24,,64 GB DDR4,64,2x 2 TB (HDD SATA),4000,False,20 TB @ 1 Gbps,"Luxembourg, LU",Luxembourg,LU,824,EUR,1012.0,https://valebyte.com/en/servers/dual-intel-xeon-e5-2680-v3-25ghz-12-cores-luxembourg-lu/?utm_source=github&utm_medium=dataset&utm_campaign=dedicated-server-prices
[Dual] Intel Xeon Silver 4114 2.2GHz 10 cores,[Dual] Intel Xeon Silver 4114 2.2GHz 10 cores,10,20,,128 GB DDR4,128,2x 960 GB (SSD SATA) & 2x 480 GB (SSD SATA),2880,False,Unmetered @ 1 Gbps,"Sofia, BG",Bulgaria,BG,824,EUR,1012.0,https://valebyte.com/en/servers/dual-intel-xeon-silver-4114-22ghz-10-cores-sofia-bg-1/?utm_source=github&utm_medium=dataset&utm_campaign=dedicated-server-prices
[Dual] Intel Xeon Gold 6140 2.3GHz 18 cores,[Dual] Intel Xeon Gold 6140 2.3GHz 18 cores,18,36,,768 GB DDR4,768,8x 1 TB (SSD NVMe),8000,True,Unmetered @ 1 Gbps,"Paris, FR",France,FR,825,EUR,1013.0,https://valebyte.com/en/servers/dual-intel-xeon-gold-6140-23ghz-18-cores-paris-fr/?utm_source=github&utm_medium=dataset&utm_campaign=dedicated-server-prices
AMD EPYC 9554 3.1GHz 64 cores,AMD EPYC 9554 3.1GHz 64 cores,64,128,,128 GB DDR5,128,2x 960 GB (SSD NVMe),1920,True,Unmetered @ 5 Gbps,"Toronto, CA",Canada,CA,839,EUR,1030.0,https://valebyte.com/en/servers/amd-epyc-9554-31ghz-64-cores-toronto-ca/?utm_source=github&utm_medium=dataset&utm_campaign=dedicated-server-prices
AMD EPYC 9554 3.1GHz 64 cores,AMD EPYC 9554 3.1GHz 64 cores,64,128,,128 GB DDR5,128,2x 960 GB (SSD NVMe),1920,True,25 TB @ 1 Gbps,"Mumbai, IN",India,IN,839,EUR,1030.0,https://valebyte.com/en/servers/amd-epyc-9554-31ghz-64-cores-mumbai-in-1/?utm_source=github&utm_medium=dataset&utm_campaign=dedicated-server-prices
AMD EPYC 9554 3.1GHz 64 cores,AMD EPYC 9554 3.1GHz 64 cores,64,128,,128 GB DDR5,128,2x 960 GB (SSD NVMe),1920,True,25 TB @ 1 Gbps,"Sydney, AU",Australia,AU,839,EUR,1030.0,https://valebyte.com/en/servers/amd-epyc-9554-31ghz-64-cores-sydney-au/?utm_source=github&utm_medium=dataset&utm_campaign=dedicated-server-prices
AMD EPYC 9554 3.1GHz 64 cores,AMD EPYC 9554 3.1GHz 64 cores,64,128,,128 GB DDR5,128,2x 960 GB (SSD NVMe),1920,True,25 TB @ 1 Gbps,"Singapore, SG",Singapore,SG,839,EUR,1030.0,https://valebyte.com/en/servers/amd-epyc-9554-31ghz-64-cores-singapore-sg/?utm_source=github&utm_medium=dataset&utm_campaign=dedicated-server-prices
AMD EPYC 9554 3.1GHz 64 cores,AMD EPYC 9554 3.1GHz 64 cores,64,128,,128 GB DDR5,128,2x 960 GB (SSD NVMe),1920,True,Unmetered @ 5 Gbps,"Montreal, CA",Canada,CA,839,EUR,1030.0,https://valebyte.com/en/servers/amd-epyc-9554-31ghz-64-cores-montreal-ca/?utm_source=github&utm_medium=dataset&utm_campaign=dedicated-server-prices
[Dual] AMD EPYC 7543 2.8GHz 32 cores,[Dual] AMD EPYC 7543 2.8GHz 32 cores,32,64,,256 GB DDR4,256,2x 2 TB (SSD NVMe),4000,True,15 TB @ 1 Gbps,"New Delhi, IN",India,IN,850,EUR,1044.0,https://valebyte.com/en/servers/dual-amd-epyc-7543-28ghz-32-cores-new-delhi-in/?utm_source=github&utm_medium=dataset&utm_campaign=dedicated-server-prices
[Dual] AMD EPYC 7543 2.8GHz 32 cores,[Dual] AMD EPYC 7543 2.8GHz 32 cores,32,64,,256 GB DDR4,256,2x 2 TB (SSD NVMe),4000,True,15 TB @ 1 Gbps,"Pune, IN",India,IN,850,EUR,1044.0,https://valebyte.com/en/servers/dual-amd-epyc-7543-28ghz-32-cores-pune-in/?utm_source=github&utm_medium=dataset&utm_campaign=dedicated-server-prices
[Dual] AMD EPYC 7543 2.8GHz 32 cores,[Dual] AMD EPYC 7543 2.8GHz 32 cores,32,64,,256 GB DDR4,256,2x 2 TB (SSD NVMe),4000,True,15 TB @ 1 Gbps,"Mumbai, IN",India,IN,850,EUR,1044.0,https://valebyte.com/en/servers/dual-amd-epyc-7543-28ghz-32-cores-mumbai-in/?utm_source=github&utm_medium=dataset&utm_campaign=dedicated-server-prices
AMD EPYC 9275F,AMD EPYC 9275F,24,48,,384GB ECC REG DDR5,384,"2x 1 TB (NVMe), 2x 2 TB (NVMe)",6000,True,100TB @ 10Gbps,"Singapore, SG",Singapore,SG,1045,USD,1045.0,https://valebyte.com/en/servers/amd-epyc-9275f-singapore-sg/?utm_source=github&utm_medium=dataset&utm_campaign=dedicated-server-prices
AMD EPYC 9275F,AMD EPYC 9275F,24,48,,384GB ECC REG DDR5,384,"2x 1 TB (NVMe), 2x 2 TB (NVMe)",6000,True,100TB @ 10Gbps,"Siauliai, LT",Lithuania,LT,1045,USD,1045.0,https://valebyte.com/en/servers/amd-epyc-9275f-siauliai-lt/?utm_source=github&utm_medium=dataset&utm_campaign=dedicated-server-prices
AMD EPYC 8434P 2.50GHz 48 cores,AMD EPYC 8434P 2.50GHz 48 cores,48,96,66490,384 GB DDR5,384,4 x 7.68 TB (NVMe),30720,True,Unmetered @ 1 Gbps,"Warsaw, PL",Poland,PL,858,EUR,1053.0,https://valebyte.com/en/servers/amd-epyc-8434p-2-50ghz-48-384gb-30720gb-warsaw-pl-9218fb/?utm_source=github&utm_medium=dataset&utm_campaign=dedicated-server-prices
AMD EPYC 8434P 2.50GHz 48 cores,AMD EPYC 8434P 2.50GHz 48 cores,48,96,66490,384 GB DDR5,384,4 x 7.68 TB (NVMe),30720,True,Unmetered @ 1 Gbps,"Paris, FR",France,FR,858,EUR,1053.0,https://valebyte.com/en/servers/amd-epyc-8434p-2-50ghz-48-384gb-30720gb-paris-fr-6c5764/?utm_source=github&utm_medium=dataset&utm_campaign=dedicated-server-prices
AMD EPYC 8534P 2.3GHz 64 cores,AMD EPYC 8534P 2.3GHz 64 cores,64,128,,576 GB DDR5,576,2x 4 TB (SSD NVMe),8000,True,Unmetered @ 1 Gbps,"Paris, FR",France,FR,858,EUR,1053.0,https://valebyte.com/en/servers/amd-epyc-8534p-23ghz-64-cores-paris-fr/?utm_source=github&utm_medium=dataset&utm_campaign=dedicated-server-prices
AMD EPYC 8434P 2.50GHz 48 cores,AMD EPYC 8434P 2.50GHz 48 cores,48,96,66490,384 GB DDR5,384,4 x 7.68 TB (NVMe),30720,True,Unmetered @ 1 Gbps,"Amsterdam, NL",Netherlands,NL,858,EUR,1053.0,https://valebyte.com/en/servers/amd-epyc-8434p-2-50ghz-48-384gb-30720gb-amsterdam-nl-f7adfa/?utm_source=github&utm_medium=dataset&utm_campaign=dedicated-server-prices
AMD EPYC 8534P 2.3GHz 64 cores,AMD EPYC 8534P 2.3GHz 64 cores,64,128,,576 GB DDR5,576,2x 4 TB (SSD NVMe),8000,True,Unmetered @ 1 Gbps,"Amsterdam, NL",Netherlands,NL,858,EUR,1053.0,https://valebyte.com/en/servers/amd-epyc-8534p-23ghz-64-cores-amsterdam-nl/?utm_source=github&utm_medium=dataset&utm_campaign=dedicated-server-prices
AMD EPYC 4564P 4.5GHz 16 cores,AMD EPYC 4564P 4.5GHz 16 cores,16,32,,192 GB DDR5,192,2x 480 GB (SSD SATA) & 2x 2 TB (SSD NVMe),4960,True,20 TB @ 10 Gbps,"Singapore, SG",Singapore,SG,880,EUR,1080.0,https://valebyte.com/en/servers/amd-epyc-4564p-45ghz-16-cores-singapore-sg/?utm_source=github&utm_medium=dataset&utm_campaign=dedicated-server-prices
[Dual] Intel Xeon Platinum 8168 2.7GHz 24 cores,[Dual] Intel Xeon Platinum 8168 2.7GHz 24 cores,24,48,,512 GB DDR4,512,2x 960 GB (SSD SATA),1920,False,5 TB @ 1 Gbps,"Baku, AZ",Azerbaijan,AZ,890,EUR,1093.0,https://valebyte.com/en/servers/dual-intel-xeon-platinum-8168-27ghz-24-cores-baku-az/?utm_source=github&utm_medium=dataset&utm_campaign=dedicated-server-prices
[Dual] AMD EPYC 9254 2.9GHz 24 cores,[Dual] AMD EPYC 9254 2.9GHz 24 cores,24,48,,64 GB DDR5,64,2x 1 TB (SSD NVMe),2000,True,100 TB @ 10 Gbps,"Vilnius, LT",Lithuania,LT,891,EUR,1094.0,https://valebyte.com/en/servers/dual-amd-epyc-9254-29ghz-24-cores-vilnius-lt/?utm_source=github&utm_medium=dataset&utm_campaign=dedicated-server-prices
AMD EPYC 7313P 3.00GHz 16 cores,AMD EPYC 7313P 3.00GHz 16 cores,16,32,42057,256 GB DDR4,256,6 x 3.84 TB (NVMe SSD),23040,True,Unmetered @ 1 Gbps,"Paris, FR",France,FR,898,EUR,1102.0,https://valebyte.com/en/servers/amd-epyc-7313p-3-00ghz-16-256gb-23040gb-paris-fr-e7c506/?utm_source=github&utm_medium=dataset&utm_campaign=dedicated-server-prices
[Dual] Intel Xeon Gold 6142 2.6GHz 16 cores,[Dual] Intel Xeon Gold 6142 2.6GHz 16 cores,16,32,,256 GB DDR4,256,2x 6.33 TB (SSD NVMe),12660,True,10 TB @ 10 Gbps,"Tokyo, JP",Japan,JP,912,EUR,1120.0,https://valebyte.com/en/servers/dual-intel-xeon-gold-6142-26ghz-16-cores-tokyo-jp/?utm_source=github&utm_medium=dataset&utm_campaign=dedicated-server-prices
Intel Xeon E5-2680 v3 2.5GHz 12 cores,Intel Xeon E5-2680 v3 2.5GHz 12 cores,12,24,,256 GB DDR4,256,10x 450 GB (SSD SATA),4500,False,15 TB @ 1 Gbps,"Tripoli, LY",Libya,LY,921,EUR,1131.0,https://valebyte.com/en/servers/intel-xeon-e5-2680-v3-25ghz-12-cores-tripoli-ly/?utm_source=github&utm_medium=dataset&utm_campaign=dedicated-server-prices
[Dual] Intel Xeon E5-2620 2GHz 6 cores,[Dual] Intel Xeon E5-2620 2GHz 6 cores,6,12,,128 GB DDR3,128,500 GB (SSD SATA),500,False,Unmetered @ 100 Mbps,"Nairobi, KE",Kenya,KE,921,EUR,1131.0,https://valebyte.com/en/servers/dual-intel-xeon-e5-2620-2ghz-6-cores-nairobi-ke-3/?utm_source=github&utm_medium=dataset&utm_campaign=dedicated-server-prices
AMD EPYC 9654 2.4GHz 96 cores,AMD EPYC 9654 2.4GHz 96 cores,96,192,,128 GB DDR5,128,2x 960 GB (SSD NVMe),1920,True,Unmetered @ 5 Gbps,"Frankfurt, DE",Germany,DE,923,EUR,1133.0,https://valebyte.com/en/servers/amd-epyc-9654-24ghz-96-cores-frankfurt-de/?utm_source=github&utm_medium=dataset&utm_campaign=dedicated-server-prices
AMD EPYC 9654 2.4GHz 96 cores,AMD EPYC 9654 2.4GHz 96 cores,96,192,,128 GB DDR5,128,2x 960 GB (SSD NVMe),1920,True,Unmetered @ 5 Gbps,"Lille, FR",France,FR,923,EUR,1133.0,https://valebyte.com/en/servers/amd-epyc-9654-24ghz-96-cores-lille-fr/?utm_source=github&utm_medium=dataset&utm_campaign=dedicated-server-prices
AMD EPYC 9654 2.4GHz 96 cores,AMD EPYC 9654 2.4GHz 96 cores,96,192,,128 GB DDR5,128,2x 960 GB (SSD NVMe),1920,True,Unmetered @ 5 Gbps,"Warsaw, PL",Poland,PL,923,EUR,1133.0,https://valebyte.com/en/servers/amd-epyc-9654-24ghz-96-cores-warsaw-pl/?utm_source=github&utm_medium=dataset&utm_campaign=dedicated-server-prices
AMD EPYC 9654 2.4GHz 96 cores,AMD EPYC 9654 2.4GHz 96 cores,96,192,,128 GB DDR5,128,2x 960 GB (SSD NVMe),1920,True,Unmetered @ 5 Gbps,"London, UK",UK,UK,923,EUR,1133.0,https://valebyte.com/en/servers/amd-epyc-9654-24ghz-96-cores-london-uk/?utm_source=github&utm_medium=dataset&utm_campaign=dedicated-server-prices
AMD EPYC 9454P,AMD EPYC 9454P,,,,256 GB DDR5 ECC,256,2x 1.9 TB (NVMe),3800,True,Unmetered @ 1 Gbps,"Nuremberg, Germany",Germany,DE,928,EUR,1139.0,https://valebyte.com/en/servers/amd-epyc-9454p-nuremberg-germany-1/?utm_source=github&utm_medium=dataset&utm_campaign=dedicated-server-prices
AMD EPYC 4564P 4.5GHz 16 cores,AMD EPYC 4564P 4.5GHz 16 cores,16,32,,192 GB DDR5,192,2x 480 GB (SSD SATA) & 2x 2 TB (SSD NVMe),4960,True,20 TB @ 10 Gbps,"Sydney, AU",Australia,AU,936,EUR,1149.0,https://valebyte.com/en/servers/amd-epyc-4564p-45ghz-16-cores-sydney-au/?utm_source=github&utm_medium=dataset&utm_campaign=dedicated-server-prices
AMD Threadripper PRO 7965WX,AMD Threadripper PRO 7965WX,24,48,,512GB ECC REG DDR5,512,"2x 1 TB (NVMe), 2x 4 TB (NVMe)",10000,True,100TB @ 3Gbps,"Frankfurt, DE",Germany,DE,1164,USD,1164.0,https://valebyte.com/en/servers/amd-threadripper-pro-7965wx-frankfurt-de/?utm_source=github&utm_medium=dataset&utm_campaign=dedicated-server-prices
AMD Threadripper PRO 7965WX,AMD Threadripper PRO 7965WX,24,48,,512GB ECC REG DDR5,512,"2x 1 TB (NVMe), 2x 4 TB (NVMe)",10000,True,100TB @ 3Gbps,"Chicago, US",United States,US,1164,USD,1164.0,https://valebyte.com/en/servers/amd-threadripper-pro-7965wx-chicago-us/?utm_source=github&utm_medium=dataset&utm_campaign=dedicated-server-prices
AMD Threadripper PRO 7965WX,AMD Threadripper PRO 7965WX,24,48,,512GB ECC REG DDR5,512,"2x 1 TB (NVMe), 2x 4 TB (NVMe)",10000,True,100TB @ 3Gbps,"Amsterdam, NL",Netherlands,NL,1164,USD,1164.0,https://valebyte.com/en/servers/amd-threadripper-pro-7965wx-amsterdam-nl/?utm_source=github&utm_medium=dataset&utm_campaign=dedicated-server-prices
AMD Threadripper PRO 7965WX,AMD Threadripper PRO 7965WX,24,48,,512GB ECC REG DDR5,512,"2x 1 TB (NVMe), 2x 4 TB (NVMe)",10000,True,100TB @ 3Gbps,"Stockholm, SE",Sweden,SE,1164,USD,1164.0,https://valebyte.com/en/servers/amd-threadripper-pro-7965wx-stockholm-se/?utm_source=github&utm_medium=dataset&utm_campaign=dedicated-server-prices
AMD Threadripper PRO 7965WX,AMD Threadripper PRO 7965WX,24,48,,512GB ECC REG DDR5,512,"2x 1 TB (NVMe), 2x 4 TB (NVMe)",10000,True,100TB @ 3Gbps,"Siauliai, LT",Lithuania,LT,1164,USD,1164.0,https://valebyte.com/en/servers/amd-threadripper-pro-7965wx-siauliai-lt/?utm_source=github&utm_medium=dataset&utm_campaign=dedicated-server-prices
[Dual] AMD EPYC 7763 2.45GHz 64 cores,[Dual] AMD EPYC 7763 2.45GHz 64 cores,64,128,,256 GB DDR4,256,2x 4 TB (SSD NVMe),8000,True,15 TB @ 1 Gbps,"New Delhi, IN",India,IN,953,EUR,1170.0,https://valebyte.com/en/servers/dual-amd-epyc-7763-245ghz-64-cores-new-delhi-in/?utm_source=github&utm_medium=dataset&utm_campaign=dedicated-server-prices
[Dual] AMD EPYC 7763 2.45GHz 64 cores,[Dual] AMD EPYC 7763 2.45GHz 64 cores,64,128,,256 GB DDR4,256,2x 4 TB (SSD NVMe),8000,True,15 TB @ 1 Gbps,"Pune, IN",India,IN,953,EUR,1170.0,https://valebyte.com/en/servers/dual-amd-epyc-7763-245ghz-64-cores-pune-in/?utm_source=github&utm_medium=dataset&utm_campaign=dedicated-server-prices
[Dual] AMD EPYC 7763 2.45GHz 64 cores,[Dual] AMD EPYC 7763 2.45GHz 64 cores,64,128,,256 GB DDR4,256,2x 4 TB (SSD NVMe),8000,True,15 TB @ 1 Gbps,"Mumbai, IN",India,IN,953,EUR,1170.0,https://valebyte.com/en/servers/dual-amd-epyc-7763-245ghz-64-cores-mumbai-in/?utm_source=github&utm_medium=dataset&utm_campaign=dedicated-server-prices
AMD EPYC 9375F,AMD EPYC 9375F,32,64,,384GB ECC REG DDR5,384,"2x 1 TB (NVMe), 2x 4 TB (NVMe)",10000,True,100TB @ 3Gbps,"Siauliai, LT",Lithuania,LT,1175,USD,1175.0,https://valebyte.com/en/servers/amd-epyc-9375f-siauliai-lt/?utm_source=github&utm_medium=dataset&utm_campaign=dedicated-server-prices
AMD EPYC 9375F,AMD EPYC 9375F,32,64,,384GB ECC REG DDR5,384,"2x 1 TB (NVMe), 2x 4 TB (NVMe)",10000,True,100TB @ 3Gbps,"Amsterdam, NL",Netherlands,NL,1175,USD,1175.0,https://valebyte.com/en/servers/amd-epyc-9375f-amsterdam-nl/?utm_source=github&utm_medium=dataset&utm_campaign=dedicated-server-prices
AMD EPYC 9375F,AMD EPYC 9375F,32,64,,384GB ECC REG DDR5,384,"2x 1 TB (NVMe), 2x 4 TB (NVMe)",10000,True,100TB @ 3Gbps,"Chicago, US",United States,US,1175,USD,1175.0,https://valebyte.com/en/servers/amd-epyc-9375f-chicago-us/?utm_source=github&utm_medium=dataset&utm_campaign=dedicated-server-prices
AMD EPYC 9375F,AMD EPYC 9375F,32,64,,384GB ECC REG DDR5,384,"2x 1 TB (NVMe), 2x 4 TB (NVMe)",10000,True,100TB @ 3Gbps,"Stockholm, SE",Sweden,SE,1175,USD,1175.0,https://valebyte.com/en/servers/amd-epyc-9375f-stockholm-se/?utm_source=github&utm_medium=dataset&utm_campaign=dedicated-server-prices
AMD EPYC 9375F,AMD EPYC 9375F,32,64,,384GB ECC REG DDR5,384,"2x 1 TB (NVMe), 2x 4 TB (NVMe)",10000,True,100TB @ 3Gbps,"Tokyo, JP",Japan,JP,1175,USD,1175.0,https://valebyte.com/en/servers/amd-epyc-9375f-tokyo-jp/?utm_source=github&utm_medium=dataset&utm_campaign=dedicated-server-prices
AMD EPYC 4564P 4.5GHz 16 cores,AMD EPYC 4564P 4.5GHz 16 cores,16,32,,192 GB DDR5,192,2x 480 GB (SSD SATA) & 2x 2 TB (SSD NVMe),4960,True,20 TB @ 10 Gbps,"Melbourne, AU",Australia,AU,972,EUR,1193.0,https://valebyte.com/en/servers/amd-epyc-4564p-45ghz-16-cores-melbourne-au-1/?utm_source=github&utm_medium=dataset&utm_campaign=dedicated-server-prices
AMD EPYC 4564P 4.5GHz 16 cores,AMD EPYC 4564P 4.5GHz 16 cores,16,32,,192 GB DDR5,192,2x 480 GB (SSD SATA) & 2x 2 TB (SSD NVMe),4960,True,20 TB @ 10 Gbps,"Buenos Aires, AR",Argentina,AR,972,EUR,1193.0,https://valebyte.com/en/servers/amd-epyc-4564p-45ghz-16-cores-buenos-aires-ar/?utm_source=github&utm_medium=dataset&utm_campaign=dedicated-server-prices
AMD EPYC 4564P 4.5GHz 16 cores,AMD EPYC 4564P 4.5GHz 16 cores,16,32,,192 GB DDR5,192,2x 480 GB (SSD SATA) & 2x 2 TB (SSD NVMe),4960,True,20 TB @ 10 Gbps,"Sao Paulo, BR",Brazil,BR,972,EUR,1193.0,https://valebyte.com/en/servers/amd-epyc-4564p-45ghz-16-cores-sao-paulo-br/?utm_source=github&utm_medium=dataset&utm_campaign=dedicated-server-prices
AMD EPYC 9654 2.4GHz 96 cores,AMD EPYC 9654 2.4GHz 96 cores,96,192,,128 GB DDR5,128,2x 960 GB (SSD NVMe),1920,True,25 TB @ 1 Gbps,"Mumbai, IN",India,IN,982,EUR,1206.0,https://valebyte.com/en/servers/amd-epyc-9654-24ghz-96-cores-mumbai-in/?utm_source=github&utm_medium=dataset&utm_campaign=dedicated-server-prices
AMD EPYC 9654 2.4GHz 96 cores,AMD EPYC 9654 2.4GHz 96 cores,96,192,,128 GB DDR5,128,2x 960 GB (SSD NVMe),1920,True,25 TB @ 1 Gbps,"Sydney, AU",Australia,AU,982,EUR,1206.0,https://valebyte.com/en/servers/amd-epyc-9654-24ghz-96-cores-sydney-au/?utm_source=github&utm_medium=dataset&utm_campaign=dedicated-server-prices
AMD EPYC 9654 2.4GHz 96 cores,AMD EPYC 9654 2.4GHz 96 cores,96,192,,128 GB DDR5,128,2x 960 GB (SSD NVMe),1920,True,Unmetered @ 5 Gbps,"Montreal, CA",Canada,CA,982,EUR,1206.0,https://valebyte.com/en/servers/amd-epyc-9654-24ghz-96-cores-montreal-ca/?utm_source=github&utm_medium=dataset&utm_campaign=dedicated-server-prices
AMD EPYC 9654 2.4GHz 96 cores,AMD EPYC 9654 2.4GHz 96 cores,96,192,,128 GB DDR5,128,2x 960 GB (SSD NVMe),1920,True,Unmetered @ 5 Gbps,"Toronto, CA",Canada,CA,982,EUR,1206.0,https://valebyte.com/en/servers/amd-epyc-9654-24ghz-96-cores-toronto-ca/?utm_source=github&utm_medium=dataset&utm_campaign=dedicated-server-prices
AMD EPYC 9654 2.4GHz 96 cores,AMD EPYC 9654 2.4GHz 96 cores,96,192,,128 GB DDR5,128,2x 960 GB (SSD NVMe),1920,True,25 TB @ 1 Gbps,"Singapore, SG",Singapore,SG,982,EUR,1206.0,https://valebyte.com/en/servers/amd-epyc-9654-24ghz-96-cores-singapore-sg/?utm_source=github&utm_medium=dataset&utm_campaign=dedicated-server-prices
AMD EPYC 8324P,"AMD EPYC 8324P, 32C/64T @ 2.6GHz",32,64,,256 GB DDR5,256,2x1.79TB (NVME),3580,True,Unmetered @ 1 Gbps,"Paris, FR",France,FR,991,EUR,1217.0,https://valebyte.com/en/servers/scaleway-em-i420e-nvme-paris-fr/?utm_source=github&utm_medium=dataset&utm_campaign=dedicated-server-prices
AMD EPYC 8124P,"AMD EPYC 8124P, 16C/32T @ 2.5GHz",16,32,,128 GB DDR5,128,4x3.58TB (NVME),14320,True,Unmetered @ 1 Gbps,"Paris, FR",France,FR,991,EUR,1217.0,https://valebyte.com/en/servers/amd-epyc-8124p-paris-fr/?utm_source=github&utm_medium=dataset&utm_campaign=dedicated-server-prices
AMD EPYC 8324P,"AMD EPYC 8324P, 32C/64T @ 2.6GHz",32,64,,256 GB DDR5,256,2x1.79TB (NVME),3580,True,Unmetered @ 1 Gbps,"Paris, FR",France,FR,991,EUR,1217.0,https://valebyte.com/en/servers/amd-epyc-8324p-paris-fr/?utm_source=github&utm_medium=dataset&utm_campaign=dedicated-server-prices
AMD EPYC 8324P,"AMD EPYC 8324P, 32C/64T @ 2.6GHz",32,64,,256 GB DDR5,256,2x1.79TB (NVME),3580,True,Unmetered @ 1 Gbps,"Amsterdam, NL",Netherlands,NL,991,EUR,1217.0,https://valebyte.com/en/servers/scaleway-em-i420e-nvme-amsterdam-nl/?utm_source=github&utm_medium=dataset&utm_campaign=dedicated-server-prices
AMD EPYC 8324P,"AMD EPYC 8324P, 32C/64T @ 2.6GHz",32,64,,256 GB DDR5,256,2x1.79TB (NVME),3580,True,Unmetered @ 1 Gbps,"Amsterdam, NL",Netherlands,NL,991,EUR,1217.0,https://valebyte.com/en/servers/amd-epyc-8324p-amsterdam-nl/?utm_source=github&utm_medium=dataset&utm_campaign=dedicated-server-prices
Intel Xeon E3-1230 v5 3GHz 4 cores,Intel Xeon E3-1230 v5 3GHz 4 cores,4,8,,8 GB DDR4,8,2x 500 GB (HDD SATA),1000,False,Unmetered @ 1 Gbps,"Tirana, AL",Albania,AL,1000,EUR,1228.0,https://valebyte.com/en/servers/intel-xeon-e3-1230-v5-3ghz-4-cores-tirana-al-1/?utm_source=github&utm_medium=dataset&utm_campaign=dedicated-server-prices
Intel Xeon E5-2620 v4 2GHz 8 cores,Intel Xeon E5-2620 v4 2GHz 8 cores,8,16,,16 GB DDR4,16,2x 500 GB (HDD SATA),1000,False,Unmetered @ 1 Gbps,"Tirana, AL",Albania,AL,1033,EUR,1268.0,https://valebyte.com/en/servers/intel-xeon-e5-2620-v4-2ghz-8-cores-tirana-al-1/?utm_source=github&utm_medium=dataset&utm_campaign=dedicated-server-prices
[Dual] Intel Xeon Gold 5318Y 2.1GHz 24 cores,[Dual] Intel Xeon Gold 5318Y 2.1GHz 24 cores,24,48,,256 GB DDR4,256,2x 480 GB (SSD NVMe) & 2x 4 TB (SSD SATA),8960,True,30 TB @ 1 Gbps,"London, UK",UK,UK,1045,EUR,1283.0,https://valebyte.com/en/servers/dual-intel-xeon-gold-5318y-21ghz-24-cores-london-uk/?utm_source=github&utm_medium=dataset&utm_campaign=dedicated-server-prices
[Dual] Intel Xeon Gold 5318Y 2.1GHz 24 cores,[Dual] Intel Xeon Gold 5318Y 2.1GHz 24 cores,24,48,,256 GB DDR4,256,2x 480 GB (SSD NVMe) & 2x 4 TB (SSD SATA),8960,True,30 TB @ 1 Gbps,"London, UK",UK,UK,1045,EUR,1283.0,https://valebyte.com/en/servers/dual-intel-xeon-gold-5318y-21ghz-24-cores-london-uk-1/?utm_source=github&utm_medium=dataset&utm_campaign=dedicated-server-prices
Intel Xeon Gold 6140 2.30GHz 2x 36 cores,Intel Xeon Gold 6140 2.30GHz 2x 36 cores,36,72,32762,768 GB DDR4,768,8 x 1 TB (NVMe SSD),8000,True,Unmetered @ 1 Gbps,"Paris, FR",France,FR,1056,EUR,1296.0,https://valebyte.com/en/servers/intel-xeon-gold-6140-2-30ghz-2x-36-768gb-8000gb-paris-fr-a61533/?utm_source=github&utm_medium=dataset&utm_campaign=dedicated-server-prices
[Dual] Intel Xeon E5-2620 v4 2GHz 8 cores,[Dual] Intel Xeon E5-2620 v4 2GHz 8 cores,8,16,,32 GB DDR4,32,2x 500 GB (HDD SATA),1000,False,Unmetered @ 1 Gbps,"Tirana, AL",Albania,AL,1066,EUR,1309.0,https://valebyte.com/en/servers/dual-intel-xeon-e5-2620-v4-2ghz-8-cores-tirana-al-1/?utm_source=github&utm_medium=dataset&utm_campaign=dedicated-server-prices
[Dual] AMD EPYC 9334 2.7GHz 32 cores,[Dual] AMD EPYC 9334 2.7GHz 32 cores,32,64,,256 GB DDR5,256,2x 960 GB (SSD NVMe),1920,True,25 TB @ 1 Gbps,"New Delhi, IN",India,IN,1106,EUR,1358.0,https://valebyte.com/en/servers/dual-amd-epyc-9334-27ghz-32-cores-new-delhi-in/?utm_source=github&utm_medium=dataset&utm_campaign=dedicated-server-prices
[Dual] AMD EPYC 9334 2.7GHz 32 cores,[Dual] AMD EPYC 9334 2.7GHz 32 cores,32,64,,256 GB DDR5,256,2x 960 GB (SSD NVMe),1920,True,25 TB @ 1 Gbps,"Pune, IN",India,IN,1106,EUR,1358.0,https://valebyte.com/en/servers/dual-amd-epyc-9334-27ghz-32-cores-pune-in/?utm_source=github&utm_medium=dataset&utm_campaign=dedicated-server-prices
[Dual] AMD EPYC 9334 2.7GHz 32 cores,[Dual] AMD EPYC 9334 2.7GHz 32 cores,32,64,,256 GB DDR5,256,2x 960 GB (SSD NVMe),1920,True,25 TB @ 1 Gbps,"Mumbai, IN",India,IN,1106,EUR,1358.0,https://valebyte.com/en/servers/dual-amd-epyc-9334-27ghz-32-cores-mumbai-in/?utm_source=github&utm_medium=dataset&utm_campaign=dedicated-server-prices
[Dual] Intel Xeon E5-2620 2GHz 6 cores,[Dual] Intel Xeon E5-2620 2GHz 6 cores,6,12,,256 GB DDR3,256,500 GB (SSD SATA),500,False,Unmetered @ 100 Mbps,"Nairobi, KE",Kenya,KE,1126,EUR,1382.0,https://valebyte.com/en/servers/dual-intel-xeon-e5-2620-2ghz-6-cores-nairobi-ke-4/?utm_source=github&utm_medium=dataset&utm_campaign=dedicated-server-prices
[Dual] AMD EPYC 9554 3.1GHz 64 cores,[Dual] AMD EPYC 9554 3.1GHz 64 cores,64,128,,256 GB DDR5,256,2x 960 GB (SSD NVMe),1920,True,25 TB @ 1 Gbps,"Mumbai, IN",India,IN,1198,EUR,1471.0,https://valebyte.com/en/servers/dual-amd-epyc-9554-31ghz-64-cores-mumbai-in/?utm_source=github&utm_medium=dataset&utm_campaign=dedicated-server-prices
[Dual] AMD EPYC 9554 3.1GHz 64 cores,[Dual] AMD EPYC 9554 3.1GHz 64 cores,64,128,,256 GB DDR5,256,2x 960 GB (SSD NVMe),1920,True,25 TB @ 1 Gbps,"New Delhi, IN",India,IN,1198,EUR,1471.0,https://valebyte.com/en/servers/dual-amd-epyc-9554-31ghz-64-cores-new-delhi-in/?utm_source=github&utm_medium=dataset&utm_campaign=dedicated-server-prices
[Dual] AMD EPYC 9554 3.1GHz 64 cores,[Dual] AMD EPYC 9554 3.1GHz 64 cores,64,128,,256 GB DDR5,256,2x 960 GB (SSD NVMe),1920,True,25 TB @ 1 Gbps,"Pune, IN",India,IN,1198,EUR,1471.0,https://valebyte.com/en/servers/dual-amd-epyc-9554-31ghz-64-cores-pune-in/?utm_source=github&utm_medium=dataset&utm_campaign=dedicated-server-prices
AMD Threadripper PRO 7975WX,AMD Threadripper PRO 7975WX,32,64,,768GB ECC REG DDR5,768,"2x 1 TB (NVMe), 2x 4 TB (NVMe)",10000,True,100TB @ 3Gbps,"Stockholm, SE",Sweden,SE,1484,USD,1484.0,https://valebyte.com/en/servers/amd-threadripper-pro-7975wx-stockholm-se/?utm_source=github&utm_medium=dataset&utm_campaign=dedicated-server-prices
AMD Threadripper PRO 7975WX,AMD Threadripper PRO 7975WX,32,64,,768GB ECC REG DDR5,768,"2x 1 TB (NVMe), 2x 4 TB (NVMe)",10000,True,100TB @ 3Gbps,"Chicago, US",United States,US,1484,USD,1484.0,https://valebyte.com/en/servers/amd-threadripper-pro-7975wx-chicago-us/?utm_source=github&utm_medium=dataset&utm_campaign=dedicated-server-prices
AMD Threadripper PRO 7975WX,AMD Threadripper PRO 7975WX,32,64,,768GB ECC REG DDR5,768,"2x 1 TB (NVMe), 2x 4 TB (NVMe)",10000,True,100TB @ 3Gbps,"Amsterdam, NL",Netherlands,NL,1484,USD,1484.0,https://valebyte.com/en/servers/amd-threadripper-pro-7975wx-amsterdam-nl/?utm_source=github&utm_medium=dataset&utm_campaign=dedicated-server-prices
AMD Threadripper PRO 7975WX,AMD Threadripper PRO 7975WX,32,64,,768GB ECC REG DDR5,768,"2x 1 TB (NVMe), 2x 4 TB (NVMe)",10000,True,100TB @ 3Gbps,"Frankfurt, DE",Germany,DE,1484,USD,1484.0,https://valebyte.com/en/servers/amd-threadripper-pro-7975wx-frankfurt-de/?utm_source=github&utm_medium=dataset&utm_campaign=dedicated-server-prices
AMD Threadripper PRO 7975WX,AMD Threadripper PRO 7975WX,32,64,,768GB ECC REG DDR5,768,"2x 1 TB (NVMe), 2x 4 TB (NVMe)",10000,True,100TB @ 3Gbps,"Tokyo, JP",Japan,JP,1484,USD,1484.0,https://valebyte.com/en/servers/amd-threadripper-pro-7975wx-tokyo-jp/?utm_source=github&utm_medium=dataset&utm_campaign=dedicated-server-prices
AMD Threadripper PRO 7975WX,AMD Threadripper PRO 7975WX,32,64,,768GB ECC REG DDR5,768,"2x 1 TB (NVMe), 2x 4 TB (NVMe)",10000,True,100TB @ 3Gbps,"Siauliai, LT",Lithuania,LT,1484,USD,1484.0,https://valebyte.com/en/servers/amd-threadripper-pro-7975wx-siauliai-lt/?utm_source=github&utm_medium=dataset&utm_campaign=dedicated-server-prices
Intel Xeon E3-1270 v6 3.8GHz 4 cores,Intel Xeon E3-1270 v6 3.8GHz 4 cores,4,8,,32 GB DDR4,32,1 TB (HDD SATA),1000,False,Unmetered @ 1 Gbps,"Seoul, KR",South Korea,KR,1219,EUR,1496.0,https://valebyte.com/en/servers/intel-xeon-e3-1270-v6-38ghz-4-cores-seoul-kr-1/?utm_source=github&utm_medium=dataset&utm_campaign=dedicated-server-prices
Intel Xeon E-2234 3.6GHz 4 cores,Intel Xeon E-2234 3.6GHz 4 cores,4,8,,32 GB DDR4,32,1 TB (HDD SATA),1000,False,Unmetered @ 1 Gbps,"Seoul, KR",South Korea,KR,1239,EUR,1521.0,https://valebyte.com/en/servers/intel-xeon-e-2234-36ghz-4-cores-seoul-kr-1/?utm_source=github&utm_medium=dataset&utm_campaign=dedicated-server-prices
Intel Xeon E-2246G 3.6GHz 6 cores,Intel Xeon E-2246G 3.6GHz 6 cores,6,12,,32 GB DDR4,32,1 TB (HDD SATA),1000,False,Unmetered @ 1 Gbps,"Seoul, KR",South Korea,KR,1249,EUR,1533.0,https://valebyte.com/en/servers/intel-xeon-e-2246g-36ghz-6-cores-seoul-kr-1/?utm_source=github&utm_medium=dataset&utm_campaign=dedicated-server-prices
AMD EPYC 8434P,"AMD EPYC 8434P, 48C/96T @ 2.5GHz",48,96,,384 GB DDR5,384,2x3.58TB (NVME),7160,True,Unmetered @ 1 Gbps,"Paris, FR",France,FR,1255,EUR,1541.0,https://valebyte.com/en/servers/scaleway-em-i520e-nvme-paris-fr/?utm_source=github&utm_medium=dataset&utm_campaign=dedicated-server-prices
AMD EPYC 8434P,"AMD EPYC 8434P, 48C/96T @ 2.5GHz",48,96,,384 GB DDR5,384,2x3.58TB (NVME),7160,True,Unmetered @ 1 Gbps,"Paris, FR",France,FR,1255,EUR,1541.0,https://valebyte.com/en/servers/amd-epyc-8434p-paris-fr/?utm_source=github&utm_medium=dataset&utm_campaign=dedicated-server-prices
AMD EPYC 8434P,"AMD EPYC 8434P, 48C/96T @ 2.5GHz",48,96,,384 GB DDR5,384,2x3.58TB (NVME),7160,True,Unmetered @ 1 Gbps,"Amsterdam, NL",Netherlands,NL,1255,EUR,1541.0,https://valebyte.com/en/servers/scaleway-em-i520e-nvme-amsterdam-nl/?utm_source=github&utm_medium=dataset&utm_campaign=dedicated-server-prices
AMD EPYC 8434P,"AMD EPYC 8434P, 48C/96T @ 2.5GHz",48,96,,384 GB DDR5,384,2x3.58TB (NVME),7160,True,Unmetered @ 1 Gbps,"Amsterdam, NL",Netherlands,NL,1255,EUR,1541.0,https://valebyte.com/en/servers/amd-epyc-8434p-amsterdam-nl/?utm_source=github&utm_medium=dataset&utm_campaign=dedicated-server-prices
AMD EPYC 7443 2.85GHz 24 cores,AMD EPYC 7443 2.85GHz 24 cores,24,48,,1 TB DDR4,1000,4x 4 TB (SSD NVMe),16000,True,10 TB @ 10 Gbps,"Tokyo, JP",Japan,JP,1270,EUR,1559.0,https://valebyte.com/en/servers/amd-epyc-7443-285ghz-24-cores-tokyo-jp/?utm_source=github&utm_medium=dataset&utm_campaign=dedicated-server-prices
AMD EPYC 4465P 3.4GHz 12 cores,AMD EPYC 4465P 3.4GHz 12 cores,12,24,,32 GB DDR5,32,2x 480 GB (SSD SATA),960,False,Unmetered @ 500 Mbps,"Auckland, NZ",New Zealand,NZ,1331,EUR,1634.0,https://valebyte.com/en/servers/amd-epyc-4465p-34ghz-12-cores-auckland-nz/?utm_source=github&utm_medium=dataset&utm_campaign=dedicated-server-prices
AMD EPYC 4465P 3.4GHz 12 cores,AMD EPYC 4465P 3.4GHz 12 cores,12,24,,32 GB DDR5,32,2x 480 GB (SSD SATA),960,False,Unmetered @ 500 Mbps,"Melbourne, AU",Australia,AU,1331,EUR,1634.0,https://valebyte.com/en/servers/amd-epyc-4465p-34ghz-12-cores-melbourne-au/?utm_source=github&utm_medium=dataset&utm_campaign=dedicated-server-prices
AMD EPYC 9474F 3.6GHz 48 cores,AMD EPYC 9474F 3.6GHz 48 cores,48,96,,768 GB DDR5,768,2x 960 GB (SSD NVMe) & 4x 4 TB (SSD NVMe),17920,True,100 TB @ 25 Gbps,"Amsterdam, NL",Netherlands,NL,1364,EUR,1674.0,https://valebyte.com/en/servers/amd-epyc-9474f-36ghz-48-cores-amsterdam-nl/?utm_source=github&utm_medium=dataset&utm_campaign=dedicated-server-prices
AMD EPYC 9474F 3.6GHz 48 cores,AMD EPYC 9474F 3.6GHz 48 cores,48,96,,768 GB DDR5,768,2x 960 GB (SSD NVMe) & 4x 4 TB (SSD NVMe),17920,True,100 TB @ 25 Gbps,"Frankfurt, DE",Germany,DE,1364,EUR,1674.0,https://valebyte.com/en/servers/amd-epyc-9474f-36ghz-48-cores-frankfurt-de/?utm_source=github&utm_medium=dataset&utm_campaign=dedicated-server-prices
AMD EPYC 4584PX 4.2GHz 16 cores,AMD EPYC 4584PX 4.2GHz 16 cores,16,32,,32 GB DDR5,32,2x 480 GB (SSD SATA),960,False,Unmetered @ 500 Mbps,"Auckland, NZ",New Zealand,NZ,1403,EUR,1722.0,https://valebyte.com/en/servers/amd-epyc-4584px-42ghz-16-cores-auckland-nz/?utm_source=github&utm_medium=dataset&utm_campaign=dedicated-server-prices
AMD EPYC 4584PX 4.2GHz 16 cores,AMD EPYC 4584PX 4.2GHz 16 cores,16,32,,32 GB DDR5,32,2x 480 GB (SSD SATA),960,False,Unmetered @ 500 Mbps,"Melbourne, AU",Australia,AU,1403,EUR,1722.0,https://valebyte.com/en/servers/amd-epyc-4584px-42ghz-16-cores-melbourne-au/?utm_source=github&utm_medium=dataset&utm_campaign=dedicated-server-prices
[Dual] Intel Xeon Gold 5515+ 3.2GHz 8 cores,[Dual] Intel Xeon Gold 5515+ 3.2GHz 8 cores,8,16,,256 GB DDR5,256,2x 960 GB (SSD NVMe) & 6x 4 TB (SSD NVMe),25920,True,Unmetered @ 10 Gbps,"Montreal, CA",Canada,CA,1423,EUR,1747.0,https://valebyte.com/en/servers/dual-intel-xeon-gold-5515-32ghz-8-cores-montreal-ca/?utm_source=github&utm_medium=dataset&utm_campaign=dedicated-server-prices
[Dual] Intel Xeon Gold 5515+ 3.2GHz 8 cores,[Dual] Intel Xeon Gold 5515+ 3.2GHz 8 cores,8,16,,256 GB DDR5,256,2x 960 GB (SSD NVMe) & 6x 4 TB (SSD NVMe),25920,True,Unmetered @ 10 Gbps,"Toronto, CA",Canada,CA,1423,EUR,1747.0,https://valebyte.com/en/servers/dual-intel-xeon-gold-5515-32ghz-8-cores-toronto-ca/?utm_source=github&utm_medium=dataset&utm_campaign=dedicated-server-prices
[Dual] Intel Xeon E5-2697 v4 2.3GHz 18 cores,[Dual] Intel Xeon E5-2697 v4 2.3GHz 18 cores,18,36,,768 GB DDR4,768,4x 2 TB (SSD SATA),8000,False,Unmetered @ 100 Mbps,"Tunis, TN",Tunisia,TN,1424,EUR,1748.0,https://valebyte.com/en/servers/dual-intel-xeon-e5-2697-v4-23ghz-18-cores-tunis-tn/?utm_source=github&utm_medium=dataset&utm_campaign=dedicated-server-prices
[Dual] Intel Xeon Gold 5318Y 2.1GHz 24 cores,[Dual] Intel Xeon Gold 5318Y 2.1GHz 24 cores,24,48,,256 GB DDR4,256,2x 480 GB (SSD NVMe) & 2x 4 TB (SSD SATA),8960,True,30 TB @ 1 Gbps,"London, UK",UK,UK,1474,EUR,1809.0,https://valebyte.com/en/servers/dual-intel-xeon-gold-5318y-21ghz-24-cores-london-uk-2/?utm_source=github&utm_medium=dataset&utm_campaign=dedicated-server-prices
AMD EPYC 8534P,"AMD EPYC 8534P, 64C/128T @ 2.3GHz",64,128,,512 GB DDR5,512,2x3.58TB (NVME),7160,True,Unmetered @ 1 Gbps,"Paris, FR",France,FR,1496,EUR,1836.0,https://valebyte.com/en/servers/scaleway-em-i620e-nvme-paris-fr/?utm_source=github&utm_medium=dataset&utm_campaign=dedicated-server-prices
AMD EPYC 8534P,"AMD EPYC 8534P, 64C/128T @ 2.3GHz",64,128,,512 GB DDR5,512,2x3.58TB (NVME),7160,True,Unmetered @ 1 Gbps,"Paris, FR",France,FR,1496,EUR,1836.0,https://valebyte.com/en/servers/amd-epyc-8534p-paris-fr/?utm_source=github&utm_medium=dataset&utm_campaign=dedicated-server-prices
AMD EPYC 8534P,"AMD EPYC 8534P, 64C/128T @ 2.3GHz",64,128,,512 GB DDR5,512,2x3.58TB (NVME),7160,True,Unmetered @ 1 Gbps,"Amsterdam, NL",Netherlands,NL,1496,EUR,1836.0,https://valebyte.com/en/servers/scaleway-em-i620e-nvme-amsterdam-nl/?utm_source=github&utm_medium=dataset&utm_campaign=dedicated-server-prices
AMD EPYC 8534P,"AMD EPYC 8534P, 64C/128T @ 2.3GHz",64,128,,512 GB DDR5,512,2x3.58TB (NVME),7160,True,Unmetered @ 1 Gbps,"Amsterdam, NL",Netherlands,NL,1496,EUR,1836.0,https://valebyte.com/en/servers/amd-epyc-8534p-amsterdam-nl/?utm_source=github&utm_medium=dataset&utm_campaign=dedicated-server-prices
AMD EPYC 9355P 3.55GHz 32 cores,AMD EPYC 9355P 3.55GHz 32 cores,32,64,,128 GB DDR5,128,2x 2 TB (SSD NVMe),4000,True,50 TB @ 1 Gbps,"Amsterdam, NL",Netherlands,NL,1628,EUR,1998.0,https://valebyte.com/en/servers/amd-epyc-9355p-355ghz-32-cores-amsterdam-nl-2/?utm_source=github&utm_medium=dataset&utm_campaign=dedicated-server-prices
AMD EPYC 9254 2.9GHz 24 cores,AMD EPYC 9254 2.9GHz 24 cores,24,48,,384 GB DDR4,384,2x 480 GB (SSD SATA) & 2x 4 TB (SSD NVMe),8960,True,20 TB @ 10 Gbps,"London, UK",UK,UK,1660,EUR,2038.0,https://valebyte.com/en/servers/amd-epyc-9254-29ghz-24-cores-london-uk/?utm_source=github&utm_medium=dataset&utm_campaign=dedicated-server-prices
[Dual] Intel Xeon E5-2640 v4 2.4GHz 10 cores,[Dual] Intel Xeon E5-2640 v4 2.4GHz 10 cores,10,20,,128 GB DDR4,128,2x 960 GB (SSD SATA),1920,False,Unmetered @ 1 Gbps,"Dubai, AE",United Arab Emirates,AE,1771,EUR,2174.0,https://valebyte.com/en/servers/dual-intel-xeon-e5-2640-v4-24ghz-10-cores-dubai-ae-1/?utm_source=github&utm_medium=dataset&utm_campaign=dedicated-server-prices
[Dual] AMD EPYC 9254 2.9GHz 24 cores,[Dual] AMD EPYC 9254 2.9GHz 24 cores,24,48,,256 GB DDR5,256,2x 960 GB (SSD NVMe),1920,True,25 TB @ 1 Gbps,"Singapore, SG",Singapore,SG,1791,EUR,2198.0,https://valebyte.com/en/servers/dual-amd-epyc-9254-29ghz-24-cores-singapore-sg/?utm_source=github&utm_medium=dataset&utm_campaign=dedicated-server-prices
Intel Xeon X3450 2.66GHz 4 cores,Intel Xeon X3450 2.66GHz 4 cores,4,8,,16 GB DDR3,16,240 GB (SSD SATA),240,False,Unmetered @ 1 Gbps,"San Jose, CR",Costa Rica,CR,1833,EUR,2250.0,https://valebyte.com/en/servers/intel-xeon-x3450-266ghz-4-cores-san-jose-cr-1/?utm_source=github&utm_medium=dataset&utm_campaign=dedicated-server-prices
[Dual] AMD EPYC 7552 2.2GHz 48 cores,[Dual] AMD EPYC 7552 2.2GHz 48 cores,48,96,,1 TB DDR4,1000,2x 960 GB (SSD NVMe) & 8x 4 TB (SSD NVMe),33920,True,3300 TB @ 10 Gbps,"London, UK",UK,UK,1870,EUR,2295.0,https://valebyte.com/en/servers/dual-amd-epyc-7552-22ghz-48-cores-london-uk/?utm_source=github&utm_medium=dataset&utm_campaign=dedicated-server-prices
[Dual] AMD EPYC 9254 2.9GHz 24 cores,[Dual] AMD EPYC 9254 2.9GHz 24 cores,24,48,,256 GB DDR5,256,2x 960 GB (SSD NVMe),1920,True,25 TB @ 1 Gbps,"Sydney, AU",Australia,AU,1945,EUR,2387.0,https://valebyte.com/en/servers/dual-amd-epyc-9254-29ghz-24-cores-sydney-au/?utm_source=github&utm_medium=dataset&utm_campaign=dedicated-server-prices
[Dual] Intel Xeon Silver 4114 2.2GHz 10 cores,[Dual] Intel Xeon Silver 4114 2.2GHz 10 cores,10,20,,128 GB DDR4,128,2x 960 GB (SSD SATA),1920,False,Unmetered @ 1 Gbps,"Dubai, AE",United Arab Emirates,AE,1945,EUR,2387.0,https://valebyte.com/en/servers/dual-intel-xeon-silver-4114-22ghz-10-cores-dubai-ae-1/?utm_source=github&utm_medium=dataset&utm_campaign=dedicated-server-prices
Intel Xeon E3-1240 v6 3.7GHz 4 cores,Intel Xeon E3-1240 v6 3.7GHz 4 cores,4,8,,16 GB DDR4,16,240 GB (SSD SATA),240,False,Unmetered @ 1 Gbps,"San Jose, CR",Costa Rica,CR,1946,EUR,2389.0,https://valebyte.com/en/servers/intel-xeon-e3-1240-v6-37ghz-4-cores-san-jose-cr-1/?utm_source=github&utm_medium=dataset&utm_campaign=dedicated-server-prices
AMD EPYC 9334 2.70GHz 32 cores,AMD EPYC 9334 2.70GHz 32 cores,32,64,64841,256 GB DDR5,256,2 x 3.84 TB (NVMe),7680,True,Unmetered @ 1 Gbps,"Paris, FR",France,FR,1980,EUR,2430.0,https://valebyte.com/en/servers/amd-epyc-9334-2-70ghz-32-256gb-7682gb-paris-fr-51da91/?utm_source=github&utm_medium=dataset&utm_campaign=dedicated-server-prices
[Dual] Intel Xeon Gold 6132 2.6GHz 14 cores,[Dual] Intel Xeon Gold 6132 2.6GHz 14 cores,14,28,,128 GB DDR4,128,2x 960 GB (SSD SATA),1920,False,Unmetered @ 1 Gbps,"Dubai, AE",United Arab Emirates,AE,2047,EUR,2512.0,https://valebyte.com/en/servers/dual-intel-xeon-gold-6132-26ghz-14-cores-dubai-ae-1/?utm_source=github&utm_medium=dataset&utm_campaign=dedicated-server-prices
Intel Xeon E-2146G 3.5GHz 6 cores,Intel Xeon E-2146G 3.5GHz 6 cores,6,12,,32 GB DDR4,32,240 GB (SSD SATA),240,False,Unmetered @ 1 Gbps,"San Jose, CR",Costa Rica,CR,2068,EUR,2538.0,https://valebyte.com/en/servers/intel-xeon-e-2146g-35ghz-6-cores-san-jose-cr-1/?utm_source=github&utm_medium=dataset&utm_campaign=dedicated-server-prices
AMD EPYC 9254 2.9GHz 24 cores,AMD EPYC 9254 2.9GHz 24 cores,24,48,,384 GB DDR4,384,2x 480 GB (SSD SATA) & 2x 4 TB (SSD NVMe),8960,True,20 TB @ 10 Gbps,"Singapore, SG",Singapore,SG,2078,EUR,2551.0,https://valebyte.com/en/servers/amd-epyc-9254-29ghz-24-cores-singapore-sg/?utm_source=github&utm_medium=dataset&utm_campaign=dedicated-server-prices
AMD EPYC 9254 2.9GHz 24 cores,AMD EPYC 9254 2.9GHz 24 cores,24,48,,384 GB DDR4,384,2x 480 GB (SSD SATA) & 2x 4 TB (SSD NVMe),8960,True,20 TB @ 10 Gbps,"Tokyo, JP",Japan,JP,2078,EUR,2551.0,https://valebyte.com/en/servers/amd-epyc-9254-29ghz-24-cores-tokyo-jp/?utm_source=github&utm_medium=dataset&utm_campaign=dedicated-server-prices
[Dual] Intel Xeon E5-2670 v3 2.3GHz 12 cores,[Dual] Intel Xeon E5-2670 v3 2.3GHz 12 cores,12,24,,64 GB DDR3,64,240 GB (SSD SATA),240,False,Unmetered @ 1 Gbps,"San Jose, CR",Costa Rica,CR,2079,EUR,2552.0,https://valebyte.com/en/servers/dual-intel-xeon-e5-2670-v3-23ghz-12-cores-san-jose-cr-1/?utm_source=github&utm_medium=dataset&utm_campaign=dedicated-server-prices
Intel Xeon Gold 6554S 2.2GHz 36 cores,Intel Xeon Gold 6554S 2.2GHz 36 cores,36,72,,128 GB DDR5,128,2x 960 GB (SSD NVMe) & 24x 22 TB (HDD SATA),529920,True,Unmetered @ 10 Gbps,"Lille, FR",France,FR,2090,EUR,2565.0,https://valebyte.com/en/servers/intel-xeon-gold-6554s-22ghz-36-cores-lille-fr/?utm_source=github&utm_medium=dataset&utm_campaign=dedicated-server-prices
Intel Xeon Gold 6554S 2.2GHz 36 cores,Intel Xeon Gold 6554S 2.2GHz 36 cores,36,72,,128 GB DDR5,128,2x 960 GB (SSD NVMe) & 24x 22 TB (HDD SATA),529920,True,Unmetered @ 10 Gbps,"Frankfurt, DE",Germany,DE,2090,EUR,2565.0,https://valebyte.com/en/servers/intel-xeon-gold-6554s-22ghz-36-cores-frankfurt-de/?utm_source=github&utm_medium=dataset&utm_campaign=dedicated-server-prices
Intel Xeon Gold 6554S 2.2GHz 36 cores,Intel Xeon Gold 6554S 2.2GHz 36 cores,36,72,,128 GB DDR5,128,2x 960 GB (SSD NVMe) & 24x 22 TB (HDD SATA),529920,True,Unmetered @ 10 Gbps,"London, UK",UK,UK,2090,EUR,2565.0,https://valebyte.com/en/servers/intel-xeon-gold-6554s-22ghz-36-cores-london-uk/?utm_source=github&utm_medium=dataset&utm_campaign=dedicated-server-prices
Intel Xeon Gold 6554S 2.2GHz 36 cores,Intel Xeon Gold 6554S 2.2GHz 36 cores,36,72,,128 GB DDR5,128,2x 960 GB (SSD NVMe) & 24x 22 TB (HDD SATA),529920,True,Unmetered @ 10 Gbps,"Warsaw, PL",Poland,PL,2090,EUR,2565.0,https://valebyte.com/en/servers/intel-xeon-gold-6554s-22ghz-36-cores-warsaw-pl/?utm_source=github&utm_medium=dataset&utm_campaign=dedicated-server-prices
[Dual] Intel Xeon E5-2680 v3 2.5GHz 12 cores,[Dual] Intel Xeon E5-2680 v3 2.5GHz 12 cores,12,24,,64 GB DDR3,64,240 GB (SSD SATA),240,False,Unmetered @ 1 Gbps,"San Jose, CR",Costa Rica,CR,2130,EUR,2614.0,https://valebyte.com/en/servers/dual-intel-xeon-e5-2680-v3-25ghz-12-cores-san-jose-cr-1/?utm_source=github&utm_medium=dataset&utm_campaign=dedicated-server-prices
AMD EPYC 9254 2.9GHz 24 cores,AMD EPYC 9254 2.9GHz 24 cores,24,48,,384 GB DDR4,384,2x 480 GB (SSD SATA) & 2x 4 TB (SSD NVMe),8960,True,20 TB @ 10 Gbps,"Sydney, AU",Australia,AU,2149,EUR,2638.0,https://valebyte.com/en/servers/amd-epyc-9254-29ghz-24-cores-sydney-au-1/?utm_source=github&utm_medium=dataset&utm_campaign=dedicated-server-prices
Intel Xeon Gold 6554S 2.2GHz 36 cores,Intel Xeon Gold 6554S 2.2GHz 36 cores,36,72,,128 GB DDR5,128,2x 960 GB (SSD NVMe) & 24x 22 TB (HDD SATA),529920,True,Unmetered @ 10 Gbps,"Montreal, CA",Canada,CA,2150,EUR,2639.0,https://valebyte.com/en/servers/intel-xeon-gold-6554s-22ghz-36-cores-montreal-ca/?utm_source=github&utm_medium=dataset&utm_campaign=dedicated-server-prices
Intel Xeon Gold 6554S 2.2GHz 36 cores,Intel Xeon Gold 6554S 2.2GHz 36 cores,36,72,,128 GB DDR5,128,2x 960 GB (SSD NVMe) & 24x 22 TB (HDD SATA),529920,True,Unmetered @ 10 Gbps,"Toronto, CA",Canada,CA,2150,EUR,2639.0,https://valebyte.com/en/servers/intel-xeon-gold-6554s-22ghz-36-cores-toronto-ca/?utm_source=github&utm_medium=dataset&utm_campaign=dedicated-server-prices
AMD EPYC 9254 2.9GHz 24 cores,AMD EPYC 9254 2.9GHz 24 cores,24,48,,384 GB DDR4,384,2x 480 GB (SSD SATA) & 2x 4 TB (SSD NVMe),8960,True,20 TB @ 10 Gbps,"Buenos Aires, AR",Argentina,AR,2189,EUR,2687.0,https://valebyte.com/en/servers/amd-epyc-9254-29ghz-24-cores-buenos-aires-ar/?utm_source=github&utm_medium=dataset&utm_campaign=dedicated-server-prices
AMD EPYC 9254 2.9GHz 24 cores,AMD EPYC 9254 2.9GHz 24 cores,24,48,,384 GB DDR4,384,2x 480 GB (SSD SATA) & 2x 4 TB (SSD NVMe),8960,True,20 TB @ 10 Gbps,"Sao Paulo, BR",Brazil,BR,2189,EUR,2687.0,https://valebyte.com/en/servers/amd-epyc-9254-29ghz-24-cores-sao-paulo-br/?utm_source=github&utm_medium=dataset&utm_campaign=dedicated-server-prices
AMD EPYC 9254 2.9GHz 24 cores,AMD EPYC 9254 2.9GHz 24 cores,24,48,,384 GB DDR4,384,2x 480 GB (SSD SATA) & 2x 4 TB (SSD NVMe),8960,True,20 TB @ 10 Gbps,"Mexico City, MX",Mexico,MX,2189,EUR,2687.0,https://valebyte.com/en/servers/amd-epyc-9254-29ghz-24-cores-mexico-city-mx/?utm_source=github&utm_medium=dataset&utm_campaign=dedicated-server-prices
[Dual] Intel Xeon Gold 6154 3GHz 18 cores,[Dual] Intel Xeon Gold 6154 3GHz 18 cores,18,36,,64 GB DDR4,64,240 GB (SSD SATA),240,False,Unmetered @ 1 Gbps,"San Jose, CR",Costa Rica,CR,2199,EUR,2699.0,https://valebyte.com/en/servers/dual-intel-xeon-gold-6154-3ghz-18-cores-san-jose-cr-1/?utm_source=github&utm_medium=dataset&utm_campaign=dedicated-server-prices
AMD EPYC 7402P 2.8GHz 24 cores,AMD EPYC 7402P 2.8GHz 24 cores,24,48,,384 GB DDR4,384,2x 4 TB (SSD NVMe),8000,True,Unmetered @ 1 Gbps,"Reykjavik, IS",Iceland,IS,2200,EUR,2700.0,https://valebyte.com/en/servers/amd-epyc-7402p-28ghz-24-cores-reykjavik-is/?utm_source=github&utm_medium=dataset&utm_campaign=dedicated-server-prices
AMD EPYC 9354P 3.25GHz 32 cores,AMD EPYC 9354P 3.25GHz 32 cores,32,64,,768 GB DDR5,768,2x 480 GB (SSD SATA) & 2x 8 TB (SSD NVMe),16960,True,20 TB @ 100 Gbps,"London, UK",UK,UK,2509,EUR,3079.0,https://valebyte.com/en/servers/amd-epyc-9354p-325ghz-32-cores-london-uk/?utm_source=github&utm_medium=dataset&utm_campaign=dedicated-server-prices
AMD EPYC 9354P 3.25GHz 32 cores,AMD EPYC 9354P 3.25GHz 32 cores,32,64,,768 GB DDR5,768,2x 480 GB (SSD SATA) & 2x 8 TB (SSD NVMe),16960,True,20 TB @ 100 Gbps,"Singapore, SG",Singapore,SG,2980,EUR,3657.0,https://valebyte.com/en/servers/amd-epyc-9354p-325ghz-32-cores-singapore-sg/?utm_source=github&utm_medium=dataset&utm_campaign=dedicated-server-prices
AMD EPYC 9354P 3.25GHz 32 cores,AMD EPYC 9354P 3.25GHz 32 cores,32,64,,768 GB DDR5,768,2x 480 GB (SSD SATA) & 2x 8 TB (SSD NVMe),16960,True,20 TB @ 100 Gbps,"Tokyo, JP",Japan,JP,2980,EUR,3657.0,https://valebyte.com/en/servers/amd-epyc-9354p-325ghz-32-cores-tokyo-jp/?utm_source=github&utm_medium=dataset&utm_campaign=dedicated-server-prices
AMD EPYC 9334,"AMD EPYC 9334, 32C/64T @ 2.7GHz",32,64,,256 GB DDR5,256,2x3.58TB (NVME),7160,True,Unmetered @ 1 Gbps,"Paris, FR",France,FR,3151,EUR,3867.0,https://valebyte.com/en/servers/scaleway-em-t220e-l40s-paris-fr/?utm_source=github&utm_medium=dataset&utm_campaign=dedicated-server-prices
AMD EPYC 9354P 3.25GHz 32 cores,AMD EPYC 9354P 3.25GHz 32 cores,32,64,,768 GB DDR5,768,2x 480 GB (SSD SATA) & 2x 8 TB (SSD NVMe),16960,True,20 TB @ 100 Gbps,"Sydney, AU",Australia,AU,3488,EUR,4281.0,https://valebyte.com/en/servers/amd-epyc-9354p-325ghz-32-cores-sydney-au/?utm_source=github&utm_medium=dataset&utm_campaign=dedicated-server-prices
AMD EPYC 9354P 3.25GHz 32 cores,AMD EPYC 9354P 3.25GHz 32 cores,32,64,,768 GB DDR5,768,2x 1 TB (SSD NVMe) & 2x 4 TB (SSD NVMe),10000,True,10 TB @ 25 Gbps,"Singapore, SG",Singapore,SG,3675,EUR,4510.0,https://valebyte.com/en/servers/amd-epyc-9354p-325ghz-32-cores-singapore-sg-1/?utm_source=github&utm_medium=dataset&utm_campaign=dedicated-server-prices
AMD EPYC 9354P 3.25GHz 32 cores,AMD EPYC 9354P 3.25GHz 32 cores,32,64,,768 GB DDR5,768,2x 480 GB (SSD SATA) & 2x 8 TB (SSD NVMe),16960,True,20 TB @ 100 Gbps,"Sao Paulo, BR",Brazil,BR,3733,EUR,4581.0,https://valebyte.com/en/servers/amd-epyc-9354p-325ghz-32-cores-sao-paulo-br/?utm_source=github&utm_medium=dataset&utm_campaign=dedicated-server-prices
AMD EPYC 9354P 3.25GHz 32 cores,AMD EPYC 9354P 3.25GHz 32 cores,32,64,,768 GB DDR5,768,2x 1 TB (SSD NVMe) & 2x 4 TB (SSD NVMe),10000,True,10 TB @ 25 Gbps,"Tokyo, JP",Japan,JP,3792,EUR,4654.0,https://valebyte.com/en/servers/amd-epyc-9354p-325ghz-32-cores-tokyo-jp-1/?utm_source=github&utm_medium=dataset&utm_campaign=dedicated-server-prices
AMD EPYC 9455P 3.15GHz 48 cores,AMD EPYC 9455P 3.15GHz 48 cores,48,96,,768 GB DDR5,768,2x 480 GB (SSD NVMe) & 2x 4 TB (SSD NVMe),8960,True,20 TB @ 10 Gbps,"Tokyo, JP",Japan,JP,4231,EUR,5193.0,https://valebyte.com/en/servers/amd-epyc-9455p-315ghz-48-cores-tokyo-jp/?utm_source=github&utm_medium=dataset&utm_campaign=dedicated-server-prices
AMD EPYC 9455P 3.15GHz 48 cores,AMD EPYC 9455P 3.15GHz 48 cores,48,96,,768 GB DDR5,768,2x 480 GB (SSD NVMe) & 2x 4 TB (SSD NVMe),8960,True,20 TB @ 10 Gbps,"Singapore, SG",Singapore,SG,4231,EUR,5193.0,https://valebyte.com/en/servers/amd-epyc-9455p-315ghz-48-cores-singapore-sg/?utm_source=github&utm_medium=dataset&utm_campaign=dedicated-server-prices
AMD EPYC 9334 2.70GHz 32 cores,AMD EPYC 9334 2.70GHz 32 cores,32,64,64841,512 GB DDR5,512,2 x 7.68 TB (NVMe),15360,True,Unmetered @ 1 Gbps,"Paris, FR",France,FR,4410,EUR,5412.0,https://valebyte.com/en/servers/amd-epyc-9334-2-70ghz-32-512gb-15363gb-paris-fr-d68af5/?utm_source=github&utm_medium=dataset&utm_campaign=dedicated-server-prices
AMD EPYC 9554P 3.1GHz 64 cores,AMD EPYC 9554P 3.1GHz 64 cores,64,128,,1.5 TB DDR5,1500,2x 480 GB (SSD SATA) & 4x 8 TB (SSD NVMe),32960,True,20 TB @ 100 Gbps,"Tokyo, JP",Japan,JP,5032,EUR,6175.0,https://valebyte.com/en/servers/amd-epyc-9554p-31ghz-64-cores-tokyo-jp/?utm_source=github&utm_medium=dataset&utm_campaign=dedicated-server-prices
Intel Xeon E-2246G 3.6GHz 6 cores,Intel Xeon E-2246G 3.6GHz 6 cores,6,12,,32 GB DDR4,32,2x 480 GB (SSD SATA),960,False,Unmetered @ 1 Gbps,"Lagos, NG",Nigeria,NG,5864,EUR,7196.0,https://valebyte.com/en/servers/intel-xeon-e-2246g-36ghz-6-cores-lagos-ng-1/?utm_source=github&utm_medium=dataset&utm_campaign=dedicated-server-prices
[Dual] Intel Xeon E5-2660 v3 2.6GHz 10 cores,[Dual] Intel Xeon E5-2660 v3 2.6GHz 10 cores,10,20,,128 GB DDR4,128,2x 480 GB (SSD SATA),960,False,Unmetered @ 1 Gbps,"Lagos, NG",Nigeria,NG,6157,EUR,7556.0,https://valebyte.com/en/servers/dual-intel-xeon-e5-2660-v3-26ghz-10-cores-lagos-ng-3/?utm_source=github&utm_medium=dataset&utm_campaign=dedicated-server-prices
[Dual] Intel Xeon E5-2660 v3 2.6GHz 10 cores,[Dual] Intel Xeon E5-2660 v3 2.6GHz 10 cores,10,20,,128 GB DDR4,128,2x 1 TB (SSD SATA),2000,False,Unmetered @ 1 Gbps,"Lagos, NG",Nigeria,NG,6255,EUR,7676.0,https://valebyte.com/en/servers/dual-intel-xeon-e5-2660-v3-26ghz-10-cores-lagos-ng-2/?utm_source=github&utm_medium=dataset&utm_campaign=dedicated-server-prices
